direction,regime,strategy,confidence,sl_pips,tp_pips,lot_size,outcome,pnl_pips,pnl_usd,won,entry_time,balance_before,balance_after
sell,low_vol,ema,0.8529,174.1,261.15,0.05,tp,261.15,130.58,True,1993-10-28 00:00:00,10000.0,10130.58
buy,low_vol,ema,1.0,151.4,227.10000000000002,0.07,tp,227.1,158.97,True,1994-03-15 00:00:00,10130.58,10289.55
sell,low_vol,ema,1.0,102.4,153.60000000000002,0.1,sl,-102.4,-102.4,False,1994-12-06 00:00:00,10289.55,10187.15
sell,low_vol,ema,1.0,169.2,253.79999999999998,0.06,tp,253.8,152.28,True,1995-12-05 00:00:00,10187.15,10339.43
buy,low_vol,ema,1.0,148.8,223.20000000000002,0.07,tp,223.2,156.24,True,1996-07-24 00:00:00,10339.43,10495.67
sell,low_vol,ema,1.0,116.1,174.14999999999998,0.09,sl,-116.1,-104.49,False,1996-09-17 00:00:00,10495.67,10391.18
buy,low_vol,ema,1.0,163.7,245.54999999999998,0.06,sl,-163.7,-98.22,False,1996-11-22 00:00:00,10391.18,10292.960000000001
sell,low_vol,ema,1.0,166.2,249.29999999999998,0.06,tp,249.3,149.58,True,1996-11-25 00:00:00,10292.960000000001,10442.54
buy,low_vol,ema,1.0,171.3,256.95000000000005,0.06,sl,-171.3,-102.78,False,1997-10-09 00:00:00,10442.54,10339.76
sell,low_vol,ema,1.0,122.3,183.45,0.08,sl,-122.3,-97.84,False,1997-12-08 00:00:00,10339.76,10241.92
buy,low_vol,ema,1.0,129.4,194.10000000000002,0.08,tp,194.1,155.28,True,1998-04-20 00:00:00,10241.92,10397.2
sell,low_vol,ema,1.0,145.6,218.39999999999998,0.07,sl,-145.6,-101.92,False,1998-07-02 00:00:00,10397.2,10295.28
buy,low_vol,ema,1.0,131.6,197.39999999999998,0.08,sl,-131.6,-105.28,False,1998-07-20 00:00:00,10295.28,10190.0
buy,low_vol,ema,0.9954,45.3,67.94999999999999,0.22,sl,-45.3,-99.66,False,2006-01-13 20:00:00,10190.0,10090.34
sell,low_vol,ema,0.9912,41.7,62.550000000000004,0.24,sl,-41.7,-100.08,False,2006-05-16 13:00:00,10090.34,9990.26
buy,low_vol,ema,1.0,46.4,69.6,0.22,sl,-46.4,-102.08,False,2006-05-16 14:00:00,9990.26,9888.18
sell,low_vol,ema,0.9999,57.5,86.25,0.17,sl,-57.5,-97.75,False,2006-05-17 19:00:00,9888.18,9790.43
buy,low_vol,ema,0.9985,51.4,77.1,0.19,sl,-51.4,-97.66,False,2006-05-22 20:00:00,9790.43,9692.77
sell,low_vol,ema,0.7966,42.5,63.75,0.16,sl,-42.5,-68.0,False,2006-05-24 07:00:00,9692.77,9624.77
buy,low_vol,ema,1.0,49.7,74.55000000000001,0.19,sl,-49.7,-94.43,False,2006-05-24 10:00:00,9624.77,9530.34
sell,low_vol,ema,1.0,44.5,66.75,0.21,sl,-44.5,-93.45,False,2006-05-26 15:00:00,9530.34,9436.89
buy,low_vol,ema,1.0,46.4,69.6,0.2,tp,69.6,139.2,True,2006-06-29 22:00:00,9436.89,9576.09
sell,low_vol,ema,1.0,43.6,65.4,0.22,sl,-43.6,-95.92,False,2006-08-09 02:00:00,9576.09,9480.17
sell,low_vol,ema,0.9999,46.4,48.00000000000137,0.2,timeout,48.0,96.0,True,2006-08-10 18:00:00,9480.17,9576.17
sell,low_vol,ema,1.0,51.9,77.85,0.18,sl,-51.9,-93.42,False,2007-10-22 17:00:00,9576.17,9482.75
sell,low_vol,ema,0.9996,40.6,60.900000000000006,0.23,sl,-40.6,-93.38,False,2007-11-12 14:00:00,9482.75,9389.37
buy,low_vol,ema,1.0,46.6,69.9,0.2,tp,69.9,139.8,True,2008-01-10 18:00:00,9389.37,9529.17
sell,low_vol,ema,1.0,53.7,80.55000000000001,0.18,tp,80.55,144.99,True,2008-01-16 16:00:00,9529.17,9674.16
sell,low_vol,ema,1.0,49.3,73.94999999999999,0.2,sl,-49.3,-98.6,False,2008-01-23 14:00:00,9674.16,9575.56
buy,low_vol,ema,1.0,57.5,86.25,0.17,sl,-57.5,-97.75,False,2008-04-14 12:00:00,9575.56,9477.81
sell,low_vol,ema,1.0,56.0,84.0,0.17,sl,-56.0,-95.2,False,2008-04-18 15:00:00,9477.81,9382.609999999999
buy,low_vol,ema,1.0,46.5,69.75,0.2,sl,-46.5,-93.0,False,2008-04-21 15:00:00,9382.609999999999,9289.609999999999
buy,low_vol,ema,1.0,14.999999999998348,62.099999999999994,0.62,timeout,-15.0,-93.0,False,2008-05-06 17:00:00,9289.609999999999,9196.609999999999
buy,low_vol,ema,1.0,43.9,65.85,0.21,sl,-43.9,-92.19,False,2008-05-12 16:00:00,9196.609999999999,9104.419999999998
sell,low_vol,ema,1.0,53.2,47.999999999999154,0.17,timeout,48.0,81.6,True,2008-06-10 11:00:00,9104.419999999998,9186.019999999999
sell,low_vol,ema,1.0,43.5,65.25,0.21,sl,-43.5,-91.35,False,2008-08-25 03:00:00,9186.019999999999,9094.669999999998
buy,low_vol,ema,0.7532,67.6,101.39999999999999,0.09,tp,101.4,91.26,True,2008-12-08 02:00:00,9094.669999999998,9185.929999999998
buy,low_vol,ema,1.0,46.9,70.35,0.2,tp,70.35,140.7,True,2008-12-26 09:00:00,9185.929999999998,9326.63
sell,low_vol,ema,0.9541,62.6,93.9,0.14,tp,93.9,131.46,True,2008-12-31 13:00:00,9326.63,9458.089999999998
buy,low_vol,ema,1.0,55.5,83.25,0.17,sl,-55.5,-94.35,False,2009-01-09 12:00:00,9458.089999999998,9363.739999999998
buy,low_vol,ema,0.9999,87.3,130.95,0.11,sl,-87.3,-96.03,False,2009-01-19 01:00:00,9363.739999999998,9267.709999999997
sell,low_vol,ema,0.9997,64.8,97.19999999999999,0.14,tp,97.2,136.08,True,2009-01-19 15:00:00,9267.709999999997,9403.789999999997
buy,low_vol,ema,0.9184,83.0,124.5,0.1,tp,124.5,124.5,True,2009-01-26 17:00:00,9403.789999999997,9528.289999999997
sell,low_vol,ema,1.0,57.0,85.5,0.17,sl,-57.0,-96.9,False,2009-01-29 11:00:00,9528.289999999997,9431.389999999998
buy,low_vol,ema,0.9999,62.6,93.9,0.15,sl,-62.6,-93.9,False,2009-01-29 14:00:00,9431.389999999998,9337.489999999998
sell,low_vol,ema,0.9998,67.8,101.69999999999999,0.14,tp,101.7,142.38,True,2009-01-29 16:00:00,9337.489999999998,9479.869999999997
buy,low_vol,ema,1.0,79.6,119.39999999999999,0.12,sl,-79.6,-95.52,False,2009-02-03 22:00:00,9479.869999999997,9384.349999999997
sell,low_vol,ema,0.9999,77.8,19.999999999997797,0.12,timeout,20.0,24.0,True,2009-02-04 17:00:00,9384.349999999997,9408.349999999997
buy,low_vol,ema,1.0,77.1,115.64999999999999,0.12,sl,-77.1,-92.52,False,2009-02-09 00:00:00,9408.349999999997,9315.829999999996
sell,low_vol,ema,1.0,74.9,112.35000000000001,0.12,sl,-74.9,-89.88,False,2009-02-11 05:00:00,9315.829999999996,9225.949999999997
buy,low_vol,ema,1.0,63.2,94.80000000000001,0.15,sl,-63.2,-94.8,False,2009-02-11 07:00:00,9225.949999999997,9131.149999999998
sell,low_vol,ema,1.0,71.4,107.10000000000001,0.13,sl,-71.4,-92.82,False,2009-02-11 19:00:00,9131.149999999998,9038.329999999998
buy,low_vol,ema,0.7385,86.0,129.0,0.07,tp,129.0,90.3,True,2009-02-20 20:00:00,9038.329999999998,9128.629999999997
sell,low_vol,ema,0.9998,64.8,97.19999999999999,0.14,sl,-64.8,-90.72,False,2009-02-26 02:00:00,9128.629999999997,9037.909999999998
buy,low_vol,ema,1.0,52.8,79.19999999999999,0.17,sl,-52.8,-89.76,False,2009-02-26 14:00:00,9037.909999999998,8948.149999999998
sell,low_vol,ema,1.0,56.8,85.19999999999999,0.16,tp,85.2,136.32,True,2009-02-26 16:00:00,8948.149999999998,9084.469999999998
buy,low_vol,ema,1.0,57.8,86.69999999999999,0.16,sl,-57.8,-92.48,False,2009-02-26 17:00:00,9084.469999999998,8991.989999999998
sell,low_vol,ema,1.0,61.4,92.1,0.15,tp,92.1,138.15,True,2009-02-26 21:00:00,8991.989999999998,9130.139999999998
buy,low_vol,ema,1.0,46.9,70.35,0.19,tp,70.35,133.66,True,2009-03-06 10:00:00,9130.139999999998,9263.799999999997
sell,low_vol,ema,1.0,50.6,75.9,0.18,sl,-50.6,-91.08,False,2009-03-25 09:00:00,9263.799999999997,9172.719999999998
sell,low_vol,ema,0.8347,61.6,92.4,0.11,tp,92.4,101.64,True,2009-03-27 12:00:00,9172.719999999998,9274.359999999997
sell,low_vol,ema,0.9999,45.5,68.25,0.2,tp,68.25,136.5,True,2009-04-07 07:00:00,9274.359999999997,9410.859999999997
buy,low_vol,ema,1.0,48.1,72.15,0.2,sl,-48.1,-96.2,False,2009-04-13 18:00:00,9410.859999999997,9314.659999999996
sell,low_vol,ema,0.9962,58.8,88.19999999999999,0.16,sl,-58.8,-94.08,False,2009-04-27 23:00:00,9314.659999999996,9220.579999999996
buy,low_vol,ema,1.0,50.7,76.05000000000001,0.18,tp,76.05,136.89,True,2009-04-29 00:00:00,9220.579999999996,9357.469999999996
sell,low_vol,ema,1.0,47.6,71.4,0.2,sl,-47.6,-95.2,False,2009-05-07 09:00:00,9357.469999999996,9262.269999999995
buy,low_vol,ema,1.0,44.9,67.35,0.21,sl,-44.9,-94.29,False,2009-05-07 11:00:00,9262.269999999995,9167.979999999994
sell,low_vol,ema,0.9987,57.2,85.80000000000001,0.16,tp,85.8,137.28,True,2009-05-15 18:00:00,9167.979999999994,9305.259999999995
buy,low_vol,ema,0.9983,69.2,103.80000000000001,0.13,tp,103.8,134.94,True,2009-05-28 21:00:00,9305.259999999995,9440.199999999995
sell,low_vol,ema,1.0,59.8,89.69999999999999,0.16,tp,89.7,143.52,True,2009-06-05 15:00:00,9440.199999999995,9583.719999999996
sell,low_vol,ema,0.8397,80.2,120.30000000000001,0.09,sl,-80.2,-72.18,False,2009-06-10 20:00:00,9583.719999999996,9511.539999999995
buy,low_vol,ema,1.0,62.4,93.6,0.15,sl,-62.4,-93.6,False,2009-06-11 17:00:00,9511.539999999995,9417.939999999995
sell,low_vol,ema,0.9671,67.0,100.5,0.13,tp,100.5,130.65,True,2009-06-12 18:00:00,9417.939999999995,9548.589999999995
sell,low_vol,ema,0.9985,40.2,60.300000000000004,0.24,sl,-40.2,-96.48,False,2009-06-22 08:00:00,9548.589999999995,9452.109999999995
buy,low_vol,ema,1.0,50.9,76.35,0.19,tp,76.35,145.07,True,2009-06-23 15:00:00,9452.109999999995,9597.179999999995
buy,low_vol,ema,1.0,56.2,84.30000000000001,0.17,sl,-56.2,-95.54,False,2009-07-09 18:00:00,9597.179999999995,9501.639999999994
buy,low_vol,ema,0.9987,40.1,60.150000000000006,0.24,sl,-40.1,-96.24,False,2009-07-24 09:00:00,9501.639999999994,9405.399999999994
buy,low_vol,ema,1.0,52.1,78.15,0.18,sl,-52.1,-93.78,False,2009-07-31 17:00:00,9405.399999999994,9311.619999999994
sell,low_vol,ema,1.0,53.2,79.80000000000001,0.18,tp,79.8,143.64,True,2009-08-07 16:00:00,9311.619999999994,9455.259999999993
buy,low_vol,ema,0.9996,41.2,61.800000000000004,0.23,tp,61.8,142.14,True,2009-08-13 09:00:00,9455.259999999993,9597.399999999992
buy,low_vol,ema,0.7969,49.2,73.80000000000001,0.14,sl,-49.2,-68.88,False,2009-08-19 19:00:00,9597.399999999992,9528.519999999993
sell,low_vol,ema,0.9735,43.2,64.80000000000001,0.21,sl,-43.2,-90.72,False,2009-08-26 18:00:00,9528.519999999993,9437.799999999994
buy,low_vol,ema,0.9411,52.1,78.15,0.17,sl,-52.1,-88.57,False,2009-08-27 21:00:00,9437.799999999994,9349.229999999994
sell,low_vol,ema,1.0,51.5,77.25,0.18,sl,-51.5,-92.7,False,2009-09-01 19:00:00,9349.229999999994,9256.529999999993
buy,low_vol,ema,0.9999,37.3,55.949999999999996,0.25,tp,55.95,139.88,True,2009-09-22 02:00:00,9256.529999999993,9396.409999999993
sell,low_vol,ema,0.9952,42.3,63.449999999999996,0.22,sl,-42.3,-93.06,False,2009-10-26 19:00:00,9396.409999999993,9303.349999999993
buy,low_vol,ema,0.9968,38.3,57.449999999999996,0.24,tp,57.45,137.88,True,2009-11-04 18:00:00,9303.349999999993,9441.229999999992
sell,low_vol,ema,1.0,20.000000000000018,71.1,0.47,timeout,-20.0,-94.0,False,2009-11-12 17:00:00,9441.229999999992,9347.229999999992
sell,low_vol,ema,1.0,38.0,57.0,0.25,tp,57.0,142.5,True,2009-11-17 14:00:00,9347.229999999992,9489.729999999992
buy,low_vol,ema,0.9994,40.4,60.599999999999994,0.23,sl,-40.4,-92.92,False,2009-11-18 17:00:00,9489.729999999992,9396.809999999992
sell,low_vol,ema,0.9909,30.1,45.150000000000006,0.31,sl,-30.1,-93.31,False,2009-11-19 08:00:00,9396.809999999992,9303.499999999993
buy,low_vol,ema,0.9504,36.1,54.150000000000006,0.24,sl,-36.1,-86.64,False,2009-11-23 09:00:00,9303.499999999993,9216.859999999993
sell,low_vol,ema,0.9584,46.9,70.35,0.18,tp,70.35,126.63,True,2009-11-27 05:00:00,9216.859999999993,9343.489999999993
sell,low_vol,ema,1.0,36.6,54.900000000000006,0.26,tp,54.9,142.74,True,2009-12-04 14:00:00,9343.489999999993,9486.229999999992
buy,low_vol,ema,0.9998,10.699999999999044,71.69999999999999,0.89,timeout,-10.7,-95.23,False,2010-01-04 15:00:00,9486.229999999992,9390.999999999993
sell,low_vol,ema,0.999,33.1,49.650000000000006,0.28,tp,49.65,139.02,True,2010-01-06 05:00:00,9390.999999999993,9530.019999999993
buy,low_vol,ema,0.9858,53.8,80.69999999999999,0.17,sl,-53.8,-91.46,False,2010-02-10 01:00:00,9530.019999999993,9438.559999999994
buy,low_vol,ema,0.9998,36.7,55.050000000000004,0.26,sl,-36.7,-95.42,False,2010-02-11 04:00:00,9438.559999999994,9343.139999999994
sell,low_vol,ema,0.9751,45.7,68.55000000000001,0.2,sl,-45.7,-91.4,False,2010-02-17 21:00:00,9343.139999999994,9251.739999999994
buy,low_vol,ema,0.9997,35.5,53.25,0.26,tp,53.25,138.45,True,2010-02-22 15:00:00,9251.739999999994,9390.189999999995
sell,low_vol,ema,0.9997,36.8,55.199999999999996,0.26,sl,-36.8,-95.68,False,2010-02-22 16:00:00,9390.189999999995,9294.509999999995
sell,low_vol,ema,0.9986,44.7,67.05000000000001,0.21,sl,-44.7,-93.87,False,2010-03-05 01:00:00,9294.509999999995,9200.639999999994
buy,low_vol,ema,0.9898,34.8,52.199999999999996,0.26,sl,-34.8,-90.48,False,2010-03-08 01:00:00,9200.639999999994,9110.159999999994
sell,low_vol,ema,0.9997,30.1,45.150000000000006,0.3,sl,-30.1,-90.3,False,2010-03-31 03:00:00,9110.159999999994,9019.859999999995
buy,low_vol,ema,1.0,43.7,65.55000000000001,0.21,tp,65.55,137.66,True,2010-04-09 17:00:00,9019.859999999995,9157.519999999995
buy,low_vol,ema,0.9992,35.0,52.5,0.26,sl,-35.0,-91.0,False,2010-04-30 12:00:00,9157.519999999995,9066.519999999995
sell,low_vol,ema,1.0,39.0,58.5,0.23,tp,58.5,134.55,True,2010-06-22 07:00:00,9066.519999999995,9201.069999999994
sell,low_vol,ema,1.0,39.6,59.400000000000006,0.23,tp,59.4,136.62,True,2010-06-28 22:00:00,9201.069999999994,9337.689999999995
sell,low_vol,ema,1.0,27.7,41.55,0.34,sl,-27.7,-94.18,False,2010-07-12 11:00:00,9337.689999999995,9243.509999999995
sell,low_vol,ema,0.9999,39.5,59.25,0.23,tp,59.25,136.27,True,2010-07-21 13:00:00,9243.509999999995,9379.779999999995
buy,low_vol,ema,0.9843,51.9,77.85,0.18,sl,-51.9,-93.42,False,2010-07-22 20:00:00,9379.779999999995,9286.359999999995
sell,low_vol,ema,0.9998,27.0,40.5,0.34,sl,-27.0,-91.8,False,2010-08-10 07:00:00,9286.359999999995,9194.559999999996
sell,low_vol,ema,0.9999,30.8,46.2,0.3,sl,-30.8,-92.4,False,2010-08-30 19:00:00,9194.559999999996,9102.159999999996
buy,low_vol,ema,0.9458,28.5,42.75,0.29,tp,42.75,123.98,True,2010-09-01 10:00:00,9102.159999999996,9226.139999999996
sell,low_vol,ema,0.9986,35.8,53.699999999999996,0.26,tp,53.7,139.62,True,2010-09-07 11:00:00,9226.139999999996,9365.759999999997
buy,low_vol,ema,0.963,35.3,52.949999999999996,0.25,tp,52.95,132.38,True,2010-09-13 05:00:00,9365.759999999997,9498.139999999996
sell,low_vol,ema,0.695,61.9,92.85,0.09,sl,-61.9,-55.71,False,2010-10-18 04:00:00,9498.139999999996,9442.429999999997
sell,low_vol,ema,1.0,46.0,69.0,0.21,tp,69.0,144.9,True,2010-10-26 15:00:00,9442.429999999997,9587.329999999996
sell,low_vol,ema,1.0,36.0,54.0,0.27,sl,-36.0,-97.2,False,2010-10-29 11:00:00,9587.329999999996,9490.129999999996
buy,low_vol,ema,1.0,51.5,77.25,0.18,tp,77.25,139.05,True,2010-10-29 16:00:00,9490.129999999996,9629.179999999995
sell,low_vol,ema,1.0,74.0,111.0,0.13,tp,111.0,144.3,True,2010-11-08 03:00:00,9629.179999999995,9773.479999999994
sell,low_vol,ema,1.0,40.6,60.900000000000006,0.24,sl,-40.6,-97.44,False,2010-12-09 12:00:00,9773.479999999994,9676.039999999994
buy,low_vol,ema,1.0,40.8,61.199999999999996,0.24,tp,61.2,146.88,True,2010-12-13 16:00:00,9676.039999999994,9822.919999999993
sell,low_vol,ema,0.8841,63.6,95.4,0.13,sl,-63.6,-82.68,False,2010-12-15 20:00:00,9822.919999999993,9740.239999999993
buy,low_vol,ema,1.0,29.2,43.8,0.33,sl,-29.2,-96.36,False,2010-12-27 12:00:00,9740.239999999993,9643.879999999992
buy,low_vol,ema,0.9959,39.0,58.5,0.25,tp,58.5,146.25,True,2010-12-29 19:00:00,9643.879999999992,9790.129999999992
sell,low_vol,ema,0.9812,31.8,47.7,0.3,tp,47.7,143.1,True,2011-01-05 08:00:00,9790.129999999992,9933.229999999992
buy,low_vol,ema,1.0,50.4,75.6,0.2,tp,75.6,151.2,True,2011-01-12 18:00:00,9933.229999999992,10084.429999999993
buy,low_vol,ema,1.0,41.8,62.699999999999996,0.24,sl,-41.8,-100.32,False,2011-01-31 16:00:00,10084.429999999993,9984.109999999993
sell,low_vol,ema,0.9999,45.1,67.65,0.22,tp,67.65,148.83,True,2011-02-03 17:00:00,9984.109999999993,10132.939999999993
buy,low_vol,ema,0.9921,33.6,50.400000000000006,0.3,tp,50.4,151.2,True,2011-02-09 14:00:00,10132.939999999993,10284.139999999994
sell,low_vol,ema,0.9962,36.4,54.599999999999994,0.28,sl,-36.4,-101.92,False,2011-02-10 16:00:00,10284.139999999994,10182.219999999994
sell,low_vol,ema,0.9998,55.4,83.1,0.18,sl,-55.4,-99.72,False,2011-03-17 00:00:00,10182.219999999994,10082.499999999995
buy,low_vol,ema,1.0,47.7,71.55000000000001,0.21,tp,71.55,150.26,True,2011-03-17 09:00:00,10082.499999999995,10232.759999999995
buy,low_vol,ema,1.0,38.4,57.599999999999994,0.27,sl,-38.4,-103.68,False,2011-03-24 16:00:00,10232.759999999995,10129.079999999994
sell,low_vol,ema,0.9968,42.5,63.75,0.24,sl,-42.5,-102.0,False,2011-03-25 18:00:00,10129.079999999994,10027.079999999994
buy,low_vol,ema,1.0,29.9,44.849999999999994,0.34,tp,44.85,152.49,True,2011-04-20 09:00:00,10027.079999999994,10179.569999999994
sell,low_vol,ema,1.0,63.5,95.25,0.16,tp,95.25,152.4,True,2011-05-05 16:00:00,10179.569999999994,10331.969999999994
sell,low_vol,ema,1.0,57.1,85.65,0.18,tp,85.65,154.17,True,2011-05-20 18:00:00,10331.969999999994,10486.139999999994
sell,low_vol,ema,1.0,48.0,72.0,0.22,tp,72.0,158.4,True,2011-06-09 17:00:00,10486.139999999994,10644.539999999994
buy,low_vol,ema,1.0,45.2,67.80000000000001,0.24,tp,67.8,162.72,True,2011-06-20 22:00:00,10644.539999999994,10807.259999999993
sell,low_vol,ema,0.9999,38.8,58.199999999999996,0.28,sl,-38.8,-108.64,False,2011-07-28 04:00:00,10807.259999999993,10698.619999999994
buy,low_vol,ema,0.9715,48.4,72.6,0.21,tp,72.6,152.46,True,2011-08-15 00:00:00,10698.619999999994,10851.079999999993
buy,low_vol,ema,1.0,23.9,35.849999999999994,0.45,sl,-23.9,-107.55,False,2011-08-26 07:00:00,10851.079999999993,10743.529999999993
sell,low_vol,ema,0.9999,46.6,69.9,0.23,tp,69.9,160.77,True,2011-08-30 21:00:00,10743.529999999993,10904.299999999994
buy,low_vol,ema,0.7935,43.8,65.69999999999999,0.18,tp,65.7,118.26,True,2011-09-15 13:00:00,10904.299999999994,11022.559999999994
sell,low_vol,ema,1.0,44.9,67.35,0.25,sl,-44.9,-112.25,False,2011-10-18 12:00:00,11022.559999999994,10910.309999999994
buy,low_vol,ema,1.0,51.8,77.69999999999999,0.21,sl,-51.8,-108.78,False,2011-10-20 13:00:00,10910.309999999994,10801.529999999993
sell,low_vol,ema,1.0,67.3,100.94999999999999,0.16,sl,-67.3,-107.68,False,2011-10-20 16:00:00,10801.529999999993,10693.849999999993
sell,low_vol,ema,0.9986,63.5,95.25,0.17,tp,95.25,161.93,True,2011-10-31 18:00:00,10693.849999999993,10855.779999999993
sell,low_vol,ema,1.0,46.8,70.19999999999999,0.23,tp,70.2,161.46,True,2011-11-09 12:00:00,10855.779999999993,11017.239999999993
sell,low_vol,ema,0.9998,47.9,49.600000000000755,0.23,timeout,49.6,114.08,True,2011-11-14 17:00:00,11017.239999999993,11131.319999999992
buy,low_vol,ema,1.0,68.0,102.0,0.16,sl,-68.0,-108.8,False,2011-11-30 15:00:00,11131.319999999992,11022.519999999993
buy,low_vol,ema,0.9618,23.8,35.7,0.44,sl,-23.8,-104.72,False,2011-12-07 08:00:00,11022.519999999993,10917.799999999994
sell,low_vol,ema,1.0,27.1,40.650000000000006,0.4,sl,-27.1,-108.4,False,2011-12-07 12:00:00,10917.799999999994,10809.399999999994
buy,low_vol,ema,1.0,29.5,44.25,0.37,sl,-29.5,-109.15,False,2011-12-20 16:00:00,10809.399999999994,10700.249999999995
buy,low_vol,ema,0.9999,20.9,31.349999999999998,0.51,sl,-20.9,-106.59,False,2011-12-22 10:00:00,10700.249999999995,10593.659999999994
sell,low_vol,ema,1.0,26.9,40.349999999999994,0.39,sl,-26.9,-104.91,False,2011-12-22 11:00:00,10593.659999999994,10488.749999999995
sell,low_vol,ema,0.9999,26.1,39.150000000000006,0.4,sl,-26.1,-104.4,False,2011-12-23 16:00:00,10488.749999999995,10384.349999999995
sell,low_vol,ema,1.0,22.2,33.3,0.47,tp,33.3,156.51,True,2011-12-28 15:00:00,10384.349999999995,10540.859999999995
buy,low_vol,ema,1.0,26.9,40.349999999999994,0.39,sl,-26.9,-104.91,False,2012-01-03 11:00:00,10540.859999999995,10435.949999999995
sell,low_vol,ema,0.9999,55.0,82.5,0.19,sl,-55.0,-104.5,False,2012-01-13 17:00:00,10435.949999999995,10331.449999999995
buy,low_vol,ema,1.0,37.1,55.650000000000006,0.28,sl,-37.1,-103.88,False,2012-01-17 13:00:00,10331.449999999995,10227.569999999996
buy,low_vol,ema,1.0,44.2,66.30000000000001,0.23,sl,-44.2,-101.66,False,2012-02-01 14:00:00,10227.569999999996,10125.909999999996
buy,low_vol,ema,1.0,44.4,66.6,0.23,tp,66.6,153.18,True,2012-02-07 14:00:00,10125.909999999996,10279.089999999997
buy,low_vol,ema,1.0,33.4,50.099999999999994,0.31,tp,50.1,155.31,True,2012-02-17 14:00:00,10279.089999999997,10434.399999999996
buy,low_vol,ema,1.0,38.5,57.75,0.27,sl,-38.5,-103.95,False,2012-03-08 16:00:00,10434.399999999996,10330.449999999995
sell,low_vol,ema,1.0,34.7,22.400000000000198,0.3,timeout,22.4,67.2,True,2012-03-09 16:00:00,10330.449999999995,10397.649999999996
buy,low_vol,ema,1.0,36.6,54.900000000000006,0.28,tp,54.9,153.72,True,2012-03-16 15:00:00,10397.649999999996,10551.369999999995
sell,low_vol,ema,1.0,38.2,57.300000000000004,0.28,sl,-38.2,-106.96,False,2012-03-22 15:00:00,10551.369999999995,10444.409999999996
sell,low_vol,ema,1.0,15.300000000000313,64.94999999999999,0.68,timeout,-15.3,-104.04,False,2012-04-03 20:00:00,10444.409999999996,10340.369999999995
buy,low_vol,ema,1.0,22.0,33.0,0.47,sl,-22.0,-103.4,False,2012-04-17 09:00:00,10340.369999999995,10236.969999999996
sell,low_vol,ema,1.0,25.3,37.95,0.4,sl,-25.3,-101.2,False,2012-04-18 12:00:00,10236.969999999996,10135.769999999995
sell,low_vol,ema,1.0,22.8,34.2,0.44,tp,34.2,150.48,True,2012-05-02 09:00:00,10135.769999999995,10286.249999999995
sell,low_vol,ema,0.991,33.5,50.25,0.3,tp,50.25,150.75,True,2012-05-22 18:00:00,10286.249999999995,10436.999999999995
sell,low_vol,ema,1.0,37.5,56.25,0.28,sl,-37.5,-105.0,False,2012-06-11 23:00:00,10436.999999999995,10331.999999999995
buy,low_vol,ema,1.0,31.0,46.5,0.33,tp,46.5,153.45,True,2012-06-13 14:00:00,10331.999999999995,10485.449999999995
sell,low_vol,ema,0.9934,41.8,23.200000000000998,0.25,timeout,23.2,58.0,True,2012-06-21 19:00:00,10485.449999999995,10543.449999999995
buy,low_vol,ema,0.9998,47.0,70.5,0.22,tp,70.5,155.1,True,2012-06-29 09:00:00,10543.449999999995,10698.549999999996
sell,low_vol,ema,1.0,24.3,36.45,0.44,sl,-24.3,-106.92,False,2012-07-04 16:00:00,10698.549999999996,10591.629999999996
buy,low_vol,ema,1.0,32.3,48.449999999999996,0.33,tp,48.45,159.88,True,2012-07-26 12:00:00,10591.629999999996,10751.509999999995
buy,low_vol,ema,1.0,46.6,69.9,0.23,sl,-46.6,-107.18,False,2012-08-03 17:00:00,10751.509999999995,10644.329999999994
buy,low_vol,ema,1.0,22.3,33.45,0.48,tp,33.45,160.56,True,2012-08-31 12:00:00,10644.329999999994,10804.889999999994
buy,low_vol,ema,0.9997,33.8,50.699999999999996,0.32,sl,-33.8,-108.16,False,2012-09-05 16:00:00,10804.889999999994,10696.729999999994
sell,low_vol,ema,0.7097,23.9,35.849999999999994,0.26,tp,35.85,93.21,True,2012-09-20 07:00:00,10696.729999999994,10789.939999999993
sell,low_vol,ema,1.0,36.1,54.150000000000006,0.3,sl,-36.1,-108.3,False,2012-09-28 17:00:00,10789.939999999993,10681.639999999994
buy,low_vol,ema,1.0,21.4,32.099999999999994,0.5,tp,32.1,160.5,True,2012-10-02 10:00:00,10681.639999999994,10842.139999999994
sell,low_vol,ema,1.0,22.0,33.0,0.49,sl,-22.0,-107.8,False,2012-10-09 11:00:00,10842.139999999994,10734.339999999995
buy,low_vol,ema,1.0,23.9,35.849999999999994,0.45,sl,-23.9,-107.55,False,2012-10-22 13:00:00,10734.339999999995,10626.789999999995
sell,low_vol,ema,1.0,16.7,25.049999999999997,0.64,tp,25.05,160.32,True,2012-10-23 10:00:00,10626.789999999995,10787.109999999995
sell,low_vol,ema,0.9303,26.4,39.599999999999994,0.37,tp,39.6,146.52,True,2012-11-01 18:00:00,10787.109999999995,10933.629999999996
sell,low_vol,ema,0.9989,27.3,40.95,0.4,sl,-27.3,-109.2,False,2012-11-16 18:00:00,10933.629999999996,10824.429999999995
sell,low_vol,ema,1.0,23.9,35.849999999999994,0.45,sl,-23.9,-107.55,False,2012-11-28 16:00:00,10824.429999999995,10716.879999999996
buy,low_vol,ema,0.9987,27.4,41.099999999999994,0.39,tp,41.1,160.29,True,2012-11-28 18:00:00,10716.879999999996,10877.169999999996
sell,low_vol,ema,0.9999,32.7,49.050000000000004,0.33,tp,49.05,161.86,True,2012-12-06 17:00:00,10877.169999999996,11039.029999999997
sell,low_vol,ema,0.9991,21.5,32.25,0.51,sl,-21.5,-109.65,False,2012-12-26 08:00:00,11039.029999999997,10929.379999999997
buy,low_vol,ema,0.9998,21.7,32.55,0.5,sl,-21.7,-108.5,False,2012-12-26 10:00:00,10929.379999999997,10820.879999999997
buy,low_vol,ema,1.0,39.2,58.800000000000004,0.28,sl,-39.2,-109.76,False,2013-01-02 03:00:00,10820.879999999997,10711.119999999997
buy,low_vol,ema,1.0,23.3,34.95,0.46,sl,-23.3,-107.18,False,2013-01-08 11:00:00,10711.119999999997,10603.939999999997
sell,low_vol,ema,1.0,30.3,45.45,0.35,sl,-30.3,-106.05,False,2013-01-08 14:00:00,10603.939999999997,10497.889999999998
buy,low_vol,ema,1.0,33.5,50.25,0.31,tp,50.25,155.78,True,2013-01-10 15:00:00,10497.889999999998,10653.669999999998
sell,low_vol,ema,0.9999,24.2,36.3,0.44,sl,-24.2,-106.48,False,2013-01-21 13:00:00,10653.669999999998,10547.189999999999
buy,low_vol,ema,0.9934,16.5,24.75,0.63,tp,24.75,155.93,True,2013-01-22 06:00:00,10547.189999999999,10703.119999999999
buy,low_vol,ema,1.0,25.9,38.849999999999994,0.41,sl,-25.9,-106.19,False,2013-01-23 13:00:00,10703.119999999999,10596.929999999998
sell,low_vol,ema,1.0,35.4,53.099999999999994,0.3,sl,-35.4,-106.2,False,2013-01-23 16:00:00,10596.929999999998,10490.729999999998
buy,low_vol,ema,1.0,31.6,47.400000000000006,0.33,tp,47.4,156.42,True,2013-01-24 13:00:00,10490.729999999998,10647.149999999998
sell,low_vol,ema,1.0,31.9,47.849999999999994,0.33,sl,-31.9,-105.27,False,2013-02-06 13:00:00,10647.149999999998,10541.879999999997
sell,low_vol,ema,1.0,19.4,29.099999999999998,0.54,sl,-19.4,-104.76,False,2013-02-14 08:00:00,10541.879999999997,10437.119999999997
sell,low_vol,ema,1.0,38.7,58.050000000000004,0.27,tp,58.05,156.74,True,2013-02-20 20:00:00,10437.119999999997,10593.859999999997
sell,low_vol,ema,1.0,43.4,65.1,0.24,sl,-43.4,-104.16,False,2013-03-08 18:00:00,10593.859999999997,10489.699999999997
sell,low_vol,ema,1.0,20.9,31.349999999999998,0.5,tp,31.35,156.75,True,2013-03-13 11:00:00,10489.699999999997,10646.449999999997
buy,low_vol,ema,0.9912,17.5,26.25,0.6,sl,-17.5,-105.0,False,2013-03-15 08:00:00,10646.449999999997,10541.449999999997
sell,low_vol,ema,1.0,53.8,80.69999999999999,0.2,sl,-53.8,-107.6,False,2013-03-18 03:00:00,10541.449999999997,10433.849999999997
buy,low_vol,ema,1.0,35.5,20.499999999998852,0.29,timeout,20.5,59.45,True,2013-03-22 16:00:00,10433.849999999997,10493.299999999997
sell,low_vol,ema,0.9583,50.2,75.30000000000001,0.2,tp,75.3,150.6,True,2013-03-25 19:00:00,10493.299999999997,10643.899999999998
sell,low_vol,ema,1.0,18.6,27.900000000000002,0.57,sl,-18.6,-106.02,False,2013-04-04 10:00:00,10643.899999999998,10537.879999999997
buy,low_vol,ema,1.0,49.7,60.39999999999823,0.21,timeout,60.4,126.84,True,2013-04-04 18:00:00,10537.879999999997,10664.719999999998
sell,low_vol,ema,0.9864,30.7,46.05,0.34,sl,-30.7,-104.38,False,2013-04-16 00:00:00,10664.719999999998,10560.339999999998
buy,low_vol,ema,1.0,35.5,53.25,0.3,tp,53.25,159.75,True,2013-04-16 13:00:00,10560.339999999998,10720.089999999998
buy,low_vol,ema,1.0,22.0,33.0,0.49,sl,-22.0,-107.8,False,2013-04-25 11:00:00,10720.089999999998,10612.289999999999
sell,low_vol,ema,1.0,32.0,48.0,0.33,sl,-32.0,-105.6,False,2013-04-25 17:00:00,10612.289999999999,10506.689999999999
buy,low_vol,ema,1.0,23.1,34.650000000000006,0.45,tp,34.65,155.93,True,2013-05-08 12:00:00,10506.689999999999,10662.619999999999
sell,low_vol,ema,1.0,43.3,0.8000000000008001,0.25,timeout,0.8,2.0,True,2013-05-09 21:00:00,10662.619999999999,10664.619999999999
buy,low_vol,ema,0.7744,39.4,59.099999999999994,0.18,tp,59.1,106.38,True,2013-05-23 18:00:00,10664.619999999999,10770.999999999998
sell,low_vol,ema,1.0,33.2,49.800000000000004,0.32,sl,-33.2,-106.24,False,2013-05-28 16:00:00,10770.999999999998,10664.759999999998
buy,low_vol,ema,1.0,38.2,57.300000000000004,0.28,tp,57.3,160.44,True,2013-05-29 17:00:00,10664.759999999998,10825.199999999999
buy,low_vol,ema,1.0,71.2,106.80000000000001,0.15,sl,-71.2,-106.8,False,2013-07-11 00:00:00,10825.199999999999,10718.4
sell,low_vol,ema,1.0,29.8,44.7,0.36,tp,44.7,160.92,True,2013-08-01 15:00:00,10718.4,10879.32
sell,low_vol,ema,1.0,17.2,25.799999999999997,0.63,sl,-17.2,-108.36,False,2013-08-12 11:00:00,10879.32,10770.96
buy,low_vol,ema,1.0,16.9,25.349999999999998,0.64,tp,25.35,162.24,True,2013-09-09 14:00:00,10770.96,10933.199999999999
buy,low_vol,ema,1.0,13.1,19.65,0.83,sl,-13.1,-108.73,False,2013-09-25 11:00:00,10933.199999999999,10824.47
buy,low_vol,ema,1.0,15.1,22.65,0.72,tp,22.65,163.08,True,2013-09-27 12:00:00,10824.47,10987.55
sell,low_vol,ema,0.9999,11.3,16.950000000000003,0.97,sl,-11.3,-109.61,False,2013-10-08 06:00:00,10987.55,10877.939999999999
sell,low_vol,ema,0.9742,20.4,30.599999999999998,0.51,sl,-20.4,-104.04,False,2013-10-29 14:00:00,10877.939999999999,10773.899999999998
buy,low_vol,ema,1.0,20.2,30.299999999999997,0.53,sl,-20.2,-107.06,False,2013-11-13 04:00:00,10773.899999999998,10666.839999999998
sell,low_vol,ema,1.0,36.1,54.150000000000006,0.3,sl,-36.1,-108.3,False,2013-11-20 20:00:00,10666.839999999998,10558.539999999999
buy,low_vol,ema,0.9989,20.0,30.0,0.53,tp,30.0,159.0,True,2013-11-22 11:00:00,10558.539999999999,10717.539999999999
sell,low_vol,ema,1.0,25.4,38.099999999999994,0.42,sl,-25.4,-106.68,False,2013-12-02 14:00:00,10717.539999999999,10610.859999999999
buy,low_vol,ema,0.999,21.2,31.799999999999997,0.5,sl,-21.2,-106.0,False,2013-12-03 18:00:00,10610.859999999999,10504.859999999999
sell,low_vol,ema,1.0,27.7,41.55,0.38,sl,-27.7,-105.26,False,2013-12-13 17:00:00,10504.859999999999,10399.599999999999
sell,low_vol,ema,1.0,40.8,16.500000000001513,0.25,timeout,16.5,41.25,True,2013-12-18 21:00:00,10399.599999999999,10440.849999999999
buy,low_vol,ema,0.9999,13.5,20.25,0.77,tp,20.25,155.92,True,2013-12-27 01:00:00,10440.849999999999,10596.769999999999
sell,low_vol,ema,1.0,30.3,45.45,0.35,tp,45.45,159.08,True,2014-01-02 12:00:00,10596.769999999999,10755.849999999999
buy,low_vol,ema,1.0,29.0,43.5,0.37,sl,-29.0,-107.3,False,2014-01-10 16:00:00,10755.849999999999,10648.55
sell,low_vol,ema,0.9998,19.8,29.700000000000003,0.54,tp,29.7,160.38,True,2014-01-15 11:00:00,10648.55,10808.929999999998
sell,low_vol,ema,1.0,20.8,31.200000000000003,0.52,tp,31.2,162.24,True,2014-01-30 08:00:00,10808.929999999998,10971.169999999998
buy,low_vol,ema,1.0,31.5,47.25,0.35,sl,-31.5,-110.25,False,2014-02-06 15:00:00,10971.169999999998,10860.919999999998
sell,low_vol,ema,1.0,24.6,36.900000000000006,0.44,sl,-24.6,-108.24,False,2014-02-12 16:00:00,10860.919999999998,10752.679999999998
buy,low_vol,ema,1.0,20.6,30.900000000000002,0.52,tp,30.9,160.68,True,2014-02-13 10:00:00,10752.679999999998,10913.359999999999
buy,low_vol,ema,1.0,16.7,25.049999999999997,0.65,sl,-16.7,-108.55,False,2014-02-21 15:00:00,10913.359999999999,10804.81
sell,low_vol,ema,1.0,18.7,28.049999999999997,0.58,tp,28.05,162.69,True,2014-02-26 15:00:00,10804.81,10967.5
buy,low_vol,ema,1.0,23.7,35.55,0.46,sl,-23.7,-109.02,False,2014-02-28 11:00:00,10967.5,10858.48
buy,low_vol,ema,1.0,26.0,39.0,0.42,tp,39.0,163.8,True,2014-03-06 14:00:00,10858.48,11022.279999999999
sell,low_vol,ema,1.0,29.8,44.7,0.37,tp,44.7,165.39,True,2014-03-19 20:00:00,11022.279999999999,11187.669999999998
buy,low_vol,ema,1.0,11.6,17.4,0.96,tp,17.4,167.04,True,2014-04-01 09:00:00,11187.669999999998,11354.71
buy,low_vol,ema,1.0,13.8,20.700000000000003,0.82,sl,-13.8,-113.16,False,2014-04-23 10:00:00,11354.71,11241.55
buy,low_vol,ema,0.9999,26.3,4.699999999999704,0.43,timeout,4.7,20.21,True,2014-04-30 17:00:00,11241.55,11261.759999999998
sell,low_vol,ema,0.8383,31.1,46.650000000000006,0.28,tp,46.65,130.62,True,2014-05-08 19:00:00,11261.759999999998,11392.38
sell,low_vol,ema,1.0,13.8,20.700000000000003,0.83,sl,-13.8,-114.54,False,2014-06-02 10:00:00,11392.38,11277.839999999998
buy,low_vol,ema,0.8743,18.7,28.049999999999997,0.49,sl,-18.7,-91.63,False,2014-06-03 19:00:00,11277.839999999998,11186.21
sell,low_vol,ema,0.8908,9.4,14.100000000000001,1.0,sl,-9.4,-94.0,False,2014-06-04 08:00:00,11186.21,11092.21
buy,low_vol,ema,1.0,13.7,20.549999999999997,0.81,sl,-13.7,-110.97,False,2014-06-04 13:00:00,11092.21,10981.24
sell,low_vol,ema,0.6848,18.7,28.049999999999997,0.32,sl,-18.7,-59.84,False,2014-06-04 19:00:00,10981.24,10921.4
sell,low_vol,ema,1.0,19.9,29.849999999999998,0.55,tp,29.85,164.18,True,2014-06-09 16:00:00,10921.4,11085.58
sell,low_vol,ema,0.9687,2.8999999999990145,27.299999999999997,3.65,timeout,-2.9,-105.85,False,2014-06-17 18:00:00,11085.58,10979.73
buy,low_vol,ema,1.0,11.2,16.799999999999997,0.98,sl,-11.2,-109.76,False,2014-06-18 15:00:00,10979.73,10869.97
buy,low_vol,ema,1.0,13.1,19.65,0.83,sl,-13.1,-108.73,False,2014-07-09 16:00:00,10869.97,10761.24
buy,low_vol,ema,1.0,12.0,18.0,0.9,sl,-12.0,-108.0,False,2014-07-14 13:00:00,10761.24,10653.24
sell,low_vol,ema,1.0,14.3,21.450000000000003,0.74,sl,-14.3,-105.82,False,2014-07-15 12:00:00,10653.24,10547.42
buy,low_vol,ema,1.0,15.7,23.549999999999997,0.67,sl,-15.7,-105.19,False,2014-07-15 13:00:00,10547.42,10442.23
sell,low_vol,ema,1.0,17.6,26.400000000000002,0.59,tp,26.4,155.76,True,2014-07-15 14:00:00,10442.23,10597.99
buy,low_vol,ema,0.9804,25.6,38.400000000000006,0.4,sl,-25.6,-102.4,False,2014-08-08 17:00:00,10597.99,10495.59
buy,low_vol,ema,1.0,20.299999999999763,34.05,0.52,timeout,-20.3,-105.56,False,2014-08-14 16:00:00,10495.59,10390.03
buy,low_vol,ema,1.0,16.6,24.900000000000002,0.63,sl,-16.6,-104.58,False,2014-08-15 14:00:00,10390.03,10285.45
buy,low_vol,ema,0.9998,29.4,44.099999999999994,0.35,sl,-29.4,-102.9,False,2014-09-12 21:00:00,10285.45,10182.550000000001
sell,low_vol,ema,1.0,17.8,26.700000000000003,0.57,sl,-17.8,-101.46,False,2014-09-15 14:00:00,10182.550000000001,10081.090000000002
buy,low_vol,ema,1.0,21.3,31.950000000000003,0.47,sl,-21.3,-100.11,False,2014-09-15 17:00:00,10081.090000000002,9980.980000000001
sell,low_vol,ema,1.0,23.0,34.5,0.43,sl,-23.0,-98.9,False,2014-09-15 18:00:00,9980.980000000001,9882.080000000002
buy,low_vol,ema,0.9998,19.8,29.700000000000003,0.5,sl,-19.8,-99.0,False,2014-09-16 03:00:00,9882.080000000002,9783.080000000002
sell,low_vol,ema,1.0,13.9,20.85,0.7,sl,-13.9,-97.3,False,2014-09-16 08:00:00,9783.080000000002,9685.780000000002
buy,low_vol,ema,1.0,14.2,21.299999999999997,0.68,tp,21.3,144.84,True,2014-09-16 10:00:00,9685.780000000002,9830.620000000003
sell,low_vol,ema,1.0,37.1,55.650000000000006,0.26,sl,-37.1,-96.46,False,2014-09-17 21:00:00,9830.620000000003,9734.160000000003
buy,low_vol,ema,1.0,34.1,51.150000000000006,0.29,sl,-34.1,-98.89,False,2014-10-07 09:00:00,9734.160000000003,9635.270000000004
sell,low_vol,ema,1.0,30.1,45.150000000000006,0.32,sl,-30.1,-96.32,False,2014-10-07 12:00:00,9635.270000000004,9538.950000000004
buy,low_vol,ema,1.0,37.5,56.25,0.25,tp,56.25,140.62,True,2014-10-07 15:00:00,9538.950000000004,9679.570000000005
sell,low_vol,ema,1.0,29.9,44.849999999999994,0.32,sl,-29.9,-95.68,False,2014-10-10 17:00:00,9679.570000000005,9583.890000000005
buy,low_vol,ema,0.9999,28.2,42.3,0.34,tp,42.3,143.82,True,2014-10-13 12:00:00,9583.890000000005,9727.710000000005
sell,low_vol,ema,1.0,33.6,50.400000000000006,0.29,tp,50.4,146.16,True,2014-11-21 12:00:00,9727.710000000005,9873.870000000004
buy,low_vol,ema,0.9997,33.1,49.650000000000006,0.3,sl,-33.1,-99.3,False,2014-12-01 19:00:00,9873.870000000004,9774.570000000005
buy,low_vol,ema,1.0,30.2,45.3,0.32,tp,45.3,144.96,True,2014-12-09 16:00:00,9774.570000000005,9919.530000000004
sell,low_vol,ema,1.0,50.3,75.44999999999999,0.2,tp,75.45,150.9,True,2014-12-17 21:00:00,9919.530000000004,10070.430000000004
sell,low_vol,ema,0.9122,40.4,60.599999999999994,0.22,sl,-40.4,-88.88,False,2015-02-05 08:00:00,10070.430000000004,9981.550000000005
sell,low_vol,ema,0.9076,29.9,44.849999999999994,0.29,sl,-29.9,-86.71,False,2015-02-17 01:00:00,9981.550000000005,9894.840000000006
sell,low_vol,ema,0.9898,36.9,55.349999999999994,0.26,tp,55.35,143.91,True,2015-02-19 22:00:00,9894.840000000006,10038.750000000005
buy,low_vol,ema,0.9961,26.6,39.900000000000006,0.38,sl,-26.6,-101.08,False,2015-02-25 20:00:00,10038.750000000005,9937.670000000006
sell,low_vol,ema,1.0,31.0,46.5,0.32,sl,-31.0,-99.2,False,2015-03-27 09:00:00,9937.670000000006,9838.470000000005
sell,low_vol,ema,1.0,23.3,34.95,0.42,sl,-23.3,-97.86,False,2015-04-21 10:00:00,9838.470000000005,9740.610000000004
buy,low_vol,ema,1.0,42.8,64.19999999999999,0.23,tp,64.2,147.66,True,2015-04-23 16:00:00,9740.610000000004,9888.270000000004
sell,low_vol,ema,0.9189,54.2,81.30000000000001,0.16,sl,-54.2,-86.72,False,2015-05-08 22:00:00,9888.270000000004,9801.550000000005
buy,low_vol,ema,1.0,39.6,59.400000000000006,0.25,sl,-39.6,-99.0,False,2015-05-12 16:00:00,9801.550000000005,9702.550000000005
buy,low_vol,ema,1.0,34.7,52.050000000000004,0.28,sl,-34.7,-97.16,False,2015-05-29 15:00:00,9702.550000000005,9605.390000000005
sell,low_vol,ema,1.0,27.6,41.400000000000006,0.35,sl,-27.6,-96.6,False,2015-06-01 10:00:00,9605.390000000005,9508.790000000005
buy,low_vol,ema,1.0,35.7,53.550000000000004,0.27,tp,53.55,144.58,True,2015-06-02 13:00:00,9508.790000000005,9653.370000000004
buy,low_vol,ema,1.0,50.7,76.05000000000001,0.19,tp,76.05,144.5,True,2015-06-08 17:00:00,9653.370000000004,9797.870000000004
sell,low_vol,ema,0.9987,28.5,42.75,0.34,sl,-28.5,-96.9,False,2015-06-12 09:00:00,9797.870000000004,9700.970000000005
buy,low_vol,ema,0.9917,45.3,67.94999999999999,0.21,sl,-45.3,-95.13,False,2015-06-15 22:00:00,9700.970000000005,9605.840000000006
sell,low_vol,ema,1.0,31.9,47.849999999999994,0.3,tp,47.85,143.55,True,2015-06-23 07:00:00,9605.840000000006,9749.390000000005
sell,low_vol,ema,1.0,33.5,50.25,0.29,sl,-33.5,-97.15,False,2015-06-30 11:00:00,9749.390000000005,9652.240000000005
buy,low_vol,ema,1.0,44.5,66.75,0.22,sl,-44.5,-97.9,False,2015-06-30 15:00:00,9652.240000000005,9554.340000000006
sell,low_vol,ema,1.0,54.0,81.0,0.18,tp,81.0,145.8,True,2015-06-30 17:00:00,9554.340000000006,9700.140000000005
buy,low_vol,ema,1.0,38.9,58.349999999999994,0.25,sl,-38.9,-97.25,False,2015-07-09 01:00:00,9700.140000000005,9602.890000000005
buy,low_vol,ema,1.0,40.7,61.050000000000004,0.24,tp,61.05,146.52,True,2015-07-10 04:00:00,9602.890000000005,9749.410000000005
sell,low_vol,ema,0.9707,38.4,57.599999999999994,0.24,tp,57.6,138.24,True,2015-07-30 02:00:00,9749.410000000005,9887.650000000005
buy,low_vol,ema,0.9386,48.3,72.44999999999999,0.19,tp,72.45,137.65,True,2015-08-07 20:00:00,9887.650000000005,10025.300000000005
sell,low_vol,ema,0.8616,34.9,2.1999999999988695,0.23,timeout,2.2,5.06,True,2015-08-17 19:00:00,10025.300000000005,10030.360000000004
sell,low_vol,ema,0.9966,55.6,83.4,0.18,tp,83.4,150.12,True,2015-08-27 00:00:00,10030.360000000004,10180.480000000005
buy,low_vol,ema,0.9902,45.2,67.80000000000001,0.22,sl,-45.2,-99.44,False,2015-09-02 00:00:00,10180.480000000005,10081.040000000005
buy,low_vol,ema,0.9977,25.0,37.5,0.4,sl,-25.0,-100.0,False,2015-09-09 00:00:00,10081.040000000005,9981.040000000005
buy,low_vol,ema,0.8073,36.5,54.75,0.2,sl,-36.5,-73.0,False,2015-09-10 00:00:00,9981.040000000005,9908.040000000005
buy,low_vol,ema,0.992,33.7,50.550000000000004,0.29,tp,50.55,146.6,True,2015-09-16 20:00:00,9908.040000000005,10054.640000000005
sell,low_vol,ema,1.0,31.3,46.95,0.32,sl,-31.3,-100.16,False,2015-10-06 00:00:00,10054.640000000005,9954.480000000005
buy,low_vol,ema,1.0,28.2,42.3,0.35,sl,-28.2,-98.7,False,2015-11-02 15:00:00,9954.480000000005,9855.780000000004
sell,low_vol,ema,1.0,31.0,46.5,0.32,sl,-31.0,-99.2,False,2015-11-13 16:00:00,9855.780000000004,9756.580000000004
buy,low_vol,ema,1.0,33.7,50.550000000000004,0.29,sl,-33.7,-97.73,False,2015-11-19 17:00:00,9756.580000000004,9658.850000000004
sell,low_vol,ema,1.0,29.8,44.7,0.32,tp,44.7,143.04,True,2015-11-20 17:00:00,9658.850000000004,9801.890000000005
buy,low_vol,ema,0.6775,25.7,38.55,0.21,sl,-25.7,-53.97,False,2015-12-01 21:00:00,9801.890000000005,9747.920000000006
sell,low_vol,ema,1.0,23.6,35.400000000000006,0.41,sl,-23.6,-96.76,False,2015-12-02 17:00:00,9747.920000000006,9651.160000000005
buy,low_vol,ema,1.0,59.3,88.94999999999999,0.16,tp,88.95,142.32,True,2015-12-03 15:00:00,9651.160000000005,9793.480000000005
sell,low_vol,ema,1.0,34.0,51.0,0.29,sl,-34.0,-98.6,False,2015-12-16 00:00:00,9793.480000000005,9694.880000000005
buy,low_vol,ema,1.0,28.4,42.599999999999994,0.34,tp,42.6,144.84,True,2015-12-21 20:00:00,9694.880000000005,9839.720000000005
sell,low_vol,ema,1.0,29.3,43.95,0.34,sl,-29.3,-99.62,False,2016-01-12 16:00:00,9839.720000000005,9740.100000000004
sell,low_vol,ema,1.0,19.4,29.099999999999998,0.5,sl,-19.4,-97.0,False,2016-01-19 11:00:00,9740.100000000004,9643.100000000004
buy,low_vol,ema,0.9998,21.200000000001218,41.55,0.45,timeout,-21.2,-95.4,False,2016-01-19 19:00:00,9643.100000000004,9547.700000000004
sell,low_vol,ema,0.999,18.4,27.599999999999998,0.52,tp,27.6,143.52,True,2016-03-10 13:00:00,9547.700000000004,9691.220000000005
buy,low_vol,ema,1.0,79.2,118.80000000000001,0.12,sl,-79.2,-95.04,False,2016-03-10 17:00:00,9691.220000000005,9596.180000000004
sell,low_vol,ema,1.0,20.4,30.599999999999998,0.47,sl,-20.4,-95.88,False,2016-03-16 16:00:00,9596.180000000004,9500.300000000005
buy,low_vol,ema,1.0,38.6,57.900000000000006,0.25,tp,57.9,144.75,True,2016-03-16 20:00:00,9500.300000000005,9645.050000000005
sell,low_vol,ema,0.8792,29.9,44.849999999999994,0.27,tp,44.85,121.1,True,2016-03-22 19:00:00,9645.050000000005,9766.150000000005
buy,low_vol,ema,0.9955,19.9,29.849999999999998,0.49,sl,-19.9,-97.51,False,2016-03-28 22:00:00,9766.150000000005,9668.640000000005
buy,low_vol,ema,1.0,25.9,38.849999999999994,0.37,sl,-25.9,-95.83,False,2016-04-08 17:00:00,9668.640000000005,9572.810000000005
sell,low_vol,ema,1.0,19.3,28.950000000000003,0.5,tp,28.95,144.75,True,2016-05-05 15:00:00,9572.810000000005,9717.560000000005
buy,low_vol,ema,0.999,22.2,33.3,0.44,sl,-22.2,-97.68,False,2016-05-11 20:00:00,9717.560000000005,9619.880000000005
sell,low_vol,ema,1.0,21.9,32.849999999999994,0.44,tp,32.85,144.54,True,2016-05-12 18:00:00,9619.880000000005,9764.420000000006
buy,low_vol,ema,1.0,24.0,36.0,0.41,sl,-24.0,-98.4,False,2016-06-01 17:00:00,9764.420000000006,9666.020000000006
buy,low_vol,ema,1.0,36.9,55.349999999999994,0.26,tp,55.35,143.91,True,2016-06-03 15:00:00,9666.020000000006,9809.930000000006
buy,low_vol,ema,0.9493,33.8,50.699999999999996,0.27,tp,50.7,136.89,True,2016-06-22 20:00:00,9809.930000000006,9946.820000000005
sell,low_vol,ema,1.0,111.6,167.39999999999998,0.09,sl,-111.6,-100.44,False,2016-06-24 06:00:00,9946.820000000005,9846.380000000005
buy,low_vol,ema,1.0,26.3,39.45,0.37,sl,-26.3,-97.31,False,2016-06-30 13:00:00,9846.380000000005,9749.070000000005
sell,low_vol,ema,1.0,47.5,71.25,0.21,sl,-47.5,-99.75,False,2016-06-30 18:00:00,9749.070000000005,9649.320000000005
buy,low_vol,ema,0.9887,27.0,40.5,0.35,sl,-27.0,-94.5,False,2016-07-01 15:00:00,9649.320000000005,9554.820000000005
sell,low_vol,ema,0.9951,40.6,60.900000000000006,0.23,tp,60.9,140.07,True,2016-07-05 21:00:00,9554.820000000005,9694.890000000005
buy,low_vol,ema,0.9997,19.0,28.5,0.51,sl,-19.0,-96.9,False,2016-07-12 10:00:00,9694.890000000005,9597.990000000005
buy,low_vol,ema,0.9999,21.8,32.7,0.44,tp,32.7,143.88,True,2016-07-13 16:00:00,9597.990000000005,9741.870000000004
sell,low_vol,ema,1.0,14.6,21.9,0.67,sl,-14.6,-97.82,False,2016-08-04 09:00:00,9741.870000000004,9644.050000000005
buy,low_vol,ema,1.0,18.6,27.900000000000002,0.52,tp,27.9,145.08,True,2016-08-10 05:00:00,9644.050000000005,9789.130000000005
sell,low_vol,ema,0.9999,14.3,21.450000000000003,0.68,tp,21.45,145.86,True,2016-08-24 12:00:00,9789.130000000005,9934.990000000005
buy,low_vol,ema,0.6864,15.9,23.85,0.34,sl,-15.9,-54.06,False,2016-08-26 16:00:00,9934.990000000005,9880.930000000006
sell,low_vol,ema,0.9999,21.5,32.25,0.46,sl,-21.5,-98.9,False,2016-09-12 17:00:00,9880.930000000006,9782.030000000006
sell,low_vol,ema,1.0,23.0,34.5,0.43,sl,-23.0,-98.9,False,2016-09-13 05:00:00,9782.030000000006,9683.130000000006
buy,low_vol,ema,0.9998,23.4,35.099999999999994,0.41,sl,-23.4,-95.94,False,2016-09-14 19:00:00,9683.130000000006,9587.190000000006
buy,low_vol,ema,0.9999,20.6,30.900000000000002,0.47,tp,30.9,145.23,True,2016-09-22 08:00:00,9587.190000000006,9732.420000000006
sell,low_vol,ema,1.0,18.6,27.900000000000002,0.52,sl,-18.6,-96.72,False,2016-09-28 04:00:00,9732.420000000006,9635.700000000006
buy,low_vol,ema,0.9999,15.0,22.5,0.64,sl,-15.0,-96.0,False,2016-09-29 06:00:00,9635.700000000006,9539.700000000006
sell,low_vol,ema,0.9999,15.5,23.25,0.62,sl,-15.5,-96.1,False,2016-09-29 15:00:00,9539.700000000006,9443.600000000006
buy,low_vol,ema,0.9997,19.6,29.400000000000002,0.48,sl,-19.6,-94.08,False,2016-09-29 18:00:00,9443.600000000006,9349.520000000006
sell,low_vol,ema,0.9999,23.2,34.8,0.4,tp,34.8,139.2,True,2016-09-30 03:00:00,9349.520000000006,9488.720000000007
buy,low_vol,ema,0.9999,4.60000000000127,48.300000000000004,2.06,timeout,-4.6,-94.76,False,2016-09-30 23:00:00,9488.720000000007,9393.960000000006
sell,low_vol,ema,0.9999,20.3,30.450000000000003,0.46,sl,-20.3,-93.38,False,2016-10-05 18:00:00,9393.960000000006,9300.580000000007
buy,low_vol,ema,0.9999,21.7,32.55,0.43,sl,-21.7,-93.31,False,2016-10-05 21:00:00,9300.580000000007,9207.270000000008
sell,low_vol,ema,1.0,22.1,33.150000000000006,0.42,tp,33.15,139.23,True,2016-10-05 22:00:00,9207.270000000008,9346.500000000007
buy,low_vol,ema,1.0,20.0,30.0,0.47,sl,-20.0,-94.0,False,2016-10-26 17:00:00,9346.500000000007,9252.500000000007
buy,low_vol,ema,1.0,14.4,21.6,0.64,tp,21.6,138.24,True,2016-10-27 12:00:00,9252.500000000007,9390.740000000007
buy,low_vol,ema,1.0,14.0,21.0,0.67,tp,21.0,140.7,True,2016-10-28 12:00:00,9390.740000000007,9531.440000000008
buy,low_vol,ema,1.0,56.4,84.6,0.17,sl,-56.4,-95.88,False,2016-11-09 05:00:00,9531.440000000008,9435.560000000009
buy,low_vol,ema,0.9967,16.4,24.599999999999998,0.57,sl,-16.4,-93.48,False,2016-12-14 08:00:00,9435.560000000009,9342.080000000009
buy,low_vol,ema,0.9959,21.6,32.400000000000006,0.43,tp,32.4,139.32,True,2016-12-22 14:00:00,9342.080000000009,9481.400000000009
sell,low_vol,ema,0.9999,18.6,27.900000000000002,0.51,sl,-18.6,-94.86,False,2016-12-28 14:00:00,9481.400000000009,9386.540000000008
buy,low_vol,ema,0.9954,20.5,30.75,0.45,sl,-20.5,-92.25,False,2016-12-29 12:00:00,9386.540000000008,9294.290000000008
sell,low_vol,ema,0.999,21.9,32.849999999999994,0.42,tp,32.85,137.97,True,2017-01-11 14:00:00,9294.290000000008,9432.260000000007
sell,low_vol,ema,0.9999,26.8,40.2,0.35,sl,-26.8,-93.8,False,2017-01-26 18:00:00,9432.260000000007,9338.460000000008
buy,low_vol,ema,0.9998,18.0,27.0,0.52,sl,-18.0,-93.6,False,2017-01-30 06:00:00,9338.460000000008,9244.860000000008
sell,low_vol,ema,0.9983,16.3,24.450000000000003,0.57,tp,24.45,139.37,True,2017-01-30 11:00:00,9244.860000000008,9384.230000000009
sell,low_vol,ema,0.9822,18.3,27.450000000000003,0.5,sl,-18.3,-91.5,False,2017-02-03 14:00:00,9384.230000000009,9292.730000000009
buy,low_vol,ema,0.9037,28.6,42.900000000000006,0.28,sl,-28.6,-80.08,False,2017-02-03 17:00:00,9292.730000000009,9212.650000000009
sell,low_vol,ema,0.9999,16.5,24.75,0.56,tp,24.75,138.6,True,2017-02-06 14:00:00,9212.650000000009,9351.25000000001
buy,low_vol,ema,0.9999,20.5,30.75,0.46,tp,30.75,141.45,True,2017-02-16 14:00:00,9351.25000000001,9492.70000000001
sell,low_vol,ema,1.0,1.3999999999980695,32.400000000000006,6.78,timeout,-1.4,-94.92,False,2017-02-20 03:00:00,9492.70000000001,9397.78000000001
buy,low_vol,ema,1.0,17.4,26.099999999999998,0.54,tp,26.1,140.94,True,2017-02-24 05:00:00,9397.78000000001,9538.72000000001
sell,low_vol,ema,1.0,28.3,42.45,0.34,sl,-28.3,-96.22,False,2017-02-27 00:00:00,9538.72000000001,9442.500000000011
buy,low_vol,ema,1.0,17.4,26.099999999999998,0.54,tp,26.1,140.94,True,2017-02-27 13:00:00,9442.500000000011,9583.440000000011
sell,low_vol,ema,0.9999,25.6,38.400000000000006,0.37,tp,38.4,142.08,True,2017-03-01 06:00:00,9583.440000000011,9725.520000000011
buy,low_vol,ema,0.9986,28.6,42.900000000000006,0.34,sl,-28.6,-97.24,False,2017-03-03 21:00:00,9725.520000000011,9628.280000000012
buy,low_vol,ema,0.9994,28.4,42.599999999999994,0.34,tp,42.6,144.84,True,2017-03-09 19:00:00,9628.280000000012,9773.120000000012
sell,low_vol,ema,1.0,14.6,21.9,0.67,sl,-14.6,-97.82,False,2017-03-15 03:00:00,9773.120000000012,9675.300000000012
buy,low_vol,ema,0.9983,17.7,26.549999999999997,0.55,sl,-17.7,-97.35,False,2017-03-15 18:00:00,9675.300000000012,9577.950000000012
sell,low_vol,ema,0.9999,17.7,26.549999999999997,0.54,tp,26.55,143.37,True,2017-03-29 09:00:00,9577.950000000012,9721.320000000012
sell,low_vol,ema,1.0,16.0,24.0,0.61,sl,-16.0,-97.6,False,2017-04-14 03:00:00,9721.320000000012,9623.720000000012
buy,low_vol,ema,1.0,17.6,26.400000000000002,0.55,tp,26.4,145.2,True,2017-05-04 12:00:00,9623.720000000012,9768.920000000013
buy,low_vol,ema,0.7274,20.0,30.0,0.3,tp,30.0,90.0,True,2017-05-12 20:00:00,9768.920000000013,9858.920000000013
sell,low_vol,ema,0.9832,26.1,39.150000000000006,0.37,tp,39.15,144.85,True,2017-05-26 19:00:00,9858.920000000013,10003.770000000013
buy,low_vol,ema,1.0,20.3,30.450000000000003,0.49,tp,30.45,149.2,True,2017-05-31 13:00:00,10003.770000000013,10152.970000000014
sell,low_vol,ema,1.0,21.0,31.5,0.48,sl,-21.0,-100.8,False,2017-06-08 14:00:00,10152.970000000014,10052.170000000015
buy,low_vol,ema,1.0,18.6,27.900000000000002,0.54,tp,27.9,150.66,True,2017-06-14 15:00:00,10052.170000000015,10202.830000000014
buy,low_vol,ema,1.0,15.4,23.1,0.66,sl,-15.4,-101.64,False,2017-06-19 13:00:00,10202.830000000014,10101.190000000015
sell,low_vol,ema,1.0,18.0,27.0,0.56,tp,27.0,151.2,True,2017-06-19 15:00:00,10101.190000000015,10252.390000000016
sell,low_vol,ema,0.7129,18.4,27.599999999999998,0.33,sl,-18.4,-60.72,False,2017-07-04 12:00:00,10252.390000000016,10191.670000000016
buy,low_vol,ema,0.9996,20.7,31.049999999999997,0.49,tp,31.05,152.14,True,2017-07-06 16:00:00,10191.670000000016,10343.810000000016
sell,low_vol,ema,1.0,31.1,46.650000000000006,0.33,sl,-31.1,-102.63,False,2017-07-13 18:00:00,10343.810000000016,10241.180000000017
buy,low_vol,ema,1.0,20.3,30.450000000000003,0.5,sl,-20.3,-101.5,False,2017-07-14 15:00:00,10241.180000000017,10139.680000000017
sell,low_vol,ema,0.9902,17.7,26.549999999999997,0.56,sl,-17.7,-99.12,False,2017-08-15 09:00:00,10139.680000000017,10040.560000000016
buy,low_vol,ema,0.9996,24.1,36.150000000000006,0.42,tp,36.15,151.83,True,2017-08-21 01:00:00,10040.560000000016,10192.390000000016
buy,low_vol,ema,0.9999,14.8,22.200000000000003,0.69,tp,22.2,153.18,True,2017-08-21 14:00:00,10192.390000000016,10345.570000000016
sell,low_vol,ema,0.9999,14.1,21.15,0.73,sl,-14.1,-102.93,False,2017-08-23 06:00:00,10345.570000000016,10242.640000000016
buy,low_vol,ema,0.9698,16.6,24.900000000000002,0.59,tp,24.9,146.91,True,2017-08-23 11:00:00,10242.640000000016,10389.550000000016
buy,low_vol,ema,1.0,17.8,26.700000000000003,0.58,sl,-17.8,-103.24,False,2017-09-05 06:00:00,10389.550000000016,10286.310000000016
sell,low_vol,ema,1.0,17.1,25.650000000000002,0.6,sl,-17.1,-102.6,False,2017-09-05 10:00:00,10286.310000000016,10183.710000000015
buy,low_vol,ema,1.0,29.2,43.8,0.35,tp,43.8,153.3,True,2017-09-05 19:00:00,10183.710000000015,10337.010000000015
buy,low_vol,ema,0.9999,19.4,29.099999999999998,0.53,sl,-19.4,-102.82,False,2017-09-13 13:00:00,10337.010000000015,10234.190000000015
sell,low_vol,ema,1.0,24.0,36.0,0.43,tp,36.0,154.8,True,2017-09-13 16:00:00,10234.190000000015,10388.990000000014
buy,low_vol,ema,1.0,28.3,42.45,0.37,sl,-28.3,-104.71,False,2017-09-15 18:00:00,10388.990000000014,10284.280000000015
sell,low_vol,ema,1.0,39.3,58.949999999999996,0.26,sl,-39.3,-102.18,False,2017-09-21 00:00:00,10284.280000000015,10182.100000000015
buy,low_vol,ema,1.0,16.7,25.049999999999997,0.61,sl,-16.7,-101.87,False,2017-09-22 10:00:00,10182.100000000015,10080.230000000014
buy,low_vol,ema,0.8209,16.1,24.150000000000002,0.47,tp,24.15,113.51,True,2017-10-09 22:00:00,10080.230000000014,10193.740000000014
buy,low_vol,ema,1.0,20.7,31.049999999999997,0.49,sl,-20.7,-101.43,False,2017-10-25 17:00:00,10193.740000000014,10092.310000000014
sell,low_vol,ema,1.0,32.0,48.0,0.32,tp,48.0,153.6,True,2017-10-26 18:00:00,10092.310000000014,10245.910000000014
sell,low_vol,ema,1.0,17.9,26.849999999999998,0.57,tp,26.85,153.05,True,2017-11-03 15:00:00,10245.910000000014,10398.960000000014
buy,low_vol,ema,1.0,23.4,35.099999999999994,0.44,tp,35.1,154.44,True,2017-11-09 16:00:00,10398.960000000014,10553.400000000014
buy,low_vol,ema,1.0,19.9,29.849999999999998,0.53,tp,29.85,158.21,True,2017-11-22 17:00:00,10553.400000000014,10711.610000000013
buy,low_vol,ema,1.0,27.3,40.95,0.39,sl,-27.3,-106.47,False,2017-11-30 17:00:00,10711.610000000013,10605.140000000014
sell,low_vol,ema,0.9818,20.5,30.75,0.5,sl,-20.5,-102.5,False,2017-12-04 09:00:00,10605.140000000014,10502.640000000014
buy,low_vol,ema,0.7705,27.1,40.650000000000006,0.26,sl,-27.1,-70.46,False,2017-12-14 00:00:00,10502.640000000014,10432.180000000015
sell,low_vol,ema,0.9998,22.1,33.150000000000006,0.47,sl,-22.1,-103.87,False,2017-12-15 19:00:00,10432.180000000015,10328.310000000014
buy,low_vol,ema,1.0,17.8,26.700000000000003,0.58,sl,-17.8,-103.24,False,2017-12-18 17:00:00,10328.310000000014,10225.070000000014
sell,low_vol,ema,0.999,18.5,27.75,0.55,sl,-18.5,-101.75,False,2018-01-08 11:00:00,10225.070000000014,10123.320000000014
buy,low_vol,ema,0.6624,31.9,47.849999999999994,0.16,tp,47.85,76.56,True,2018-01-11 17:00:00,10123.320000000014,10199.880000000014
sell,low_vol,ema,0.7705,23.8,35.7,0.29,sl,-23.8,-69.02,False,2018-01-30 07:00:00,10199.880000000014,10130.860000000013
buy,low_vol,ema,0.9417,20.7,31.049999999999997,0.45,tp,31.05,139.72,True,2018-02-13 10:00:00,10130.860000000013,10270.580000000013
buy,low_vol,ema,1.0,17.4,26.099999999999998,0.59,sl,-17.4,-102.66,False,2018-02-27 10:00:00,10270.580000000013,10167.920000000013
sell,low_vol,ema,0.99,22.6,33.900000000000006,0.44,tp,33.9,149.16,True,2018-02-27 15:00:00,10167.920000000013,10317.080000000013
sell,low_vol,ema,0.9966,22.2,33.3,0.46,tp,33.3,153.18,True,2018-03-15 17:00:00,10317.080000000013,10470.260000000013
buy,low_vol,ema,1.0,22.7,34.05,0.46,sl,-22.7,-104.42,False,2018-03-20 03:00:00,10470.260000000013,10365.840000000013
sell,low_vol,ema,0.9999,19.2,28.799999999999997,0.54,tp,28.8,155.52,True,2018-03-20 14:00:00,10365.840000000013,10521.360000000013
buy,low_vol,ema,0.998,20.4,30.599999999999998,0.51,tp,30.6,156.06,True,2018-04-09 15:00:00,10521.360000000013,10677.420000000013
sell,low_vol,ema,1.0,15.5,23.25,0.69,sl,-15.5,-106.95,False,2018-04-13 05:00:00,10677.420000000013,10570.470000000012
buy,low_vol,ema,1.0,17.4,26.099999999999998,0.61,tp,26.1,159.21,True,2018-04-16 05:00:00,10570.470000000012,10729.680000000011
sell,low_vol,ema,1.0,13.7,20.549999999999997,0.78,sl,-13.7,-106.86,False,2018-04-16 09:00:00,10729.680000000011,10622.82000000001
buy,low_vol,ema,0.9995,16.0,24.0,0.66,tp,24.0,158.4,True,2018-04-16 10:00:00,10622.82000000001,10781.22000000001
sell,low_vol,ema,1.0,19.7,29.549999999999997,0.55,tp,29.55,162.53,True,2018-05-15 14:00:00,10781.22000000001,10943.750000000011
buy,low_vol,ema,1.0,30.7,46.05,0.36,sl,-30.7,-110.52,False,2018-06-13 22:00:00,10943.750000000011,10833.23000000001
sell,low_vol,ema,1.0,35.7,53.550000000000004,0.3,tp,53.55,160.65,True,2018-06-14 16:00:00,10833.23000000001,10993.88000000001
buy,low_vol,ema,0.996,17.4,26.099999999999998,0.63,tp,26.1,164.43,True,2018-06-22 08:00:00,10993.88000000001,11158.31000000001
sell,low_vol,ema,1.0,22.6,33.900000000000006,0.49,tp,33.9,166.11,True,2018-06-27 14:00:00,11158.31000000001,11324.420000000011
buy,low_vol,ema,0.9932,36.4,54.599999999999994,0.31,sl,-36.4,-112.84,False,2018-06-29 14:00:00,11324.420000000011,11211.58000000001
buy,low_vol,ema,0.9999,26.9,40.349999999999994,0.42,tp,40.35,169.47,True,2018-07-02 23:00:00,11211.58000000001,11381.05000000001
sell,low_vol,ema,1.0,33.4,50.099999999999994,0.34,tp,50.1,170.34,True,2018-07-11 20:00:00,11381.05000000001,11551.39000000001
buy,low_vol,ema,1.0,17.1,25.650000000000002,0.68,sl,-17.1,-116.28,False,2018-07-16 13:00:00,11551.39000000001,11435.11000000001
buy,low_vol,ema,1.0,31.9,5.599999999998939,0.36,timeout,5.6,20.16,True,2018-07-20 16:00:00,11435.11000000001,11455.27000000001
sell,low_vol,ema,0.954,26.0,39.0,0.41,sl,-26.0,-106.6,False,2018-07-26 20:00:00,11455.27000000001,11348.67000000001
buy,low_vol,ema,1.0,19.1,28.650000000000002,0.59,tp,28.65,169.03,True,2018-07-30 17:00:00,11348.67000000001,11517.70000000001
sell,low_vol,ema,1.0,20.0,30.0,0.58,sl,-20.0,-116.0,False,2018-08-08 15:00:00,11517.70000000001,11401.70000000001
sell,low_vol,ema,1.0,20.8,31.200000000000003,0.55,tp,31.2,171.6,True,2018-08-09 17:00:00,11401.70000000001,11573.30000000001
sell,low_vol,ema,1.0,23.4,35.099999999999994,0.49,tp,35.1,171.99,True,2018-08-31 17:00:00,11573.30000000001,11745.29000000001
sell,low_vol,ema,1.0,30.3,45.45,0.39,tp,45.45,177.26,True,2018-11-08 21:00:00,11745.29000000001,11922.55000000001
sell,low_vol,ema,1.0,20.0,30.0,0.6,sl,-20.0,-120.0,False,2018-11-23 13:00:00,11922.55000000001,11802.55000000001
buy,low_vol,ema,1.0,22.7,34.05,0.52,sl,-22.7,-118.04,False,2018-12-03 11:00:00,11802.55000000001,11684.51000000001
sell,low_vol,ema,1.0,24.1,36.150000000000006,0.48,sl,-24.1,-115.68,False,2018-12-03 12:00:00,11684.51000000001,11568.830000000009
buy,low_vol,ema,1.0,27.1,40.650000000000006,0.43,tp,40.65,174.79,True,2018-12-06 17:00:00,11568.830000000009,11743.62000000001
sell,low_vol,ema,1.0,22.0,33.0,0.53,sl,-22.0,-116.6,False,2018-12-11 16:00:00,11743.62000000001,11627.02000000001
buy,low_vol,ema,1.0,20.4,30.599999999999998,0.57,sl,-20.4,-116.28,False,2018-12-24 16:00:00,11627.02000000001,11510.740000000009
buy,low_vol,ema,1.0,36.1,54.150000000000006,0.32,tp,54.15,173.28,True,2018-12-27 19:00:00,11510.740000000009,11684.02000000001
sell,low_vol,ema,1.0,35.0,52.5,0.33,sl,-35.0,-115.5,False,2019-01-02 17:00:00,11684.02000000001,11568.52000000001
buy,low_vol,ema,0.9775,23.4,35.099999999999994,0.48,sl,-23.4,-112.32,False,2019-01-25 21:00:00,11568.52000000001,11456.20000000001
sell,low_vol,ema,1.0,20.3,30.450000000000003,0.56,sl,-20.3,-113.68,False,2019-02-19 15:00:00,11456.20000000001,11342.52000000001
buy,low_vol,ema,1.0,22.0,33.0,0.52,tp,33.0,171.6,True,2019-02-19 16:00:00,11342.52000000001,11514.12000000001
buy,low_vol,ema,1.0,18.2,27.299999999999997,0.63,tp,27.3,171.99,True,2019-03-12 15:00:00,11514.12000000001,11686.11000000001
sell,low_vol,ema,1.0,23.9,35.849999999999994,0.49,tp,35.85,175.66,True,2019-03-22 12:00:00,11686.11000000001,11861.77000000001
buy,low_vol,ema,0.9867,17.6,26.400000000000002,0.66,sl,-17.6,-116.16,False,2019-04-03 19:00:00,11861.77000000001,11745.61000000001
sell,low_vol,ema,0.9999,17.7,26.549999999999997,0.66,sl,-17.7,-116.82,False,2019-05-07 19:00:00,11745.61000000001,11628.79000000001
buy,low_vol,ema,1.0,18.6,27.900000000000002,0.63,sl,-18.6,-117.18,False,2019-05-09 16:00:00,11628.79000000001,11511.61000000001
sell,low_vol,ema,1.0,16.1,24.150000000000002,0.72,sl,-16.1,-115.92,False,2019-07-01 08:00:00,11511.61000000001,11395.69000000001
sell,low_vol,ema,1.0,9.4,14.100000000000001,1.21,tp,14.1,170.61,True,2019-07-16 12:00:00,11395.69000000001,11566.30000000001
buy,low_vol,ema,0.9997,21.0,31.5,0.55,sl,-21.0,-115.5,False,2019-07-18 23:00:00,11566.30000000001,11450.80000000001
sell,low_vol,ema,0.9972,17.3,19.500000000001183,0.66,timeout,19.5,128.7,True,2019-07-19 20:00:00,11450.80000000001,11579.500000000011
sell,low_vol,ema,1.0,10.9,16.35,1.06,tp,16.35,173.31,True,2019-07-31 18:00:00,11579.500000000011,11752.81000000001
sell,low_vol,ema,0.9875,24.5,36.75,0.47,tp,36.75,172.73,True,2019-08-13 20:00:00,11752.81000000001,11925.54000000001
buy,low_vol,ema,1.0,25.0,37.5,0.48,sl,-25.0,-120.0,False,2019-08-23 21:00:00,11925.54000000001,11805.54000000001
sell,low_vol,ema,0.9997,14.0,21.0,0.84,tp,21.0,176.4,True,2019-08-27 19:00:00,11805.54000000001,11981.94000000001
buy,low_vol,ema,1.0,18.3,27.450000000000003,0.65,tp,27.45,178.42,True,2019-09-04 19:00:00,11981.94000000001,12160.36000000001
sell,low_vol,ema,1.0,12.7,19.049999999999997,0.96,sl,-12.7,-121.92,False,2019-09-11 14:00:00,12160.36000000001,12038.44000000001
sell,low_vol,ema,1.0,18.9,28.349999999999998,0.64,sl,-18.9,-120.96,False,2019-09-16 18:00:00,12038.44000000001,11917.48000000001
sell,low_vol,ema,0.9998,14.1,21.15,0.84,tp,21.15,177.66,True,2019-09-20 15:00:00,11917.48000000001,12095.14000000001
buy,low_vol,ema,0.9587,18.0,27.0,0.63,tp,27.0,170.1,True,2019-10-02 19:00:00,12095.14000000001,12265.24000000001
buy,low_vol,ema,1.0,10.6,15.899999999999999,1.16,sl,-10.6,-122.96,False,2019-10-09 12:00:00,12265.24000000001,12142.280000000012
sell,low_vol,ema,1.0,6.00000000000156,19.799999999999997,2.02,timeout,-6.0,-121.2,False,2019-10-23 17:00:00,12142.280000000012,12021.08000000001
sell,low_vol,ema,1.0,23.0,34.5,0.52,sl,-23.0,-119.6,False,2019-10-24 19:00:00,12021.08000000001,11901.48000000001
buy,low_vol,ema,1.0,9.6,14.399999999999999,1.24,tp,14.4,178.56,True,2019-11-15 14:00:00,11901.48000000001,12080.04000000001
sell,low_vol,ema,1.0,13.3,19.950000000000003,0.91,tp,19.95,181.54,True,2019-11-22 14:00:00,12080.04000000001,12261.58000000001
sell,low_vol,ema,0.9502,7.6,11.399999999999999,1.5,sl,-7.6,-114.0,False,2019-12-02 12:00:00,12261.58000000001,12147.58000000001
buy,low_vol,ema,1.0,9.7,14.549999999999999,1.25,tp,14.55,181.87,True,2019-12-02 15:00:00,12147.58000000001,12329.450000000012
buy,low_vol,ema,1.0,8.4,12.600000000000001,1.47,tp,12.6,185.22,True,2019-12-10 15:00:00,12329.450000000012,12514.670000000011
sell,low_vol,ema,1.0,12.3,18.450000000000003,1.02,sl,-12.3,-125.46,False,2019-12-18 15:00:00,12514.670000000011,12389.210000000012
buy,low_vol,ema,1.0,10.5,15.75,1.18,tp,15.75,185.85,True,2019-12-27 03:00:00,12389.210000000012,12575.060000000012
sell,low_vol,ema,1.0,9.8,14.700000000000001,1.28,tp,14.7,188.16,True,2020-01-03 09:00:00,12575.060000000012,12763.220000000012
sell,low_vol,ema,1.0,17.8,26.700000000000003,0.72,sl,-17.8,-128.16,False,2020-01-07 17:00:00,12763.220000000012,12635.060000000012
sell,low_vol,ema,1.0,8.1,12.149999999999999,1.56,tp,12.15,189.54,True,2020-01-17 11:00:00,12635.060000000012,12824.600000000013
sell,low_vol,ema,0.9997,9.4,14.100000000000001,1.36,sl,-9.4,-127.84,False,2020-01-31 10:00:00,12824.600000000013,12696.760000000013
buy,low_vol,ema,1.0,9.7,14.549999999999999,1.31,tp,14.55,190.6,True,2020-01-31 11:00:00,12696.760000000013,12887.360000000013
sell,low_vol,ema,0.9999,25.1,37.650000000000006,0.51,tp,37.65,192.02,True,2020-05-13 23:00:00,12887.360000000013,13079.380000000014
buy,low_vol,ema,0.9972,18.1,27.150000000000002,0.72,tp,27.15,195.48,True,2020-05-18 16:00:00,13079.380000000014,13274.860000000013
sell,low_vol,ema,1.0,5.999999999999339,27.75,2.21,timeout,-6.0,-132.6,False,2020-05-22 15:00:00,13274.860000000013,13142.260000000013
buy,low_vol,ema,1.0,14.1,21.15,0.93,tp,21.15,196.7,True,2020-05-26 11:00:00,13142.260000000013,13338.960000000014
sell,low_vol,ema,0.9756,33.1,49.650000000000006,0.39,sl,-33.1,-129.09,False,2020-06-12 05:00:00,13338.960000000014,13209.870000000014
buy,low_vol,ema,1.0,26.8,40.2,0.49,sl,-26.8,-131.32,False,2020-06-16 04:00:00,13209.870000000014,13078.550000000014
buy,low_vol,ema,1.0,22.4,33.599999999999994,0.58,sl,-22.4,-129.92,False,2020-06-22 23:00:00,13078.550000000014,12948.630000000014
sell,low_vol,ema,1.0,17.4,26.099999999999998,0.74,tp,26.1,193.14,True,2020-06-25 06:00:00,12948.630000000014,13141.770000000013
buy,low_vol,ema,1.0,0.3999999999981796,28.5,32.85,timeout,-0.4,-131.4,False,2020-06-29 13:00:00,13141.770000000013,13010.370000000014
sell,low_vol,ema,1.0,16.3,24.450000000000003,0.8,tp,24.45,195.6,True,2020-06-30 07:00:00,13010.370000000014,13205.970000000014
buy,low_vol,ema,1.0,27.1,40.650000000000006,0.49,tp,40.65,199.18,True,2020-07-01 20:00:00,13205.970000000014,13405.150000000014
sell,low_vol,ema,0.8027,11.7,17.549999999999997,0.82,tp,17.55,143.91,True,2020-07-03 09:00:00,13405.150000000014,13549.060000000014
buy,low_vol,ema,0.9999,14.5,21.75,0.93,tp,21.75,202.28,True,2020-07-06 03:00:00,13549.060000000014,13751.340000000015
sell,low_vol,ema,1.0,18.0,27.0,0.76,sl,-18.0,-136.8,False,2020-07-10 06:00:00,13751.340000000015,13614.540000000015
buy,low_vol,ema,1.0,20.6,30.900000000000002,0.66,sl,-20.6,-135.96,False,2020-07-10 18:00:00,13614.540000000015,13478.580000000016
buy,low_vol,ema,1.0,17.7,26.549999999999997,0.76,sl,-17.7,-134.52,False,2020-08-04 11:00:00,13478.580000000016,13344.060000000016
sell,low_vol,ema,1.0,26.3,39.45,0.51,sl,-26.3,-134.13,False,2020-08-04 15:00:00,13344.060000000016,13209.930000000017
sell,low_vol,ema,1.0,36.8,55.199999999999996,0.36,sl,-36.8,-132.48,False,2020-08-07 19:00:00,13209.930000000017,13077.450000000017
sell,low_vol,ema,1.0,35.6,53.400000000000006,0.37,sl,-35.6,-131.72,False,2020-08-27 16:00:00,13077.450000000017,12945.730000000018
sell,low_vol,ema,1.0,24.3,36.45,0.53,tp,36.45,193.18,True,2020-09-02 13:00:00,12945.730000000018,13138.910000000018
buy,low_vol,ema,1.0,14.8,22.200000000000003,0.89,tp,22.2,197.58,True,2020-09-10 12:00:00,13138.910000000018,13336.490000000018
sell,low_vol,ema,1.0,25.9,38.849999999999994,0.51,sl,-25.9,-132.09,False,2020-09-16 20:00:00,13336.490000000018,13204.400000000018
sell,low_vol,ema,1.0,22.2,33.3,0.59,tp,33.3,196.47,True,2020-09-21 13:00:00,13204.400000000018,13400.870000000017
buy,low_vol,ema,1.0,18.7,28.049999999999997,0.72,tp,28.05,201.96,True,2020-09-29 14:00:00,13400.870000000017,13602.830000000016
sell,low_vol,ema,1.0,20.4,30.599999999999998,0.67,sl,-20.4,-136.68,False,2020-10-13 18:00:00,13602.830000000016,13466.150000000016
buy,low_vol,ema,1.0,19.8,29.700000000000003,0.68,sl,-19.8,-134.64,False,2020-10-19 16:00:00,13466.150000000016,13331.510000000017
sell,low_vol,ema,1.0,13.3,19.950000000000003,1.0,sl,-13.3,-133.0,False,2020-10-27 10:00:00,13331.510000000017,13198.510000000017
buy,low_vol,ema,1.0,17.4,26.099999999999998,0.76,sl,-17.4,-132.24,False,2020-10-27 15:00:00,13198.510000000017,13066.270000000017
sell,low_vol,ema,1.0,48.9,0.2999999999997449,0.27,timeout,0.3,0.81,True,2020-11-04 05:00:00,13066.270000000017,13067.080000000016
buy,low_vol,ema,1.0,55.6,83.4,0.24,tp,83.4,200.16,True,2020-11-04 17:00:00,13067.080000000016,13267.240000000016
sell,low_vol,ema,1.0,18.9,28.349999999999998,0.7,tp,28.35,198.45,True,2020-11-11 12:00:00,13267.240000000016,13465.690000000017
buy,low_vol,ema,0.9615,20.4,30.599999999999998,0.62,sl,-20.4,-126.48,False,2020-11-19 22:00:00,13465.690000000017,13339.210000000017
sell,low_vol,ema,0.9982,27.4,41.099999999999994,0.49,sl,-27.4,-134.26,False,2020-11-23 23:00:00,13339.210000000017,13204.950000000017
buy,low_vol,ema,0.9998,21.2,31.799999999999997,0.62,sl,-21.2,-131.44,False,2020-12-28 07:00:00,13204.950000000017,13073.510000000017
buy,low_vol,ema,0.999,18.1,27.150000000000002,0.72,sl,-18.1,-130.32,False,2021-01-20 02:00:00,13073.510000000017,12943.190000000017
buy,low_vol,ema,0.9956,14.9,22.35,0.86,tp,22.35,192.21,True,2021-01-21 10:00:00,12943.190000000017,13135.400000000016
sell,low_vol,ema,0.9999,16.2,24.299999999999997,0.81,tp,24.3,196.83,True,2021-01-26 02:00:00,13135.400000000016,13332.230000000016
buy,low_vol,ema,0.977,25.9,38.849999999999994,0.5,sl,-25.9,-129.5,False,2021-01-29 21:00:00,13332.230000000016,13202.730000000016
buy,low_vol,ema,1.0,14.5,21.75,0.91,sl,-14.5,-131.95,False,2021-02-08 07:00:00,13202.730000000016,13070.780000000015
sell,low_vol,ema,0.8873,22.3,33.45,0.49,tp,33.45,163.9,True,2021-02-17 01:00:00,13070.780000000015,13234.680000000015
buy,low_vol,ema,1.0,27.5,41.25,0.48,sl,-27.5,-132.0,False,2021-03-17 23:00:00,13234.680000000015,13102.680000000015
sell,low_vol,ema,1.0,15.7,23.549999999999997,0.83,tp,23.55,195.47,True,2021-03-23 11:00:00,13102.680000000015,13298.150000000014
sell,low_vol,ema,0.9808,12.0,18.0,1.08,sl,-12.0,-129.6,False,2021-04-05 10:00:00,13298.150000000014,13168.550000000014
buy,low_vol,ema,1.0,17.6,26.400000000000002,0.75,tp,26.4,198.0,True,2021-04-05 16:00:00,13168.550000000014,13366.550000000014
sell,low_vol,ema,1.0,19.7,29.549999999999997,0.68,sl,-19.7,-133.96,False,2021-04-30 18:00:00,13366.550000000014,13232.590000000015
sell,low_vol,ema,1.0,8.700000000001484,48.75,1.52,timeout,-8.7,-132.24,False,2021-05-12 19:00:00,13232.590000000015,13100.350000000015
buy,low_vol,ema,1.0,20.3,30.450000000000003,0.65,tp,30.45,197.92,True,2021-05-14 16:00:00,13100.350000000015,13298.270000000015
buy,low_vol,ema,1.0,15.8,15.000000000000568,0.84,timeout,15.0,126.0,True,2021-05-24 12:00:00,13298.270000000015,13424.270000000015
buy,low_vol,ema,1.0,17.3,25.950000000000003,0.78,sl,-17.3,-134.94,False,2021-05-31 18:00:00,13424.270000000015,13289.330000000014
sell,low_vol,ema,1.0,14.5,21.75,0.92,sl,-14.5,-133.4,False,2021-06-02 12:00:00,13289.330000000014,13155.930000000015
sell,low_vol,ema,1.0,13.4,20.1,0.98,tp,20.1,196.98,True,2021-06-11 12:00:00,13155.930000000015,13352.910000000014
buy,low_vol,ema,0.9723,10.3,15.450000000000001,1.25,sl,-10.3,-128.75,False,2021-06-25 10:00:00,13352.910000000014,13224.160000000014
buy,low_vol,ema,1.0,9.9,14.850000000000001,1.34,sl,-9.9,-132.66,False,2021-07-06 09:00:00,13224.160000000014,13091.500000000015
sell,low_vol,ema,1.0,14.9,22.35,0.88,tp,22.35,196.68,True,2021-07-06 11:00:00,13091.500000000015,13288.180000000015
buy,low_vol,ema,1.0,14.8,11.100000000001664,0.9,timeout,11.1,99.9,True,2021-07-09 12:00:00,13288.180000000015,13388.080000000014
sell,low_vol,ema,1.0,19.9,29.849999999999998,0.67,sl,-19.9,-133.33,False,2021-07-13 15:00:00,13388.080000000014,13254.750000000015
buy,low_vol,ema,1.0,13.0,19.5,1.02,sl,-13.0,-132.6,False,2021-07-15 12:00:00,13254.750000000015,13122.150000000014
sell,low_vol,ema,1.0,15.4,23.1,0.85,tp,23.1,196.35,True,2021-07-15 13:00:00,13122.150000000014,13318.500000000015
buy,low_vol,ema,1.0,20.8,31.200000000000003,0.64,sl,-20.8,-133.12,False,2021-07-22 16:00:00,13318.500000000015,13185.380000000014
sell,low_vol,ema,1.0,25.8,38.7,0.51,sl,-25.8,-131.58,False,2021-07-22 18:00:00,13185.380000000014,13053.800000000014
buy,low_vol,ema,1.0,19.7,29.549999999999997,0.66,sl,-19.7,-130.02,False,2021-07-26 16:00:00,13053.800000000014,12923.780000000013
sell,low_vol,ema,1.0,23.7,35.55,0.55,tp,35.55,195.52,True,2021-08-04 19:00:00,12923.780000000013,13119.300000000014
sell,low_vol,ema,1.0,18.0,27.0,0.73,sl,-18.0,-131.4,False,2021-08-17 17:00:00,13119.300000000014,12987.900000000014
buy,low_vol,ema,0.9997,14.3,21.450000000000003,0.91,tp,21.45,195.2,True,2021-08-23 12:00:00,12987.900000000014,13183.100000000015
buy,low_vol,ema,0.9999,14.9,22.35,0.88,sl,-14.9,-131.12,False,2021-09-24 03:00:00,13183.100000000015,13051.980000000014
buy,low_vol,ema,0.9806,19.2,28.799999999999997,0.66,tp,28.8,190.08,True,2021-10-13 20:00:00,13051.980000000014,13242.060000000014
sell,low_vol,ema,1.0,22.0,33.0,0.6,sl,-22.0,-132.0,False,2021-10-25 16:00:00,13242.060000000014,13110.060000000014
buy,low_vol,ema,1.0,29.0,43.5,0.45,sl,-29.0,-130.5,False,2021-10-28 17:00:00,13110.060000000014,12979.560000000014
sell,low_vol,ema,0.9996,26.9,40.349999999999994,0.48,sl,-26.9,-129.12,False,2021-10-29 19:00:00,12979.560000000014,12850.440000000013
sell,low_vol,ema,1.0,15.2,22.799999999999997,0.85,sl,-15.2,-129.2,False,2021-11-10 13:00:00,12850.440000000013,12721.240000000013
buy,low_vol,ema,1.0,27.4,23.699999999999832,0.46,timeout,23.7,109.02,True,2021-11-26 15:00:00,12721.240000000013,12830.260000000013
buy,low_vol,ema,1.0,24.9,11.099999999999444,0.52,timeout,11.1,57.72,True,2021-12-08 17:00:00,12830.260000000013,12887.980000000012
buy,low_vol,ema,1.0,20.8,31.200000000000003,0.62,tp,31.2,193.44,True,2021-12-16 09:00:00,12887.980000000012,13081.420000000013
buy,low_vol,ema,1.0,16.7,25.049999999999997,0.78,tp,25.05,195.39,True,2021-12-22 15:00:00,13081.420000000013,13276.810000000012
sell,low_vol,ema,0.9806,18.3,27.450000000000003,0.71,tp,27.45,194.89,True,2021-12-28 21:00:00,13276.810000000012,13471.700000000012
buy,low_vol,ema,0.9354,23.0,34.5,0.53,sl,-23.0,-121.9,False,2021-12-29 19:00:00,13471.700000000012,13349.800000000012
buy,low_vol,ema,1.0,15.3,22.950000000000003,0.87,tp,22.95,199.66,True,2021-12-31 12:00:00,13349.800000000012,13549.460000000012
sell,low_vol,ema,0.9586,24.6,36.900000000000006,0.52,sl,-24.6,-127.92,False,2022-01-03 20:00:00,13549.460000000012,13421.540000000012
buy,low_vol,ema,0.9364,20.1,30.150000000000002,0.61,sl,-20.1,-122.61,False,2022-01-05 19:00:00,13421.540000000012,13298.930000000011
buy,low_vol,ema,1.0,18.6,27.900000000000002,0.71,sl,-18.6,-132.06,False,2022-01-07 17:00:00,13298.930000000011,13166.870000000012
sell,low_vol,ema,1.0,14.7,22.049999999999997,0.9,tp,22.05,198.45,True,2022-01-18 05:00:00,13166.870000000012,13365.320000000012
buy,low_vol,ema,1.0,15.4,23.1,0.87,sl,-15.4,-133.98,False,2022-02-16 13:00:00,13365.320000000012,13231.340000000013
sell,low_vol,ema,1.0,14.8,22.200000000000003,0.89,tp,22.2,197.58,True,2022-02-18 15:00:00,13231.340000000013,13428.920000000013
sell,low_vol,ema,0.9828,20.6,30.900000000000002,0.64,tp,30.9,197.76,True,2022-03-22 01:00:00,13428.920000000013,13626.680000000013
buy,low_vol,ema,1.0,14.3,21.450000000000003,0.95,sl,-14.3,-135.85,False,2022-03-23 08:00:00,13626.680000000013,13490.830000000013
sell,low_vol,ema,0.9994,15.1,22.65,0.89,tp,22.65,201.58,True,2022-03-23 09:00:00,13490.830000000013,13692.410000000013
buy,low_vol,ema,1.0,17.9,26.849999999999998,0.76,sl,-17.9,-136.04,False,2022-03-25 07:00:00,13692.410000000013,13556.370000000012
buy,low_vol,ema,0.7356,23.5,35.25,0.36,sl,-23.5,-84.6,False,2022-04-14 06:00:00,13556.370000000012,13471.770000000011
buy,low_vol,ema,0.8036,3.900000000001125,48.900000000000006,2.48,timeout,-3.9,-96.72,False,2022-05-10 01:00:00,13471.770000000011,13375.050000000012
sell,low_vol,ema,0.9993,20.2,30.299999999999997,0.66,tp,30.3,199.98,True,2022-06-01 13:00:00,13375.050000000012,13575.030000000012
sell,low_vol,ema,0.9815,25.3,37.95,0.52,tp,37.95,197.34,True,2022-06-06 21:00:00,13575.030000000012,13772.370000000012
buy,low_vol,ema,1.0,26.0,39.0,0.53,sl,-26.0,-137.8,False,2022-06-08 17:00:00,13772.370000000012,13634.570000000012
sell,low_vol,ema,1.0,37.2,55.800000000000004,0.37,tp,55.8,206.46,True,2022-06-09 18:00:00,13634.570000000012,13841.030000000012
sell,low_vol,ema,1.0,32.1,48.150000000000006,0.43,tp,48.15,207.05,True,2022-07-26 15:00:00,13841.030000000012,14048.08000000001
sell,low_vol,ema,1.0,44.5,66.75,0.32,sl,-44.5,-142.4,False,2022-07-28 15:00:00,14048.08000000001,13905.680000000011
buy,low_vol,ema,0.8468,12.6,18.9,0.86,tp,18.9,162.54,True,2022-08-09 10:00:00,13905.680000000011,14068.220000000012
buy,low_vol,ema,1.0,29.2,43.8,0.48,sl,-29.2,-140.16,False,2022-08-26 16:00:00,14068.220000000012,13928.060000000012
sell,low_vol,ema,1.0,34.2,51.300000000000004,0.41,sl,-34.2,-140.22,False,2022-09-01 18:00:00,13928.060000000012,13787.840000000013
buy,low_vol,ema,0.9674,39.2,58.800000000000004,0.34,sl,-39.2,-133.28,False,2022-09-07 23:00:00,13787.840000000013,13654.560000000012
sell,low_vol,ema,1.0,29.8,44.7,0.46,tp,44.7,205.62,True,2022-09-20 17:00:00,13654.560000000012,13860.180000000013
buy,low_vol,ema,1.0,43.7,65.55000000000001,0.32,tp,65.55,209.76,True,2022-09-29 16:00:00,13860.180000000013,14069.940000000013
sell,low_vol,ema,1.0,42.0,63.0,0.33,tp,63.0,207.9,True,2022-10-06 21:00:00,14069.940000000013,14277.840000000013
buy,low_vol,ema,1.0,59.6,89.4,0.24,sl,-59.6,-143.04,False,2022-10-13 21:00:00,14277.840000000013,14134.800000000012
buy,low_vol,ema,1.0,36.0,54.0,0.39,sl,-36.0,-140.4,False,2022-10-20 17:00:00,14134.800000000012,13994.400000000012
buy,low_vol,ema,1.0,53.8,80.69999999999999,0.26,tp,80.7,209.82,True,2022-10-21 20:00:00,13994.400000000012,14204.220000000012
buy,low_vol,ema,0.882,54.7,82.05000000000001,0.22,sl,-54.7,-120.34,False,2022-11-04 21:00:00,14204.220000000012,14083.880000000012
buy,low_vol,ema,1.0,31.6,47.400000000000006,0.45,sl,-31.6,-142.2,False,2022-12-07 15:00:00,14083.880000000012,13941.680000000011
sell,low_vol,ema,1.0,25.0,37.5,0.56,sl,-25.0,-140.0,False,2022-12-19 16:00:00,13941.680000000011,13801.680000000011
buy,low_vol,ema,0.7606,27.0,40.5,0.34,sl,-27.0,-91.8,False,2022-12-20 12:00:00,13801.680000000011,13709.880000000012
sell,low_vol,ema,0.9973,29.8,44.7,0.46,sl,-29.8,-137.08,False,2022-12-21 19:00:00,13709.880000000012,13572.800000000012
buy,low_vol,ema,0.9836,19.9,29.849999999999998,0.67,tp,29.85,200.0,True,2022-12-29 12:00:00,13572.800000000012,13772.800000000012
sell,low_vol,ema,1.0,31.8,47.7,0.43,sl,-31.8,-136.74,False,2023-01-03 10:00:00,13772.800000000012,13636.060000000012
sell,low_vol,ema,1.0,22.0,33.0,0.62,sl,-22.0,-136.4,False,2023-01-27 16:00:00,13636.060000000012,13499.660000000013
buy,low_vol,ema,1.0,20.7,31.049999999999997,0.65,sl,-20.7,-134.55,False,2023-01-30 13:00:00,13499.660000000013,13365.110000000013
sell,low_vol,ema,1.0,34.2,51.300000000000004,0.39,tp,51.3,200.07,True,2023-02-03 16:00:00,13365.110000000013,13565.180000000013
buy,low_vol,ema,0.8695,14.5,21.75,0.76,sl,-14.5,-110.2,False,2023-02-14 10:00:00,13565.180000000013,13454.980000000012
buy,low_vol,ema,1.0,20.8,31.200000000000003,0.65,sl,-20.8,-135.2,False,2023-02-28 15:00:00,13454.980000000012,13319.780000000012
buy,low_vol,ema,0.9999,20.3,30.450000000000003,0.66,tp,30.45,200.97,True,2023-03-01 10:00:00,13319.780000000012,13520.750000000011
sell,low_vol,ema,0.9952,27.7,41.55,0.48,sl,-27.7,-132.96,False,2023-03-02 20:00:00,13520.750000000011,13387.790000000012
buy,low_vol,ema,0.9428,24.8,37.2,0.5,tp,37.2,186.0,True,2023-03-03 21:00:00,13387.790000000012,13573.790000000012
sell,low_vol,ema,1.0,32.7,49.050000000000004,0.42,sl,-32.7,-137.34,False,2023-03-07 20:00:00,13573.790000000012,13436.450000000012
buy,low_vol,ema,1.0,28.6,42.900000000000006,0.47,tp,42.9,201.63,True,2023-03-10 15:00:00,13436.450000000012,13638.08000000001
sell,low_vol,ema,1.0,42.8,64.19999999999999,0.32,sl,-42.8,-136.96,False,2023-03-15 16:00:00,13638.08000000001,13501.120000000012
buy,low_vol,ema,0.7133,27.1,40.650000000000006,0.29,sl,-27.1,-78.59,False,2023-03-17 19:00:00,13501.120000000012,13422.530000000012
sell,low_vol,ema,0.7388,28.9,43.349999999999994,0.29,sl,-28.9,-83.81,False,2023-04-03 04:00:00,13422.530000000012,13338.720000000012
buy,low_vol,ema,1.0,21.4,32.099999999999994,0.62,tp,32.1,199.02,True,2023-04-11 17:00:00,13338.720000000012,13537.740000000013
sell,low_vol,ema,1.0,24.2,36.3,0.56,sl,-24.2,-135.52,False,2023-04-17 16:00:00,13537.740000000013,13402.220000000012
buy,low_vol,ema,1.0,26.1,39.150000000000006,0.51,sl,-26.1,-133.11,False,2023-04-20 17:00:00,13402.220000000012,13269.110000000011
sell,low_vol,ema,0.853,13.0,19.5,0.81,sl,-13.0,-105.3,False,2023-04-21 09:00:00,13269.110000000011,13163.810000000012
buy,low_vol,ema,1.0,19.5,29.25,0.68,sl,-19.5,-132.6,False,2023-04-21 15:00:00,13163.810000000012,13031.210000000012
buy,low_vol,ema,0.9998,18.2,27.299999999999997,0.72,tp,27.3,196.56,True,2023-04-26 11:00:00,13031.210000000012,13227.770000000011
sell,low_vol,ema,1.0,22.8,34.2,0.58,sl,-22.8,-132.24,False,2023-04-28 13:00:00,13227.770000000011,13095.530000000012
sell,low_vol,ema,1.0,21.3,31.950000000000003,0.61,sl,-21.3,-129.93,False,2023-05-05 15:00:00,13095.530000000012,12965.600000000011
sell,low_vol,ema,1.0,20.2,30.299999999999997,0.64,sl,-20.2,-129.28,False,2023-06-23 11:00:00,12965.600000000011,12836.32000000001
buy,low_vol,ema,1.0,14.9,22.35,0.86,tp,22.35,192.21,True,2023-06-27 11:00:00,12836.32000000001,13028.53000000001
sell,low_vol,ema,1.0,12.9,19.35,1.01,tp,19.35,195.44,True,2023-07-04 13:00:00,13028.53000000001,13223.97000000001
buy,low_vol,ema,1.0,22.3,33.45,0.59,tp,33.45,197.35,True,2023-07-07 15:00:00,13223.97000000001,13421.32000000001
sell,low_vol,ema,1.0,24.2,36.3,0.55,tp,36.3,199.65,True,2023-07-20 17:00:00,13421.32000000001,13620.97000000001
sell,low_vol,ema,1.0,36.7,30.000000000001137,0.37,timeout,30.0,111.0,True,2023-07-27 16:00:00,13620.97000000001,13731.97000000001
buy,low_vol,ema,0.9999,27.4,41.099999999999994,0.5,sl,-27.4,-137.0,False,2023-08-04 19:00:00,13731.97000000001,13594.97000000001
sell,low_vol,ema,1.0,20.7,31.049999999999997,0.66,sl,-20.7,-136.62,False,2023-08-08 14:00:00,13594.97000000001,13458.35000000001
sell,low_vol,ema,1.0,25.8,38.7,0.52,tp,38.7,201.24,True,2023-08-11 18:00:00,13458.35000000001,13659.59000000001
sell,low_vol,ema,1.0,22.4,33.599999999999994,0.61,sl,-22.4,-136.64,False,2023-08-22 16:00:00,13659.59000000001,13522.95000000001
buy,low_vol,ema,0.7954,27.2,40.8,0.35,tp,40.8,142.8,True,2023-08-29 20:00:00,13522.95000000001,13665.75000000001
sell,low_vol,ema,1.0,17.3,25.950000000000003,0.79,sl,-17.3,-136.67,False,2023-09-12 13:00:00,13665.75000000001,13529.080000000009
buy,low_vol,ema,0.9993,20.1,30.150000000000002,0.67,sl,-20.1,-134.67,False,2023-09-13 01:00:00,13529.080000000009,13394.410000000009
sell,low_vol,ema,1.0,21.4,32.099999999999994,0.63,tp,32.1,202.23,True,2023-09-14 15:00:00,13394.410000000009,13596.640000000009
buy,low_vol,ema,1.0,17.3,25.950000000000003,0.79,sl,-17.3,-136.67,False,2023-09-19 16:00:00,13596.640000000009,13459.970000000008
sell,low_vol,ema,0.9975,18.0,27.0,0.75,sl,-18.0,-135.0,False,2023-09-19 18:00:00,13459.970000000008,13324.970000000008
buy,low_vol,ema,1.0,11.6,17.4,1.15,tp,17.4,200.1,True,2023-09-20 13:00:00,13324.970000000008,13525.070000000009
sell,low_vol,ema,0.998,24.4,36.599999999999994,0.55,tp,36.6,201.3,True,2023-09-21 01:00:00,13525.070000000009,13726.370000000008
buy,low_vol,ema,0.9999,15.9,23.85,0.86,sl,-15.9,-136.74,False,2023-09-29 12:00:00,13726.370000000008,13589.630000000008
buy,low_vol,ema,1.0,21.9,15.800000000001369,0.62,timeout,15.8,97.96,True,2023-10-05 17:00:00,13589.630000000008,13687.590000000007
buy,low_vol,ema,1.0,26.9,40.349999999999994,0.51,sl,-26.9,-137.19,False,2023-10-17 18:00:00,13687.590000000007,13550.400000000007
sell,low_vol,ema,0.992,25.8,38.7,0.52,sl,-25.8,-134.16,False,2023-10-18 21:00:00,13550.400000000007,13416.240000000007
buy,low_vol,ema,1.0,22.7,34.05,0.59,sl,-22.7,-133.93,False,2023-10-19 19:00:00,13416.240000000007,13282.310000000007
sell,low_vol,ema,0.9982,12.1,18.15,1.09,tp,18.15,197.83,True,2023-10-25 11:00:00,13282.310000000007,13480.140000000007
buy,low_vol,ema,1.0,18.6,27.900000000000002,0.72,sl,-18.6,-133.92,False,2023-10-30 15:00:00,13480.140000000007,13346.220000000007
sell,low_vol,ema,1.0,13.8,20.700000000000003,0.97,sl,-13.8,-133.86,False,2023-11-13 15:00:00,13346.220000000007,13212.360000000006
buy,low_vol,ema,1.0,16.7,25.049999999999997,0.79,tp,25.05,197.89,True,2023-11-13 18:00:00,13212.360000000006,13410.250000000005
sell,low_vol,ema,1.0,21.7,32.55,0.62,sl,-21.7,-134.54,False,2023-11-30 13:00:00,13410.250000000005,13275.710000000005
buy,low_vol,ema,1.0,20.6,30.900000000000002,0.64,sl,-20.6,-131.84,False,2024-01-10 21:00:00,13275.710000000005,13143.870000000004
buy,low_vol,ema,0.9773,12.3,18.450000000000003,1.03,sl,-12.3,-126.69,False,2024-01-22 07:00:00,13143.870000000004,13017.180000000004
sell,low_vol,ema,1.0,14.7,14.399999999998858,0.89,timeout,14.4,128.16,True,2024-01-22 15:00:00,13017.180000000004,13145.340000000004
buy,low_vol,ema,0.9946,13.5,20.25,0.97,sl,-13.5,-130.95,False,2024-01-23 08:00:00,13145.340000000004,13014.390000000003
sell,low_vol,ema,1.0,16.1,24.150000000000002,0.81,tp,24.15,195.62,True,2024-01-23 12:00:00,13014.390000000003,13210.010000000004
buy,low_vol,ema,1.0,23.5,35.25,0.56,sl,-23.5,-131.6,False,2024-01-24 17:00:00,13210.010000000004,13078.410000000003
sell,low_vol,ema,1.0,19.9,29.849999999999998,0.66,sl,-19.9,-131.34,False,2024-01-25 17:00:00,13078.410000000003,12947.070000000003
buy,low_vol,ema,0.9995,24.9,9.300000000000974,0.52,timeout,9.3,48.36,True,2024-02-01 22:00:00,12947.070000000003,12995.430000000004
sell,low_vol,ema,1.0,29.2,43.8,0.45,tp,43.8,197.1,True,2024-02-02 19:00:00,12995.430000000004,13192.530000000004
buy,low_vol,ema,1.0,16.5,24.75,0.8,sl,-16.5,-132.0,False,2024-02-09 18:00:00,13192.530000000004,13060.530000000004
sell,low_vol,ema,1.0,17.8,26.700000000000003,0.73,sl,-17.8,-129.94,False,2024-02-12 18:00:00,13060.530000000004,12930.590000000004
buy,low_vol,ema,0.9991,18.2,27.299999999999997,0.71,sl,-18.2,-129.22,False,2024-02-12 19:00:00,12930.590000000004,12801.370000000004
sell,low_vol,ema,0.9897,19.4,29.099999999999998,0.65,sl,-19.4,-126.1,False,2024-02-12 21:00:00,12801.370000000004,12675.270000000004
buy,low_vol,ema,0.9997,18.6,27.900000000000002,0.68,sl,-18.6,-126.48,False,2024-02-15 20:00:00,12675.270000000004,12548.790000000005
sell,low_vol,ema,1.0,12.5,18.75,1.0,sl,-12.5,-125.0,False,2024-02-28 12:00:00,12548.790000000005,12423.790000000005
sell,low_vol,ema,1.0,22.1,33.150000000000006,0.56,sl,-22.1,-123.76,False,2024-02-29 18:00:00,12423.790000000005,12300.030000000004
sell,low_vol,ema,1.0,15.2,22.799999999999997,0.81,sl,-15.2,-123.12,False,2024-03-14 18:00:00,12300.030000000004,12176.910000000003
buy,low_vol,ema,1.0,19.1,28.650000000000002,0.64,sl,-19.1,-122.24,False,2024-03-21 00:00:00,12176.910000000003,12054.670000000004
buy,low_vol,ema,1.0,15.5,23.25,0.78,tp,23.25,181.35,True,2024-04-03 18:00:00,12054.670000000004,12236.020000000004
sell,low_vol,ema,1.0,20.6,30.900000000000002,0.59,tp,30.9,182.31,True,2024-04-10 16:00:00,12236.020000000004,12418.330000000004
sell,low_vol,ema,1.0,16.3,24.450000000000003,0.76,tp,24.45,185.82,True,2024-04-18 19:00:00,12418.330000000004,12604.150000000003
buy,low_vol,ema,0.9984,12.8,19.200000000000003,0.98,sl,-12.8,-125.44,False,2024-04-22 08:00:00,12604.150000000003,12478.710000000003
sell,low_vol,ema,0.9871,13.9,20.85,0.88,tp,20.85,183.48,True,2024-04-22 12:00:00,12478.710000000003,12662.190000000002
buy,low_vol,ema,1.0,14.5,21.75,0.87,sl,-14.5,-126.15,False,2024-04-23 11:00:00,12662.190000000002,12536.040000000003
sell,low_vol,ema,0.9934,23.7,35.55,0.52,sl,-23.7,-123.24,False,2024-04-30 19:00:00,12536.040000000003,12412.800000000003
buy,low_vol,ema,1.0,16.6,24.900000000000002,0.75,tp,24.9,186.75,True,2024-05-09 18:00:00,12412.800000000003,12599.550000000003
sell,low_vol,ema,1.0,10.3,15.450000000000001,1.22,tp,15.45,188.49,True,2024-05-22 13:00:00,12599.550000000003,12788.040000000003
sell,low_vol,ema,1.0,14.8,22.200000000000003,0.86,tp,22.2,190.92,True,2024-05-29 15:00:00,12788.040000000003,12978.960000000003
buy,low_vol,ema,1.0,15.5,23.25,0.84,sl,-15.5,-130.2,False,2024-05-31 15:00:00,12978.960000000003,12848.760000000002
sell,low_vol,ema,1.0,20.4,30.599999999999998,0.63,tp,30.6,192.78,True,2024-06-07 17:00:00,12848.760000000002,13041.540000000003
buy,low_vol,ema,1.0,26.3,39.45,0.5,sl,-26.3,-131.5,False,2024-06-12 21:00:00,13041.540000000003,12910.040000000003
sell,low_vol,ema,1.0,20.5,30.75,0.63,tp,30.75,193.72,True,2024-06-13 18:00:00,12910.040000000003,13103.760000000002
buy,low_vol,ema,1.0,10.6,15.899999999999999,1.24,sl,-10.6,-131.44,False,2024-06-19 14:00:00,13103.760000000002,12972.320000000002
sell,low_vol,ema,1.0,8.8,13.200000000000001,1.47,sl,-8.8,-129.36,False,2024-06-20 11:00:00,12972.320000000002,12842.960000000001
buy,low_vol,ema,1.0,15.4,23.1,0.83,sl,-15.4,-127.82,False,2024-06-24 21:00:00,12842.960000000001,12715.140000000001
sell,low_vol,ema,0.9998,14.1,21.15,0.9,sl,-14.1,-126.9,False,2024-06-25 18:00:00,12715.140000000001,12588.240000000002
buy,low_vol,ema,1.0,19.8,29.700000000000003,0.64,tp,29.7,190.08,True,2024-06-28 20:00:00,12588.240000000002,12778.320000000002
buy,low_vol,ema,1.0,22.8,34.2,0.56,tp,34.2,191.52,True,2024-08-02 16:00:00,12778.320000000002,12969.840000000002
sell,low_vol,ema,1.0,19.1,28.650000000000002,0.68,sl,-19.1,-129.88,False,2024-08-28 15:00:00,12969.840000000002,12839.960000000003
buy,low_vol,ema,0.9103,20.2,30.299999999999997,0.55,tp,30.3,166.65,True,2024-09-24 19:00:00,12839.960000000003,13006.610000000002
sell,low_vol,ema,1.0,12.5,18.75,1.04,sl,-12.5,-130.0,False,2024-09-26 10:00:00,13006.610000000002,12876.610000000002
buy,low_vol,ema,1.0,18.0,27.0,0.72,sl,-18.0,-129.6,False,2024-09-26 15:00:00,12876.610000000002,12747.010000000002
sell,low_vol,ema,1.0,20.4,30.599999999999998,0.62,sl,-20.4,-126.48,False,2024-09-26 16:00:00,12747.010000000002,12620.530000000002
buy,low_vol,ema,1.0,24.8,37.2,0.51,sl,-24.8,-126.48,False,2024-09-26 17:00:00,12620.530000000002,12494.050000000003
buy,low_vol,ema,1.0,10.4,15.600000000000001,1.2,tp,15.6,187.2,True,2024-10-25 06:00:00,12494.050000000003,12681.250000000004
sell,low_vol,ema,0.998,16.2,24.299999999999997,0.78,sl,-16.2,-126.36,False,2024-10-25 22:00:00,12681.250000000004,12554.890000000003
buy,low_vol,ema,1.0,11.8,17.700000000000003,1.06,sl,-11.8,-125.08,False,2024-10-29 01:00:00,12554.890000000003,12429.810000000003
sell,low_vol,ema,1.0,9.7,14.549999999999999,1.28,sl,-9.7,-124.16,False,2024-10-29 06:00:00,12429.810000000003,12305.650000000003
buy,low_vol,ema,1.0,9.7,14.549999999999999,1.27,sl,-9.7,-123.19,False,2024-10-29 10:00:00,12305.650000000003,12182.460000000003
sell,low_vol,ema,0.9947,11.4,17.1,1.06,tp,17.1,181.26,True,2024-10-29 12:00:00,12182.460000000003,12363.720000000003
sell,low_vol,ema,0.9949,17.1,25.650000000000002,0.72,sl,-17.1,-123.12,False,2024-11-20 12:00:00,12363.720000000003,12240.600000000002
sell,low_vol,ema,0.9999,14.1,21.15,0.87,tp,21.15,184.01,True,2024-12-10 13:00:00,12240.600000000002,12424.610000000002
buy,low_vol,ema,1.0,14.8,22.200000000000003,0.84,sl,-14.8,-124.32,False,2024-12-27 01:00:00,12424.610000000002,12300.290000000003
buy,low_vol,ema,0.9999,23.3,34.95,0.53,tp,34.95,185.24,True,2025-02-04 23:00:00,12300.290000000003,12485.530000000002
buy,low_vol,ema,1.0,16.8,25.200000000000003,0.74,tp,25.2,186.48,True,2025-02-12 02:00:00,12485.530000000002,12672.010000000002
sell,low_vol,ema,0.8103,12.7,19.049999999999997,0.73,sl,-12.7,-92.71,False,2025-02-19 12:00:00,12672.010000000002,12579.300000000003
sell,low_vol,ema,0.9999,19.3,28.950000000000003,0.65,sl,-19.3,-125.45,False,2025-02-27 07:00:00,12579.300000000003,12453.850000000002
buy,low_vol,ema,0.9983,24.5,36.75,0.51,sl,-24.5,-124.95,False,2025-03-03 18:00:00,12453.850000000002,12328.900000000001
sell,low_vol,ema,0.9992,14.9,22.35,0.83,sl,-14.9,-123.67,False,2025-03-14 08:00:00,12328.900000000001,12205.230000000001
buy,low_vol,ema,0.9594,25.0,37.5,0.46,sl,-25.0,-115.0,False,2025-03-28 19:00:00,12205.230000000001,12090.230000000001
sell,low_vol,ema,1.0,20.7,31.049999999999997,0.58,sl,-20.7,-120.06,False,2025-04-01 16:00:00,12090.230000000001,11970.170000000002
buy,low_vol,ema,1.0,21.1,31.650000000000002,0.57,sl,-21.1,-120.27,False,2025-04-02 17:00:00,11970.170000000002,11849.900000000001
sell,low_vol,ema,1.0,42.0,63.0,0.28,sl,-42.0,-117.6,False,2025-04-08 17:00:00,11849.900000000001,11732.300000000001
buy,low_vol,ema,0.7765,37.9,56.849999999999994,0.21,sl,-37.9,-79.59,False,2025-04-28 22:00:00,11732.300000000001,11652.710000000001
sell,low_vol,ema,0.9999,24.7,37.05,0.47,tp,37.05,174.14,True,2025-04-30 11:00:00,11652.710000000001,11826.85
buy,low_vol,ema,0.9997,32.2,48.300000000000004,0.37,sl,-32.2,-119.14,False,2025-05-06 20:00:00,11826.85,11707.710000000001
sell,low_vol,ema,0.9999,28.8,43.2,0.41,sl,-28.8,-118.08,False,2025-05-08 01:00:00,11707.710000000001,11589.630000000001
buy,low_vol,ema,0.9997,30.3,45.45,0.38,sl,-30.3,-115.14,False,2025-05-14 15:00:00,11589.630000000001,11474.490000000002
sell,low_vol,ema,0.9926,36.6,54.900000000000006,0.31,sl,-36.6,-113.46,False,2025-05-14 21:00:00,11474.490000000002,11361.030000000002
buy,low_vol,ema,0.9555,28.8,43.2,0.37,sl,-28.8,-106.56,False,2025-05-15 16:00:00,11361.030000000002,11254.470000000003
sell,low_vol,ema,0.9665,30.6,45.900000000000006,0.35,sl,-30.6,-107.1,False,2025-05-15 17:00:00,11254.470000000003,11147.370000000003
buy,low_vol,ema,0.9999,17.2,25.799999999999997,0.65,sl,-17.2,-111.8,False,2025-05-16 08:00:00,11147.370000000003,11035.570000000003
sell,low_vol,ema,0.9999,20.7,31.049999999999997,0.53,sl,-20.7,-109.71,False,2025-05-28 05:00:00,11035.570000000003,10925.860000000004
sell,low_vol,ema,1.0,26.0,39.0,0.42,sl,-26.0,-109.2,False,2025-06-09 03:00:00,10925.860000000004,10816.660000000003
buy,low_vol,ema,0.9999,27.2,40.8,0.4,sl,-27.2,-108.8,False,2025-06-09 04:00:00,10816.660000000003,10707.860000000004
sell,low_vol,ema,1.0,21.6,32.400000000000006,0.5,sl,-21.6,-108.0,False,2025-06-10 10:00:00,10707.860000000004,10599.860000000004
buy,low_vol,ema,1.0,15.899999999999803,35.55,0.67,timeout,-15.9,-106.53,False,2025-06-10 13:00:00,10599.860000000004,10493.330000000004
sell,low_vol,ema,1.0,31.7,47.55,0.33,sl,-31.7,-104.61,False,2025-06-17 23:00:00,10493.330000000004,10388.720000000003
buy,low_vol,ema,1.0,19.1,28.650000000000002,0.54,sl,-19.1,-103.14,False,2025-06-20 09:00:00,10388.720000000003,10285.580000000004
sell,low_vol,ema,0.9992,31.6,27.300000000001212,0.33,timeout,27.3,90.09,True,2025-06-23 05:00:00,10285.580000000004,10375.670000000004
sell,low_vol,ema,1.0,18.9,28.349999999999998,0.55,tp,28.35,155.92,True,2025-07-07 13:00:00,10375.670000000004,10531.590000000004
buy,low_vol,ema,1.0,16.9,25.349999999999998,0.62,tp,25.35,157.17,True,2025-07-21 13:00:00,10531.590000000004,10688.760000000004
sell,low_vol,ema,0.9647,27.8,41.7,0.37,tp,41.7,154.29,True,2025-07-28 12:00:00,10688.760000000004,10843.050000000005
sell,low_vol,ema,0.9999,24.3,36.45,0.45,sl,-24.3,-109.35,False,2025-08-15 01:00:00,10843.050000000005,10733.700000000004
sell,low_vol,ema,0.9997,23.0,34.5,0.47,sl,-23.0,-108.1,False,2025-08-26 01:00:00,10733.700000000004,10625.600000000004
buy,low_vol,ema,0.9979,16.0,24.0,0.66,tp,24.0,158.4,True,2025-08-28 13:00:00,10625.600000000004,10784.000000000004
buy,low_vol,ema,0.9999,12.8,19.200000000000003,0.84,tp,19.2,161.28,True,2025-09-05 09:00:00,10784.000000000004,10945.280000000004
sell,low_vol,ema,0.9999,19.7,29.549999999999997,0.56,sl,-19.7,-110.32,False,2025-09-10 13:00:00,10945.280000000004,10834.960000000005
buy,low_vol,ema,0.9988,25.9,38.849999999999994,0.42,sl,-25.9,-108.78,False,2025-09-10 17:00:00,10834.960000000005,10726.180000000004
sell,low_vol,ema,0.9998,26.8,40.2,0.4,tp,40.2,160.8,True,2025-09-10 19:00:00,10726.180000000004,10886.980000000003
buy,low_vol,ema,0.9987,24.3,2.500000000000835,0.45,timeout,2.5,11.25,True,2025-09-11 19:00:00,10886.980000000003,10898.230000000003
sell,low_vol,ema,0.9439,22.8,34.2,0.44,tp,34.2,150.48,True,2025-09-19 03:00:00,10898.230000000003,11048.710000000003
sell,low_vol,ema,0.9999,17.1,6.399999999999739,0.65,timeout,6.4,41.6,True,2025-09-24 14:00:00,11048.710000000003,11090.310000000003
buy,low_vol,ema,1.0,15.6,23.4,0.71,tp,23.4,166.14,True,2025-09-30 09:00:00,11090.310000000003,11256.450000000003
sell,low_vol,ema,0.9918,20.9,31.349999999999998,0.53,sl,-20.9,-110.77,False,2025-10-02 18:00:00,11256.450000000003,11145.680000000002
buy,low_vol,ema,0.9999,17.5,26.25,0.64,sl,-17.5,-112.0,False,2025-10-03 18:00:00,11145.680000000002,11033.680000000002
sell,low_vol,ema,0.9999,19.3,28.950000000000003,0.57,tp,28.95,165.02,True,2025-10-06 02:00:00,11033.680000000002,11198.700000000003
buy,low_vol,ema,1.0,16.8,25.200000000000003,0.67,tp,25.2,168.84,True,2025-10-15 06:00:00,11198.700000000003,11367.540000000003
buy,low_vol,ema,0.9993,21.5,32.25,0.53,tp,32.25,170.93,True,2025-10-24 20:00:00,11367.540000000003,11538.470000000003
sell,low_vol,ema,1.0,28.9,43.349999999999994,0.4,sl,-28.9,-115.6,False,2025-10-29 21:00:00,11538.470000000003,11422.870000000003
buy,low_vol,ema,0.9523,19.6,29.400000000000002,0.54,tp,29.4,158.76,True,2025-11-06 20:00:00,11422.870000000003,11581.630000000003
buy,low_vol,ema,0.9998,22.3,33.45,0.52,tp,33.45,173.94,True,2025-11-25 18:00:00,11581.630000000003,11755.570000000003
sell,low_vol,ema,1.0,13.9,20.85,0.85,sl,-13.9,-118.15,False,2025-12-09 15:00:00,11755.570000000003,11637.420000000004
buy,low_vol,ema,0.9371,17.6,26.400000000000002,0.6,tp,26.4,158.4,True,2025-12-10 19:00:00,11637.420000000004,11795.820000000003
sell,low_vol,ema,1.0,12.5,18.75,0.94,sl,-12.5,-117.5,False,2025-12-18 14:00:00,11795.820000000003,11678.320000000003
buy,low_vol,ema,1.0,17.4,26.099999999999998,0.67,sl,-17.4,-116.58,False,2025-12-18 15:00:00,11678.320000000003,11561.740000000003
sell,low_vol,ema,1.0,22.3,33.45,0.52,sl,-22.3,-115.96,False,2025-12-18 18:00:00,11561.740000000003,11445.780000000004
buy,low_vol,ema,1.0,12.8,19.200000000000003,0.89,tp,19.2,170.88,True,2025-12-22 15:00:00,11445.780000000004,11616.660000000003
sell,low_vol,ema,0.9985,21.9,32.849999999999994,0.53,sl,-21.9,-116.07,False,2025-12-29 19:00:00,11616.660000000003,11500.590000000004
sell,low_vol,ema,1.0,12.0,18.0,0.96,tp,18.0,172.8,True,2025-12-30 15:00:00,11500.590000000004,11673.390000000003
sell,low_vol,ema,0.7308,38.5,57.75,0.19,tp,57.75,109.73,True,2026-01-30 20:00:00,11673.390000000003,11783.120000000003
buy,low_vol,ema,0.9999,14.6,21.9,0.81,tp,21.9,177.39,True,2026-02-09 07:00:00,11783.120000000003,11960.510000000002
sell,low_vol,ema,1.0,5.800000000000249,28.5,2.06,timeout,-5.8,-119.48,False,2026-02-13 01:00:00,11960.510000000002,11841.030000000002
buy,low_vol,ema,0.9999,16.1,21.299999999999653,0.74,timeout,21.3,157.62,True,2026-02-25 22:00:00,11841.030000000002,11998.650000000003
buy,low_vol,ema,0.8779,20.2,30.299999999999997,0.49,sl,-20.2,-98.98,False,2026-04-20 18:00:00,11998.650000000003,11899.670000000004
sell,low_vol,ema,1.0,13.0,19.5,0.92,sl,-13.0,-119.6,False,2026-04-21 15:00:00,11899.670000000004,11780.070000000003
buy,low_vol,ema,0.9984,16.6,24.900000000000002,0.71,sl,-16.6,-117.86,False,2026-04-27 11:00:00,11780.070000000003,11662.210000000003
sell,low_vol,ema,1.0,12.5,18.75,0.93,tp,18.75,174.38,True,2026-04-28 05:00:00,11662.210000000003,11836.590000000002
