time,hmm_state,regime,prob_low_vol,prob_high_vol,regime_confidence
2026-04-07 10:15:00,0,low_vol,1.0,1.7265370143711248e-287,1.0
2026-04-07 10:30:00,0,low_vol,1.0,9.99165241060634e-36,1.0
2026-04-07 10:45:00,0,low_vol,1.0,1.0469231459521842e-33,1.0
2026-04-07 11:00:00,0,low_vol,1.0,1.444437987135021e-29,1.0
2026-04-07 11:15:00,0,low_vol,1.0,1.650727378422084e-30,1.0
2026-04-07 11:30:00,0,low_vol,1.0,2.413455583980707e-28,1.0
2026-04-07 11:45:00,0,low_vol,1.0,2.715548401220555e-21,1.0
2026-04-07 12:00:00,0,low_vol,1.0,1.1316618693793945e-24,1.0
2026-04-07 12:15:00,0,low_vol,1.0,1.0913390608433475e-23,1.0
2026-04-07 12:30:00,0,low_vol,1.0,7.654373824907037e-24,1.0
2026-04-07 12:45:00,0,low_vol,1.0,1.0181953123302899e-22,1.0
2026-04-07 13:00:00,0,low_vol,1.0,1.653802803318248e-17,1.0
2026-04-07 13:15:00,0,low_vol,1.0,1.703905212038959e-17,1.0
2026-04-07 13:30:00,0,low_vol,1.0,1.8125278950365522e-19,1.0
2026-04-07 13:45:00,0,low_vol,1.0,2.713639446367989e-20,1.0
2026-04-07 14:00:00,0,low_vol,1.0,4.0507892891786265e-19,1.0
2026-04-07 14:15:00,0,low_vol,1.0,6.293915459875403e-19,1.0
2026-04-07 14:30:00,0,low_vol,1.0,2.056198367986683e-19,1.0
2026-04-07 14:45:00,0,low_vol,1.0,3.195772250834571e-19,1.0
2026-04-07 15:00:00,0,low_vol,1.0,9.462775849267682e-19,1.0
2026-04-07 15:15:00,0,low_vol,1.0,1.8660785462302362e-20,1.0
2026-04-07 15:30:00,0,low_vol,1.0,5.2059365082174624e-20,1.0
2026-04-07 15:45:00,0,low_vol,1.0,6.922483489578471e-15,1.0
2026-04-07 16:00:00,0,low_vol,1.0,1.103327982267043e-23,1.0
2026-04-07 16:15:00,0,low_vol,1.0,4.998481064188942e-20,1.0
2026-04-07 16:30:00,0,low_vol,1.0,1.058880479552151e-24,1.0
2026-04-07 16:45:00,0,low_vol,1.0,4.897030984352326e-27,1.0
2026-04-07 17:00:00,0,low_vol,1.0,9.530953078928884e-30,1.0
2026-04-07 17:15:00,0,low_vol,1.0,5.6381578475530486e-21,1.0
2026-04-07 17:30:00,0,low_vol,1.0,9.2443213828692e-22,1.0
2026-04-07 17:45:00,0,low_vol,1.0,1.4690982098495823e-18,1.0
2026-04-07 18:00:00,0,low_vol,1.0,3.3583846503615117e-20,1.0
2026-04-07 18:15:00,0,low_vol,1.0,7.353792893137516e-21,1.0
2026-04-07 18:30:00,0,low_vol,1.0,4.892820658599056e-19,1.0
2026-04-07 18:45:00,0,low_vol,1.0,2.1066506581075109e-16,1.0
2026-04-07 19:00:00,0,low_vol,1.0,3.4477605054193707e-18,1.0
2026-04-07 19:15:00,0,low_vol,1.0,1.5886299291764155e-18,1.0
2026-04-07 19:30:00,0,low_vol,1.0,6.705359473271097e-17,1.0
2026-04-07 19:45:00,0,low_vol,1.0,1.0501278597051352e-15,1.0
2026-04-07 20:00:00,0,low_vol,1.0,1.3204460222825707e-16,1.0
2026-04-07 20:15:00,0,low_vol,1.0,2.362212846199798e-17,1.0
2026-04-07 20:30:00,0,low_vol,1.0,3.502032166480873e-15,1.0
2026-04-07 20:45:00,0,low_vol,1.0,4.432426216920511e-17,1.0
2026-04-07 21:00:00,0,low_vol,1.0,1.1100608798882018e-17,1.0
2026-04-07 21:15:00,0,low_vol,1.0,1.0827397294530298e-18,1.0
2026-04-07 21:30:00,0,low_vol,1.0,5.039466671780475e-19,1.0
2026-04-07 21:45:00,0,low_vol,1.0,1.3602895627187373e-18,1.0
2026-04-07 22:00:00,0,low_vol,1.0,1.31380321145493e-19,1.0
2026-04-07 22:15:00,0,low_vol,1.0,2.2333911949028162e-23,1.0
2026-04-07 22:30:00,0,low_vol,1.0,2.0947412942188003e-23,1.0
2026-04-07 22:45:00,0,low_vol,1.0,7.12925848040419e-23,1.0
2026-04-07 23:00:00,0,low_vol,1.0,2.3356611006410687e-20,1.0
2026-04-07 23:15:00,0,low_vol,1.0,1.125063877280515e-21,1.0
2026-04-07 23:30:00,0,low_vol,1.0,8.755573440253879e-23,1.0
2026-04-07 23:45:00,0,low_vol,1.0,1.8631567364799903e-23,1.0
2026-04-08 00:00:00,0,low_vol,1.0,5.089000481691236e-15,1.0
2026-04-08 00:15:00,0,low_vol,1.0,2.6813019063613456e-17,1.0
2026-04-08 00:30:00,0,low_vol,1.0,6.118138396667354e-21,1.0
2026-04-08 00:45:00,0,low_vol,1.0,9.027997209417384e-20,1.0
2026-04-08 01:00:00,0,low_vol,0.9999967506280923,3.2493718270078886e-06,0.9999967506280923
2026-04-08 01:15:00,0,low_vol,1.0,1.176164247428459e-13,1.0
2026-04-08 01:30:00,1,high_vol,1.4077464116937255e-120,1.0,1.0
2026-04-08 01:45:00,1,high_vol,9.077885634978123e-13,0.9999999999990905,0.9999999999990905
2026-04-08 02:00:00,1,high_vol,1.2781688716319972e-12,0.9999999999986358,0.9999999999986358
2026-04-08 02:15:00,1,high_vol,3.8453065024683495e-10,0.9999999996152837,0.9999999996152837
2026-04-08 02:30:00,1,high_vol,3.3781587564514707e-10,0.9999999996621227,0.9999999996621227
2026-04-08 02:45:00,1,high_vol,1.6848451955210645e-11,0.9999999999831743,0.9999999999831743
2026-04-08 03:00:00,1,high_vol,1.488299171926509e-10,0.9999999998512976,0.9999999998512976
2026-04-08 03:15:00,1,high_vol,6.073300938509724e-13,0.9999999999995453,0.9999999999995453
2026-04-08 03:30:00,1,high_vol,2.5709024693412485e-14,1.0,1.0
2026-04-08 03:45:00,1,high_vol,1.797673703580668e-12,0.999999999998181,0.999999999998181
2026-04-08 04:00:00,1,high_vol,1.2834499334881586e-12,0.9999999999986358,0.9999999999986358
2026-04-08 04:15:00,1,high_vol,2.7233081246083724e-13,0.9999999999995453,0.9999999999995453
2026-04-08 04:30:00,1,high_vol,1.0253112780357602e-14,1.0,1.0
2026-04-08 04:45:00,1,high_vol,1.3169481776746493e-13,1.0,1.0
2026-04-08 05:00:00,1,high_vol,2.8393076869143015e-15,1.0,1.0
2026-04-08 05:15:00,1,high_vol,1.4761467331620106e-18,1.0,1.0
2026-04-08 05:30:00,1,high_vol,9.545006912651183e-24,1.0,1.0
2026-04-08 05:45:00,1,high_vol,4.81851931897646e-25,1.0,1.0
2026-04-08 06:00:00,1,high_vol,6.66253193678616e-23,1.0,1.0
2026-04-08 06:15:00,1,high_vol,1.9522926598809906e-18,1.0,1.0
2026-04-08 06:30:00,0,low_vol,0.9999995790459228,4.209541820868802e-07,0.9999995790459228
2026-04-08 06:45:00,0,low_vol,1.0,2.1126108593707822e-14,1.0
2026-04-08 07:00:00,0,low_vol,1.0,4.7786527151035624e-15,1.0
2026-04-08 07:15:00,0,low_vol,1.0,3.0169244776286646e-17,1.0
2026-04-08 07:30:00,0,low_vol,1.0,2.47581991220913e-18,1.0
2026-04-08 07:45:00,0,low_vol,1.0,2.970769497666889e-20,1.0
2026-04-08 08:00:00,0,low_vol,1.0,2.6151483813850866e-21,1.0
2026-04-08 08:15:00,0,low_vol,1.0,2.8073137692806616e-19,1.0
2026-04-08 08:30:00,0,low_vol,1.0,5.31155988833804e-24,1.0
2026-04-08 08:45:00,0,low_vol,1.0,2.2295877334530955e-23,1.0
2026-04-08 09:00:00,0,low_vol,1.0,2.439753022783995e-26,1.0
2026-04-08 09:15:00,0,low_vol,1.0,2.78706100518442e-25,1.0
2026-04-08 09:30:00,0,low_vol,1.0,1.212140310231524e-26,1.0
2026-04-08 09:45:00,0,low_vol,1.0,7.629138894795043e-26,1.0
2026-04-08 10:00:00,0,low_vol,1.0,3.542239218319836e-23,1.0
2026-04-08 10:15:00,0,low_vol,1.0,4.5179615739317704e-20,1.0
2026-04-08 10:30:00,0,low_vol,1.0,4.5666610067880705e-21,1.0
2026-04-08 10:45:00,0,low_vol,1.0,2.6613645670576855e-18,1.0
2026-04-08 11:00:00,0,low_vol,1.0,8.186616580224018e-17,1.0
2026-04-08 11:15:00,0,low_vol,1.0,7.997181789950763e-16,1.0
2026-04-08 11:30:00,0,low_vol,0.999999999535703,4.644973989786585e-10,0.999999999535703
2026-04-08 11:45:00,0,low_vol,1.0,2.2554461406208273e-14,1.0
2026-04-08 12:00:00,0,low_vol,1.0,3.152764908636537e-15,1.0
2026-04-08 12:15:00,0,low_vol,1.0,7.298796558229e-16,1.0
2026-04-08 12:30:00,0,low_vol,1.0,4.65555469551158e-16,1.0
2026-04-08 12:45:00,0,low_vol,1.0,1.1294324399774475e-15,1.0
2026-04-08 13:00:00,0,low_vol,1.0,1.555589384416163e-15,1.0
2026-04-08 13:15:00,0,low_vol,1.0,2.4472978766544476e-16,1.0
2026-04-08 13:30:00,0,low_vol,1.0,6.364923660449068e-17,1.0
2026-04-08 13:45:00,0,low_vol,1.0,4.505377202823259e-17,1.0
2026-04-08 14:00:00,0,low_vol,1.0,2.0288000482456445e-15,1.0
2026-04-08 14:15:00,0,low_vol,1.0,1.6683903065607922e-13,1.0
2026-04-08 14:30:00,0,low_vol,1.0,4.403001731701196e-17,1.0
2026-04-08 14:45:00,0,low_vol,1.0,2.176004495912177e-15,1.0
2026-04-08 15:00:00,0,low_vol,1.0,1.963085792493422e-20,1.0
2026-04-08 15:15:00,0,low_vol,1.0,1.7464905259555522e-19,1.0
2026-04-08 15:30:00,0,low_vol,1.0,1.5538728994563726e-13,1.0
2026-04-08 15:45:00,0,low_vol,1.0,1.53435175284146e-14,1.0
2026-04-08 16:00:00,0,low_vol,1.0,4.017292279452891e-17,1.0
2026-04-08 16:15:00,0,low_vol,1.0,6.099311780763886e-14,1.0
2026-04-08 16:30:00,0,low_vol,1.0,1.0481449550202008e-17,1.0
2026-04-08 16:45:00,0,low_vol,1.0,9.047023375030392e-15,1.0
2026-04-08 17:00:00,0,low_vol,1.0,6.111831926873829e-14,1.0
2026-04-08 17:15:00,0,low_vol,0.9999999999995453,4.981586928939652e-13,0.9999999999995453
2026-04-08 17:30:00,0,low_vol,1.0,2.029440832032532e-13,1.0
2026-04-08 17:45:00,0,low_vol,0.9999999999354259,6.43913760786454e-11,0.9999999999354259
2026-04-08 18:00:00,0,low_vol,0.9999999999995453,4.949776050714683e-13,0.9999999999995453
2026-04-08 18:15:00,0,low_vol,0.9999999999990905,1.0231334482866893e-12,0.9999999999990905
2026-04-08 18:30:00,0,low_vol,0.9999999999931788,7.02453880954986e-12,0.9999999999931788
2026-04-08 18:45:00,0,low_vol,0.9999999999995453,3.933431943632809e-13,0.9999999999995453
2026-04-08 19:00:00,0,low_vol,1.0,1.4791965041114664e-13,1.0
2026-04-08 19:15:00,0,low_vol,1.0,7.744130441798017e-15,1.0
2026-04-08 19:30:00,0,low_vol,1.0,5.805030374976611e-15,1.0
2026-04-08 19:45:00,0,low_vol,1.0,8.599374150419974e-17,1.0
2026-04-08 20:00:00,0,low_vol,1.0,5.9058808290406534e-18,1.0
2026-04-08 20:15:00,0,low_vol,1.0,1.1890954997704601e-17,1.0
2026-04-08 20:30:00,0,low_vol,1.0,1.9510492352026238e-21,1.0
2026-04-08 20:45:00,0,low_vol,1.0,5.403931774767623e-22,1.0
2026-04-08 21:00:00,0,low_vol,1.0,5.302543438743074e-21,1.0
2026-04-08 21:15:00,0,low_vol,1.0,4.076764133851005e-18,1.0
2026-04-08 21:30:00,0,low_vol,1.0,6.479424666650845e-21,1.0
2026-04-08 21:45:00,0,low_vol,1.0,8.231877154480003e-22,1.0
2026-04-08 22:00:00,0,low_vol,1.0,1.2342349534904081e-20,1.0
2026-04-08 22:15:00,0,low_vol,1.0,2.1126128693367748e-21,1.0
2026-04-08 22:30:00,0,low_vol,1.0,6.677193764444339e-19,1.0
2026-04-08 22:45:00,0,low_vol,1.0,9.560041937555068e-18,1.0
2026-04-08 23:00:00,0,low_vol,1.0,7.724929746557722e-18,1.0
2026-04-08 23:15:00,0,low_vol,1.0,1.5433808257760878e-17,1.0
2026-04-08 23:30:00,0,low_vol,1.0,3.1350963523600803e-18,1.0
2026-04-08 23:45:00,0,low_vol,1.0,2.645054989730532e-19,1.0
2026-04-09 00:00:00,0,low_vol,1.0,6.641400290718348e-17,1.0
2026-04-09 00:15:00,0,low_vol,1.0,5.931227610401887e-17,1.0
2026-04-09 00:30:00,0,low_vol,1.0,1.539176059473978e-18,1.0
2026-04-09 00:45:00,0,low_vol,1.0,1.5617950595624122e-18,1.0
2026-04-09 01:00:00,0,low_vol,1.0,3.4876078516749954e-19,1.0
2026-04-09 01:15:00,0,low_vol,1.0,1.4273394189477963e-20,1.0
2026-04-09 01:30:00,0,low_vol,1.0,5.2351711861444067e-20,1.0
2026-04-09 01:45:00,0,low_vol,1.0,5.522028149932742e-20,1.0
2026-04-09 02:00:00,0,low_vol,1.0,6.20141567201565e-20,1.0
2026-04-09 02:15:00,0,low_vol,1.0,2.152356943194493e-27,1.0
2026-04-09 02:30:00,0,low_vol,1.0,1.7623636072789335e-28,1.0
2026-04-09 02:45:00,0,low_vol,1.0,9.379339768798566e-29,1.0
2026-04-09 03:00:00,0,low_vol,1.0,9.123243754722257e-30,1.0
2026-04-09 03:15:00,0,low_vol,1.0,2.6020249129531952e-30,1.0
2026-04-09 03:30:00,0,low_vol,1.0,4.283441789601665e-34,1.0
2026-04-09 03:45:00,0,low_vol,1.0,1.1974716003810802e-39,1.0
2026-04-09 04:00:00,0,low_vol,1.0,2.1639725970842028e-39,1.0
2026-04-09 04:15:00,0,low_vol,1.0,9.200759004976296e-36,1.0
2026-04-09 04:30:00,0,low_vol,1.0,1.429406817274228e-32,1.0
2026-04-09 04:45:00,0,low_vol,1.0,6.33232317554627e-33,1.0
2026-04-09 05:00:00,0,low_vol,1.0,1.3017941878421894e-32,1.0
2026-04-09 05:15:00,0,low_vol,1.0,4.128482924036587e-31,1.0
2026-04-09 05:30:00,0,low_vol,1.0,2.6764617869868735e-30,1.0
2026-04-09 05:45:00,0,low_vol,1.0,5.731390236918754e-31,1.0
2026-04-09 06:00:00,0,low_vol,1.0,5.561156543447311e-31,1.0
2026-04-09 06:15:00,0,low_vol,1.0,2.535091359698953e-29,1.0
2026-04-09 06:30:00,0,low_vol,1.0,5.140491930769799e-29,1.0
2026-04-09 06:45:00,0,low_vol,1.0,1.6092403951502885e-28,1.0
2026-04-09 07:00:00,0,low_vol,1.0,1.1287530014699392e-27,1.0
2026-04-09 07:15:00,0,low_vol,1.0,3.9182439999825453e-28,1.0
2026-04-09 07:30:00,0,low_vol,1.0,2.8020453830862563e-28,1.0
2026-04-09 07:45:00,0,low_vol,1.0,1.2672072401266064e-28,1.0
2026-04-09 08:00:00,0,low_vol,1.0,8.940895750745008e-33,1.0
2026-04-09 08:15:00,0,low_vol,1.0,1.810032657972152e-31,1.0
2026-04-09 08:30:00,0,low_vol,1.0,1.2362895931411183e-33,1.0
2026-04-09 08:45:00,0,low_vol,1.0,1.2281515561527328e-32,1.0
2026-04-09 09:00:00,0,low_vol,1.0,3.6205627645406846e-35,1.0
2026-04-09 09:15:00,0,low_vol,1.0,5.690835469795851e-37,1.0
2026-04-09 09:30:00,0,low_vol,1.0,9.85686268725456e-41,1.0
2026-04-09 09:45:00,0,low_vol,1.0,4.058317146307671e-38,1.0
2026-04-09 10:00:00,0,low_vol,1.0,3.0031867063873353e-35,1.0
2026-04-09 10:15:00,0,low_vol,1.0,1.8602151445444066e-38,1.0
2026-04-09 10:30:00,0,low_vol,1.0,5.0230367893165096e-36,1.0
2026-04-09 10:45:00,0,low_vol,1.0,2.1215968023949357e-37,1.0
2026-04-09 11:00:00,0,low_vol,1.0,8.984597344090805e-32,1.0
2026-04-09 11:15:00,0,low_vol,1.0,1.5671928574528267e-30,1.0
2026-04-09 11:30:00,0,low_vol,1.0,1.0587519814286812e-30,1.0
2026-04-09 11:45:00,0,low_vol,1.0,1.5858459861433977e-30,1.0
2026-04-09 12:00:00,0,low_vol,1.0,3.4232863554619635e-31,1.0
2026-04-09 12:15:00,0,low_vol,1.0,6.511604098650119e-30,1.0
2026-04-09 12:30:00,0,low_vol,1.0,1.7735639009601232e-28,1.0
2026-04-09 12:45:00,0,low_vol,1.0,6.554835877766962e-31,1.0
2026-04-09 13:00:00,0,low_vol,1.0,1.6417566607504918e-29,1.0
2026-04-09 13:15:00,0,low_vol,1.0,5.0862005216882064e-30,1.0
2026-04-09 13:30:00,0,low_vol,1.0,2.724868418355649e-29,1.0
2026-04-09 13:45:00,0,low_vol,1.0,1.331726699471423e-33,1.0
2026-04-09 14:00:00,0,low_vol,1.0,1.1100952168981103e-33,1.0
2026-04-09 14:15:00,0,low_vol,1.0,7.319911989430995e-33,1.0
2026-04-09 14:30:00,0,low_vol,1.0,9.2244696126364e-36,1.0
2026-04-09 14:45:00,0,low_vol,1.0,1.1773076368343089e-34,1.0
2026-04-09 15:00:00,0,low_vol,1.0,1.7420328232527007e-34,1.0
2026-04-09 15:15:00,0,low_vol,1.0,4.326589197481829e-35,1.0
2026-04-09 15:30:00,0,low_vol,1.0,3.4825163363397426e-42,1.0
2026-04-09 15:45:00,0,low_vol,1.0,1.1128204105864357e-34,1.0
2026-04-09 16:00:00,0,low_vol,1.0,1.1690103191436648e-40,1.0
2026-04-09 16:15:00,0,low_vol,1.0,3.2445586727035775e-37,1.0
2026-04-09 16:30:00,0,low_vol,1.0,7.023836975966807e-36,1.0
2026-04-09 16:45:00,0,low_vol,1.0,1.6433978906920207e-36,1.0
2026-04-09 17:00:00,0,low_vol,1.0,3.383488295163031e-33,1.0
2026-04-09 17:15:00,0,low_vol,1.0,1.9123987198204205e-32,1.0
2026-04-09 17:30:00,0,low_vol,1.0,2.3439016999846288e-27,1.0
2026-04-09 17:45:00,0,low_vol,1.0,5.1019552981445645e-25,1.0
2026-04-09 18:00:00,0,low_vol,1.0,9.53954263276241e-27,1.0
2026-04-09 18:15:00,0,low_vol,1.0,1.2408196780942302e-23,1.0
2026-04-09 18:30:00,0,low_vol,1.0,1.5906295200298935e-21,1.0
2026-04-09 18:45:00,0,low_vol,1.0,1.5986693293887163e-18,1.0
2026-04-09 19:00:00,0,low_vol,1.0,1.0954117417387493e-18,1.0
2026-04-09 19:15:00,0,low_vol,1.0,1.6796569080757947e-17,1.0
2026-04-09 19:30:00,0,low_vol,1.0,3.938796566910677e-17,1.0
2026-04-09 19:45:00,0,low_vol,1.0,1.2708712503033413e-16,1.0
2026-04-09 20:00:00,0,low_vol,1.0,1.0820389973391438e-16,1.0
2026-04-09 20:15:00,0,low_vol,1.0,9.480912471643403e-18,1.0
2026-04-09 20:30:00,0,low_vol,1.0,1.2347042850053995e-17,1.0
2026-04-09 20:45:00,0,low_vol,1.0,1.3500402957152217e-17,1.0
2026-04-09 21:00:00,0,low_vol,1.0,1.4157839474265705e-16,1.0
2026-04-09 21:15:00,0,low_vol,1.0,9.190689235086793e-16,1.0
2026-04-09 21:30:00,0,low_vol,1.0,6.926715642747477e-17,1.0
2026-04-09 21:45:00,0,low_vol,1.0,2.1679947960526595e-18,1.0
2026-04-09 22:00:00,0,low_vol,1.0,9.162535107606874e-19,1.0
2026-04-09 22:15:00,0,low_vol,1.0,2.9875140415715705e-18,1.0
2026-04-09 22:30:00,0,low_vol,1.0,1.8678587057027583e-20,1.0
2026-04-09 22:45:00,0,low_vol,1.0,7.522054947560166e-24,1.0
2026-04-09 23:00:00,0,low_vol,1.0,1.6257556605795058e-23,1.0
2026-04-09 23:15:00,0,low_vol,1.0,1.6283008807711308e-23,1.0
2026-04-09 23:30:00,0,low_vol,1.0,2.6685597080852017e-27,1.0
2026-04-09 23:45:00,0,low_vol,1.0,3.6324384864628497e-28,1.0
2026-04-10 00:00:00,0,low_vol,1.0,1.0774951839610818e-24,1.0
2026-04-10 00:15:00,0,low_vol,1.0,3.371530785274656e-29,1.0
2026-04-10 00:30:00,0,low_vol,1.0,3.705764798248461e-28,1.0
2026-04-10 00:45:00,0,low_vol,1.0,9.976474622604064e-31,1.0
2026-04-10 01:00:00,0,low_vol,1.0,1.154868976437204e-30,1.0
2026-04-10 01:15:00,0,low_vol,1.0,4.15296333932739e-31,1.0
2026-04-10 01:30:00,0,low_vol,1.0,3.928963971895768e-33,1.0
2026-04-10 01:45:00,0,low_vol,1.0,2.6753415782098856e-32,1.0
2026-04-10 02:00:00,0,low_vol,1.0,3.229902022642632e-36,1.0
2026-04-10 02:15:00,0,low_vol,1.0,1.037542158225483e-35,1.0
2026-04-10 02:30:00,0,low_vol,1.0,3.662511730449757e-34,1.0
2026-04-10 02:45:00,0,low_vol,1.0,2.3850148281118428e-35,1.0
2026-04-10 03:00:00,0,low_vol,1.0,4.1311587593163295e-41,1.0
2026-04-10 03:15:00,0,low_vol,1.0,4.1560893533580777e-38,1.0
2026-04-10 03:30:00,0,low_vol,1.0,2.963022854600895e-39,1.0
2026-04-10 03:45:00,0,low_vol,1.0,8.84478781277952e-41,1.0
2026-04-10 04:00:00,0,low_vol,1.0,1.1717208671909967e-42,1.0
2026-04-10 04:15:00,0,low_vol,1.0,2.49870332801614e-41,1.0
2026-04-10 04:30:00,0,low_vol,1.0,7.723309971816874e-40,1.0
2026-04-10 04:45:00,0,low_vol,1.0,2.9397097649318053e-39,1.0
2026-04-10 05:00:00,0,low_vol,1.0,2.212313685424939e-40,1.0
2026-04-10 05:15:00,0,low_vol,1.0,8.262967657211266e-37,1.0
2026-04-10 05:30:00,0,low_vol,1.0,1.0341798476501822e-37,1.0
2026-04-10 05:45:00,0,low_vol,1.0,1.91004313214282e-34,1.0
2026-04-10 06:00:00,0,low_vol,1.0,1.424418296559795e-34,1.0
2026-04-10 06:15:00,0,low_vol,1.0,3.9972236540894275e-33,1.0
2026-04-10 06:30:00,0,low_vol,1.0,1.1863664448789849e-34,1.0
2026-04-10 06:45:00,0,low_vol,1.0,1.7931521460706223e-34,1.0
2026-04-10 07:00:00,0,low_vol,1.0,6.984945121224644e-34,1.0
2026-04-10 07:15:00,0,low_vol,1.0,5.360867566251659e-33,1.0
2026-04-10 07:30:00,0,low_vol,1.0,3.133612014239282e-33,1.0
2026-04-10 07:45:00,0,low_vol,1.0,1.5794980474376335e-33,1.0
2026-04-10 08:00:00,0,low_vol,1.0,8.515621454352405e-36,1.0
2026-04-10 08:15:00,0,low_vol,1.0,1.2009069072092892e-34,1.0
2026-04-10 08:30:00,0,low_vol,1.0,2.65238797120702e-36,1.0
2026-04-10 08:45:00,0,low_vol,1.0,6.406490790971073e-36,1.0
2026-04-10 09:00:00,0,low_vol,1.0,3.0936749927997306e-39,1.0
2026-04-10 09:15:00,0,low_vol,1.0,9.773453275972346e-39,1.0
2026-04-10 09:30:00,0,low_vol,1.0,6.716852118894831e-43,1.0
2026-04-10 09:45:00,0,low_vol,1.0,1.2231416499761336e-42,1.0
2026-04-10 10:00:00,0,low_vol,1.0,5.363705963892117e-47,1.0
2026-04-10 10:15:00,0,low_vol,1.0,1.4569418360190392e-41,1.0
2026-04-10 10:30:00,0,low_vol,1.0,2.3591474179196077e-40,1.0
2026-04-10 10:45:00,0,low_vol,1.0,3.163483064221098e-38,1.0
2026-04-10 11:00:00,0,low_vol,1.0,6.478050409167017e-39,1.0
2026-04-10 11:15:00,0,low_vol,1.0,2.7697051707196e-37,1.0
2026-04-10 11:30:00,0,low_vol,1.0,8.166721188462037e-36,1.0
2026-04-10 11:45:00,0,low_vol,1.0,1.0076577426793708e-38,1.0
2026-04-10 12:00:00,0,low_vol,1.0,1.0973798370952438e-35,1.0
2026-04-10 12:15:00,0,low_vol,1.0,1.6726304298360732e-38,1.0
2026-04-10 12:30:00,0,low_vol,1.0,9.728660816476193e-34,1.0
2026-04-10 12:45:00,0,low_vol,1.0,3.571579413113156e-33,1.0
2026-04-10 13:00:00,0,low_vol,1.0,5.273462080386845e-32,1.0
2026-04-10 13:15:00,0,low_vol,1.0,3.431105430391415e-30,1.0
2026-04-10 13:30:00,0,low_vol,1.0,5.835484766273309e-31,1.0
2026-04-10 13:45:00,0,low_vol,1.0,9.958645926230531e-31,1.0
2026-04-10 14:00:00,0,low_vol,1.0,2.999330510379127e-32,1.0
2026-04-10 14:15:00,0,low_vol,1.0,7.501628683648028e-31,1.0
2026-04-10 14:30:00,0,low_vol,1.0,1.5585966754309438e-31,1.0
2026-04-10 14:45:00,0,low_vol,1.0,6.680777416715394e-31,1.0
2026-04-10 15:00:00,0,low_vol,1.0,1.0616122918890449e-33,1.0
2026-04-10 15:15:00,0,low_vol,1.0,5.6234171930703194e-33,1.0
2026-04-10 15:30:00,0,low_vol,1.0,1.7643677400415674e-36,1.0
2026-04-10 15:45:00,0,low_vol,1.0,1.1685125036667234e-39,1.0
2026-04-10 16:00:00,0,low_vol,1.0,2.3540611348731966e-39,1.0
2026-04-10 16:15:00,0,low_vol,1.0,9.742489681072107e-36,1.0
2026-04-10 16:30:00,0,low_vol,1.0,9.133966601706389e-38,1.0
2026-04-10 16:45:00,0,low_vol,1.0,2.0710909705137932e-37,1.0
2026-04-10 17:00:00,0,low_vol,1.0,1.6304284406937712e-35,1.0
2026-04-10 17:15:00,0,low_vol,1.0,1.9377603777812839e-31,1.0
2026-04-10 17:30:00,0,low_vol,1.0,1.8830503594548685e-30,1.0
2026-04-10 17:45:00,0,low_vol,1.0,6.063268510517593e-34,1.0
2026-04-10 18:00:00,0,low_vol,1.0,1.3270811738314473e-29,1.0
2026-04-10 18:15:00,0,low_vol,1.0,6.37238572110088e-27,1.0
2026-04-10 18:30:00,0,low_vol,1.0,2.2953530830391416e-26,1.0
2026-04-10 18:45:00,0,low_vol,1.0,4.5001475193388395e-24,1.0
2026-04-10 19:00:00,0,low_vol,1.0,3.009259146796409e-24,1.0
2026-04-10 19:15:00,0,low_vol,1.0,1.2028423273952325e-22,1.0
2026-04-10 19:30:00,0,low_vol,1.0,1.9913746312463682e-22,1.0
2026-04-10 19:45:00,0,low_vol,1.0,6.58260712606187e-22,1.0
2026-04-10 20:00:00,0,low_vol,1.0,1.2487917940303366e-23,1.0
2026-04-10 20:15:00,0,low_vol,1.0,7.037632059918053e-24,1.0
2026-04-10 20:30:00,0,low_vol,1.0,3.025590757539485e-23,1.0
2026-04-10 20:45:00,0,low_vol,1.0,1.6231461607619655e-23,1.0
2026-04-10 21:00:00,0,low_vol,1.0,4.272587298735642e-24,1.0
2026-04-10 21:15:00,0,low_vol,1.0,1.5680629134329055e-25,1.0
2026-04-10 21:30:00,0,low_vol,1.0,7.308277020906028e-28,1.0
2026-04-10 21:45:00,0,low_vol,1.0,2.033844763132331e-28,1.0
2026-04-10 22:00:00,0,low_vol,1.0,3.8740473982221335e-30,1.0
2026-04-10 22:15:00,0,low_vol,1.0,1.4327948177465309e-31,1.0
2026-04-10 22:30:00,0,low_vol,1.0,3.8609553675022875e-32,1.0
2026-04-10 22:45:00,0,low_vol,1.0,2.0466037076483398e-32,1.0
2026-04-10 23:00:00,0,low_vol,1.0,1.115818224204228e-32,1.0
2026-04-10 23:15:00,0,low_vol,1.0,4.0702898207202796e-33,1.0
2026-04-10 23:30:00,0,low_vol,1.0,2.548584184828826e-34,1.0
2026-04-10 23:45:00,0,low_vol,1.0,1.6194257952733292e-29,1.0
2026-04-13 00:00:00,1,high_vol,1.3628448040472804e-58,1.0,1.0
2026-04-13 00:15:00,1,high_vol,3.762086679091941e-63,1.0,1.0
2026-04-13 00:30:00,1,high_vol,1.1115674411002341e-66,1.0,1.0
2026-04-13 00:45:00,1,high_vol,3.968171478783484e-66,1.0,1.0
2026-04-13 01:00:00,1,high_vol,1.3039494332247488e-65,1.0,1.0
2026-04-13 01:15:00,1,high_vol,3.193182434530605e-68,1.0,1.0
2026-04-13 01:30:00,1,high_vol,6.310925361829711e-65,1.0,1.0
2026-04-13 01:45:00,1,high_vol,3.816557308937596e-61,1.0,1.0
2026-04-13 02:00:00,1,high_vol,1.3782094785897133e-58,1.0,1.0
2026-04-13 02:15:00,1,high_vol,1.0530204456820458e-55,1.0,1.0
2026-04-13 02:30:00,1,high_vol,1.2865712641254985e-57,1.0,1.0
2026-04-13 02:45:00,1,high_vol,1.804558227532735e-57,1.0,1.0
2026-04-13 03:00:00,1,high_vol,4.696215418713537e-61,1.0,1.0
2026-04-13 03:15:00,1,high_vol,3.301086922416681e-57,1.0,1.0
2026-04-13 03:30:00,1,high_vol,2.3771471937435146e-87,1.0,1.0
2026-04-13 03:45:00,1,high_vol,6.85766749418667e-92,1.0,1.0
2026-04-13 04:00:00,1,high_vol,2.9567201626082084e-93,1.0,1.0
2026-04-13 04:15:00,1,high_vol,3.0861546622280247e-91,1.0,1.0
2026-04-13 04:30:00,1,high_vol,6.380091171007274e-94,1.0,1.0
2026-04-13 04:45:00,1,high_vol,1.7321202338402936e-88,1.0,1.0
2026-04-13 05:00:00,0,low_vol,1.0,4.836966492893259e-27,1.0
2026-04-13 05:15:00,0,low_vol,1.0,6.06951747735627e-31,1.0
2026-04-13 05:30:00,0,low_vol,1.0,4.147521946493885e-30,1.0
2026-04-13 05:45:00,0,low_vol,1.0,1.0036521444318708e-29,1.0
2026-04-13 06:00:00,0,low_vol,1.0,9.03128151185556e-28,1.0
2026-04-13 06:15:00,0,low_vol,1.0,8.589941579959126e-29,1.0
2026-04-13 06:30:00,0,low_vol,1.0,4.976868097103415e-30,1.0
2026-04-13 06:45:00,0,low_vol,1.0,1.1495751286385754e-29,1.0
2026-04-13 07:00:00,0,low_vol,1.0,1.0116495206596118e-31,1.0
2026-04-13 07:15:00,0,low_vol,1.0,4.243563007953292e-31,1.0
2026-04-13 07:30:00,0,low_vol,1.0,5.905585120187761e-32,1.0
2026-04-13 07:45:00,0,low_vol,1.0,1.7421638173862277e-32,1.0
2026-04-13 08:00:00,0,low_vol,1.0,6.41732741365479e-34,1.0
2026-04-13 08:15:00,0,low_vol,1.0,2.751240099173734e-34,1.0
2026-04-13 08:30:00,0,low_vol,1.0,1.4208928951882992e-34,1.0
2026-04-13 08:45:00,0,low_vol,1.0,7.700854698104134e-36,1.0
2026-04-13 09:00:00,0,low_vol,1.0,1.0920296543620418e-41,1.0
2026-04-13 09:15:00,0,low_vol,1.0,2.0228157940040193e-38,1.0
2026-04-13 09:30:00,0,low_vol,1.0,1.5225499406528452e-40,1.0
2026-04-13 09:45:00,0,low_vol,1.0,3.946502153845448e-41,1.0
2026-04-13 10:00:00,0,low_vol,1.0,1.3744248174309556e-44,1.0
2026-04-13 10:15:00,0,low_vol,1.0,7.29588183738476e-43,1.0
2026-04-13 10:30:00,0,low_vol,1.0,7.926705635337265e-43,1.0
2026-04-13 10:45:00,0,low_vol,1.0,2.6054167549652117e-37,1.0
2026-04-13 11:00:00,0,low_vol,1.0,1.7266592394648003e-40,1.0
2026-04-13 11:15:00,0,low_vol,1.0,3.098718837180452e-41,1.0
2026-04-13 11:30:00,0,low_vol,1.0,6.270766465595677e-39,1.0
2026-04-13 11:45:00,0,low_vol,1.0,3.212631476216179e-39,1.0
2026-04-13 12:00:00,0,low_vol,1.0,1.417668614764767e-32,1.0
2026-04-13 12:15:00,0,low_vol,1.0,9.551914538699983e-33,1.0
2026-04-13 12:30:00,0,low_vol,1.0,1.8764809892912706e-33,1.0
2026-04-13 12:45:00,0,low_vol,1.0,1.0984716835158829e-32,1.0
2026-04-13 13:00:00,0,low_vol,1.0,7.333292368764297e-34,1.0
2026-04-13 13:15:00,0,low_vol,1.0,1.430690372167563e-31,1.0
2026-04-13 13:30:00,0,low_vol,1.0,1.9615255971804407e-32,1.0
2026-04-13 13:45:00,0,low_vol,1.0,1.670240052266418e-35,1.0
2026-04-13 14:00:00,0,low_vol,1.0,3.824777607524501e-36,1.0
2026-04-13 14:15:00,0,low_vol,1.0,1.5016943356145404e-32,1.0
2026-04-13 14:30:00,0,low_vol,1.0,4.888864457395658e-37,1.0
2026-04-13 14:45:00,0,low_vol,1.0,1.841975252200535e-37,1.0
2026-04-13 15:00:00,0,low_vol,1.0,6.749300663891265e-37,1.0
2026-04-13 15:15:00,0,low_vol,1.0,2.0508701026811988e-33,1.0
2026-04-13 15:30:00,0,low_vol,1.0,3.79161618292203e-36,1.0
2026-04-13 15:45:00,0,low_vol,1.0,2.6210590887814702e-30,1.0
2026-04-13 16:00:00,0,low_vol,1.0,2.563757289855285e-32,1.0
2026-04-13 16:15:00,0,low_vol,1.0,6.079965851795694e-31,1.0
2026-04-13 16:30:00,0,low_vol,1.0,6.650420017165278e-32,1.0
2026-04-13 16:45:00,0,low_vol,1.0,4.752566044296663e-29,1.0
2026-04-13 17:00:00,0,low_vol,1.0,2.908650671928924e-26,1.0
2026-04-13 17:15:00,0,low_vol,1.0,1.686336639542913e-24,1.0
2026-04-13 17:30:00,0,low_vol,1.0,8.978025837783454e-23,1.0
2026-04-13 17:45:00,0,low_vol,1.0,4.15995399401238e-24,1.0
2026-04-13 18:00:00,0,low_vol,1.0,4.730853877604817e-24,1.0
2026-04-13 18:15:00,0,low_vol,1.0,2.4806106611054e-22,1.0
2026-04-13 18:30:00,0,low_vol,1.0,3.3010438278407086e-20,1.0
2026-04-13 18:45:00,0,low_vol,1.0,1.5938284848599218e-21,1.0
2026-04-13 19:00:00,0,low_vol,1.0,6.850930203258307e-22,1.0
2026-04-13 19:15:00,0,low_vol,1.0,1.4265299860235196e-21,1.0
2026-04-13 19:30:00,0,low_vol,1.0,6.0287549936031034e-24,1.0
2026-04-13 19:45:00,0,low_vol,1.0,3.700581074498882e-24,1.0
2026-04-13 20:00:00,0,low_vol,1.0,1.1144891501217143e-21,1.0
2026-04-13 20:15:00,0,low_vol,1.0,2.9116680381900986e-23,1.0
2026-04-13 20:30:00,0,low_vol,1.0,1.4809284137657931e-23,1.0
2026-04-13 20:45:00,0,low_vol,1.0,1.0120555917309713e-24,1.0
2026-04-13 21:00:00,0,low_vol,1.0,3.8938193547124697e-25,1.0
2026-04-13 21:15:00,0,low_vol,1.0,1.0295251886035038e-25,1.0
2026-04-13 21:30:00,0,low_vol,1.0,1.0577723079120635e-25,1.0
2026-04-13 21:45:00,0,low_vol,1.0,2.4420196535781947e-26,1.0
2026-04-13 22:00:00,0,low_vol,1.0,2.9324300093827285e-27,1.0
2026-04-13 22:15:00,0,low_vol,1.0,2.7225997570894783e-27,1.0
2026-04-13 22:30:00,0,low_vol,1.0,7.051362275146998e-28,1.0
2026-04-13 22:45:00,0,low_vol,1.0,2.6396447759643384e-29,1.0
2026-04-13 23:00:00,0,low_vol,1.0,7.48305910740447e-29,1.0
2026-04-13 23:15:00,0,low_vol,1.0,2.098943465009246e-29,1.0
2026-04-13 23:30:00,0,low_vol,1.0,3.352257584594779e-30,1.0
2026-04-13 23:45:00,0,low_vol,1.0,4.685512954457927e-30,1.0
2026-04-14 00:00:00,0,low_vol,1.0,2.824404967954396e-29,1.0
2026-04-14 00:15:00,0,low_vol,1.0,1.5917207732986547e-29,1.0
2026-04-14 00:30:00,0,low_vol,1.0,3.6729302159074094e-32,1.0
2026-04-14 00:45:00,0,low_vol,1.0,5.720569564707151e-33,1.0
2026-04-14 01:00:00,0,low_vol,1.0,2.363117902340532e-32,1.0
2026-04-14 01:15:00,0,low_vol,1.0,2.7478870150314207e-34,1.0
2026-04-14 01:30:00,0,low_vol,1.0,1.355999104083488e-35,1.0
2026-04-14 01:45:00,0,low_vol,1.0,8.087577710394657e-35,1.0
2026-04-14 02:00:00,0,low_vol,1.0,1.541105603222893e-35,1.0
2026-04-14 02:15:00,0,low_vol,1.0,5.937342581694268e-34,1.0
2026-04-14 02:30:00,0,low_vol,1.0,2.426802078051208e-35,1.0
2026-04-14 02:45:00,0,low_vol,1.0,1.9950507181919855e-37,1.0
2026-04-14 03:00:00,0,low_vol,1.0,6.927880667194639e-42,1.0
2026-04-14 03:15:00,0,low_vol,1.0,8.992687313789533e-40,1.0
2026-04-14 03:30:00,0,low_vol,1.0,1.5742694277290285e-38,1.0
2026-04-14 03:45:00,0,low_vol,1.0,4.017817460006239e-41,1.0
2026-04-14 04:00:00,0,low_vol,1.0,1.7683112444387022e-39,1.0
2026-04-14 04:15:00,0,low_vol,1.0,3.091432859818494e-36,1.0
2026-04-14 04:30:00,0,low_vol,1.0,2.2528242930250622e-38,1.0
2026-04-14 04:45:00,0,low_vol,1.0,6.018995492108288e-35,1.0
2026-04-14 05:00:00,0,low_vol,1.0,2.5989437627658016e-36,1.0
2026-04-14 05:15:00,0,low_vol,1.0,1.9551764617947394e-38,1.0
2026-04-14 05:30:00,0,low_vol,1.0,2.7931245803411773e-36,1.0
2026-04-14 05:45:00,0,low_vol,1.0,1.470641028979028e-34,1.0
2026-04-14 06:00:00,0,low_vol,1.0,3.095943364376444e-35,1.0
2026-04-14 06:15:00,0,low_vol,1.0,1.659279150143934e-35,1.0
2026-04-14 06:30:00,0,low_vol,1.0,9.311313314009264e-35,1.0
2026-04-14 06:45:00,0,low_vol,1.0,3.3362061192200056e-35,1.0
2026-04-14 07:00:00,0,low_vol,1.0,2.7826775330168845e-34,1.0
2026-04-14 07:15:00,0,low_vol,1.0,8.729143764329327e-34,1.0
2026-04-14 07:30:00,0,low_vol,1.0,1.8284014507037457e-34,1.0
2026-04-14 07:45:00,0,low_vol,1.0,1.118954759447506e-34,1.0
2026-04-14 08:00:00,0,low_vol,1.0,8.687577482182373e-42,1.0
2026-04-14 08:15:00,0,low_vol,1.0,3.796434016081555e-38,1.0
2026-04-14 08:30:00,0,low_vol,1.0,1.490201010798495e-38,1.0
2026-04-14 08:45:00,0,low_vol,1.0,5.39007035769269e-38,1.0
2026-04-14 09:00:00,0,low_vol,1.0,1.1666804698971572e-41,1.0
2026-04-14 09:15:00,0,low_vol,1.0,1.3658558925102239e-40,1.0
2026-04-14 09:30:00,0,low_vol,1.0,1.7073822714661574e-38,1.0
2026-04-14 09:45:00,0,low_vol,1.0,9.783434095620682e-40,1.0
2026-04-14 10:00:00,0,low_vol,1.0,2.3041704907706556e-35,1.0
