setup,symbol,total_trades,win_rate,total_pnl,profit_factor,avg_win,avg_loss,max_drawdown,sharpe,final_balance,expectancy
BB_20_2.0,EURUSD,1556,0.427,1920.88,1.018,162.24,-118.61,-0.523,0.247,11920.88,1.23
BB_10_2.0,EURUSD,889,0.452,9516.05,1.13,206.27,-150.73,-0.1982,1.123,19516.05,10.7
BB_20_2.5,EURUSD,591,0.428,841.36,1.025,135.7,-99.08,-0.2548,0.279,10841.36,1.42
BB_50_2.0,EURUSD,2483,0.444,13788.31,1.053,248.68,-188.45,-0.4411,0.584,23788.31,5.55
BB_20_3.0,EURUSD,194,0.49,3909.93,1.338,162.75,-116.68,-0.0791,2.361,13909.93,20.15
EMA_flip_5_20,EURUSD,1307,0.386,-5365.23,0.893,88.79,-62.41,-0.5586,-0.72,4634.77,-4.1
EMA_flip_10_50,EURUSD,578,0.398,-2387.09,0.916,113.72,-82.02,-0.2705,-0.558,7612.91,-4.13
EMA_flip_20_100,EURUSD,249,0.43,342.69,1.025,129.07,-94.84,-0.1186,0.278,10342.69,1.38
EMA_flip_10_200,EURUSD,210,0.371,-1852.18,0.832,117.74,-83.6,-0.177,-1.282,8147.82,-8.82
RSI_14_30_70,EURUSD,3318,0.456,45439.53,1.056,569.65,-452.32,-0.585,0.827,55439.53,13.69
RSI_7_25_75,EURUSD,3921,0.444,21156.03,1.051,248.01,-188.56,-0.6175,0.503,31156.03,5.4
RSI_21_35_65,EURUSD,3886,0.471,171045.06,1.069,1455.45,-1212.27,-0.7275,1.162,181045.06,44.02
ATR_break_20_0.5,EURUSD,0,0.0,0.0,0.0,0.0,0.0,0.0,0.0,10000.0,0.0
ATR_break_20_1.0,EURUSD,0,0.0,0.0,0.0,0.0,0.0,0.0,0.0,10000.0,0.0
ATR_break_10_0.5,EURUSD,0,0.0,0.0,0.0,0.0,0.0,0.0,0.0,10000.0,0.0
VWAP_0.001,EURUSD,6889,0.448,74711.83,1.011,2281.31,-1830.48,-0.9525,0.538,84711.83,10.85
VWAP_0.002,EURUSD,3514,0.443,5707.15,1.015,245.69,-192.33,-0.8309,0.274,15707.15,1.62
VWAP_0.003,EURUSD,1783,0.435,-1249.16,0.986,115.09,-89.93,-0.7587,-0.021,8750.84,-0.7
COMBO_BB20_EMAflip10_50,EURUSD,2134,0.419,-888.56,0.993,142.78,-103.66,-0.5897,0.03,9111.44,-0.42
COMBO_BB20_EMAflip5_20,EURUSD,2863,0.408,-4467.8,0.967,113.15,-80.6,-0.738,-0.196,5532.2,-1.56
COMBO_BB10_EMAflip5_20,EURUSD,2196,0.413,-1003.51,0.992,135.71,-96.09,-0.3531,0.025,8996.49,-0.46
COMBO_RSI14_EMAflip10_50,EURUSD,3896,0.447,32236.96,1.038,502.51,-391.84,-0.6384,0.615,42236.96,8.27
BB_20_2.0,GBPUSD,1762,0.434,4542.44,1.045,137.72,-101.12,-0.5197,0.387,14542.44,2.58
BB_10_2.0,GBPUSD,916,0.439,3245.94,1.056,152.68,-113.09,-0.2211,0.519,13245.94,3.54
BB_20_2.5,GBPUSD,639,0.402,-2872.58,0.9,100.75,-75.31,-0.4891,-0.651,7127.42,-4.5
BB_50_2.0,GBPUSD,2902,0.446,62572.08,1.146,380.23,-266.66,-0.4683,1.043,72572.08,21.56
BB_20_3.0,GBPUSD,201,0.428,-205.13,0.982,132.98,-101.23,-0.16,-0.049,9794.87,-1.02
EMA_flip_5_20,GBPUSD,1238,0.424,2121.18,1.024,173.01,-124.41,-0.3785,0.304,12121.18,1.71
EMA_flip_10_50,GBPUSD,555,0.463,6881.53,1.183,172.93,-126.05,-0.1042,1.383,16881.53,12.4
EMA_flip_20_100,GBPUSD,205,0.395,-1117.91,0.901,125.93,-91.28,-0.1675,-0.732,8882.09,-5.45
EMA_flip_10_200,GBPUSD,210,0.486,3205.87,1.272,146.83,-108.99,-0.0857,1.935,13205.87,15.27
RSI_14_30_70,GBPUSD,3625,0.467,145707.31,1.202,512.32,-373.98,-0.4358,1.169,155707.31,40.2
RSI_7_25_75,GBPUSD,4386,0.445,54516.1,1.114,272.7,-196.3,-0.5622,0.696,64516.1,12.43
RSI_21_35_65,GBPUSD,4222,0.469,270200.81,1.173,924.04,-694.81,-0.6332,1.225,280200.81,64.0
ATR_break_20_0.5,GBPUSD,0,0.0,0.0,0.0,0.0,0.0,0.0,0.0,10000.0,0.0
ATR_break_20_1.0,GBPUSD,0,0.0,0.0,0.0,0.0,0.0,0.0,0.0,10000.0,0.0
ATR_break_10_0.5,GBPUSD,0,0.0,0.0,0.0,0.0,0.0,0.0,0.0,10000.0,0.0
VWAP_0.001,GBPUSD,7881,0.448,38509.15,1.038,294.15,-230.16,-0.9231,0.379,48509.15,4.89
VWAP_0.002,GBPUSD,4038,0.463,48949.92,1.057,486.6,-396.73,-0.576,0.733,58949.92,12.12
VWAP_0.003,GBPUSD,1837,0.486,42047.45,1.126,421.75,-354.42,-0.5107,1.389,52047.45,22.89
COMBO_BB20_EMAflip10_50,GBPUSD,2317,0.441,14643.63,1.084,185.34,-134.96,-0.3566,0.632,24643.63,6.32
COMBO_BB20_EMAflip5_20,GBPUSD,3000,0.43,7701.1,1.034,181.91,-132.73,-0.3794,0.355,17701.1,2.57
COMBO_BB10_EMAflip5_20,GBPUSD,2154,0.43,6013.63,1.032,210.14,-153.86,-0.4315,0.393,16013.63,2.79
COMBO_RSI14_EMAflip10_50,GBPUSD,4180,0.467,253617.45,1.198,785.87,-574.07,-0.3834,1.199,263617.45,60.67
