direction,regime,strategy,confidence,entry_price,sl_pips,tp_pips,spread_pips,lot_size,outcome,pnl_pips,pnl_usd,won,entry_time,signal_time,balance_before,balance_after
sell,high_vol,ema_flipped,1.0,0.73737,16.6,24.900000000000002,1.5,0.6,sl,-16.6,-99.6,False,2021-07-28 20:30:00,2021-07-28 20:15:00,10000.0,9900.4
buy,high_vol,ema_flipped,1.0,0.73767,14.5,21.75,1.5,0.68,tp,21.75,147.9,True,2021-08-04 16:45:00,2021-08-04 16:30:00,9900.4,10048.3
buy,high_vol,ema_flipped,0.9967,0.73892,5.0,7.5,1.5,2.0,sl,-5.0,-100.0,False,2021-08-06 02:15:00,2021-08-06 02:00:00,10048.3,9948.3
sell,high_vol,ema_flipped,1.0,0.73744,11.4,17.1,1.5,0.87,sl,-11.4,-99.18,False,2021-08-11 14:00:00,2021-08-11 13:45:00,9948.3,9849.119999999999
sell,high_vol,ema_flipped,1.0,0.71478,11.3,16.950000000000003,1.5,0.87,sl,-11.3,-98.31,False,2021-08-23 02:00:00,2021-08-23 01:45:00,9849.119999999999,9750.81
buy,high_vol,ema_flipped,1.0,0.74223,12.2,18.299999999999997,1.5,0.8,sl,-12.2,-97.6,False,2021-09-07 06:45:00,2021-09-07 06:30:00,9750.81,9653.21
buy,high_vol,ema_flipped,0.994,0.73675,7.5,11.25,1.5,1.28,timeout,1.1,14.08,True,2021-09-09 21:30:00,2021-09-09 21:15:00,9653.21,9667.289999999999
buy,high_vol,ema_flipped,1.0,0.73689,12.5,18.75,1.5,0.77,sl,-12.5,-96.25,False,2021-09-10 17:15:00,2021-09-10 17:00:00,9667.289999999999,9571.039999999999
sell,high_vol,ema_flipped,1.0,0.73715,11.8,17.700000000000003,1.5,0.81,timeout,1.4,11.34,True,2021-09-13 16:30:00,2021-09-13 16:15:00,9571.039999999999,9582.38
buy,high_vol,ema_flipped,0.9961,0.73583,6.3,9.45,1.5,1.51,tp,9.45,142.69,True,2021-09-13 19:30:00,2021-09-13 19:15:00,9582.38,9725.07
buy,high_vol,ema_flipped,0.9994,0.73502,10.6,15.899999999999999,1.5,0.92,sl,-10.6,-97.52,False,2021-09-14 04:45:00,2021-09-14 04:30:00,9725.07,9627.55
sell,high_vol,ema_flipped,0.9989,0.73154,7.1,10.649999999999999,1.5,1.35,tp,10.65,143.77,True,2021-09-17 08:30:00,2021-09-17 08:15:00,9627.55,9771.32
buy,high_vol,ema_flipped,1.0,0.72843,10.1,15.149999999999999,1.5,0.97,sl,-10.1,-97.97,False,2021-09-17 15:15:00,2021-09-17 15:00:00,9771.32,9673.35
sell,high_vol,ema_flipped,0.9977,0.72591,10.6,15.899999999999999,1.5,0.91,sl,-10.6,-96.46,False,2021-09-20 23:45:00,2021-09-20 23:30:00,9673.35,9576.890000000001
buy,high_vol,ema_flipped,1.0,0.72437,12.4,18.6,1.5,0.77,sl,-12.4,-95.48,False,2021-09-21 14:15:00,2021-09-21 14:00:00,9576.890000000001,9481.410000000002
buy,high_vol,ema_flipped,1.0,0.72389,24.7,37.05,1.5,0.38,tp,37.05,140.79,True,2021-09-22 22:15:00,2021-09-22 22:00:00,9481.410000000002,9622.200000000003
buy,high_vol,ema_flipped,0.9671,0.7279,9.5,14.25,1.5,0.97,sl,-9.5,-92.15,False,2021-09-24 09:30:00,2021-09-24 09:15:00,9622.200000000003,9530.050000000003
sell,high_vol,ema_flipped,0.9996,0.72815,6.9,10.350000000000001,1.5,1.38,sl,-6.9,-95.22,False,2021-09-27 02:30:00,2021-09-27 02:15:00,9530.050000000003,9434.830000000004
buy,high_vol,ema_flipped,0.9983,0.72645,11.9,17.85,1.5,0.79,sl,-11.9,-94.01,False,2021-09-27 10:30:00,2021-09-27 10:15:00,9434.830000000004,9340.820000000003
sell,high_vol,ema_flipped,0.9995,0.72784,13.9,20.85,1.5,0.67,sl,-13.9,-93.13,False,2021-09-27 15:45:00,2021-09-27 15:30:00,9340.820000000003,9247.690000000004
buy,high_vol,ema_flipped,1.0,0.7266,14.4,21.6,1.5,0.64,timeout,-5.2,-33.28,False,2021-09-28 09:30:00,2021-09-28 09:15:00,9247.690000000004,9214.410000000003
sell,high_vol,ema_flipped,1.0,0.7223,13.2,19.799999999999997,1.5,0.7,sl,-13.2,-92.4,False,2021-09-30 15:00:00,2021-09-30 14:45:00,9214.410000000003,9122.010000000004
sell,high_vol,ema_flipped,1.0,0.7241,13.8,20.700000000000003,1.5,0.66,sl,-13.8,-91.08,False,2021-10-01 10:30:00,2021-10-01 10:15:00,9122.010000000004,9030.930000000004
buy,high_vol,ema_flipped,0.9597,0.72942,8.2,12.299999999999999,1.5,1.04,tp,12.3,127.92,True,2021-10-08 08:30:00,2021-10-08 08:15:00,9030.930000000004,9158.850000000004
buy,high_vol,ema_flipped,1.0,0.73429,10.9,16.35,1.5,0.84,tp,16.35,137.34,True,2021-10-13 14:15:00,2021-10-13 14:00:00,9158.850000000004,9296.190000000004
sell,high_vol,ema_flipped,1.0,0.73611,12.6,18.9,1.5,0.74,sl,-12.6,-93.24,False,2021-10-13 14:45:00,2021-10-13 14:30:00,9296.190000000004,9202.950000000004
buy,high_vol,ema_flipped,1.0,0.74898,13.7,20.549999999999997,1.5,0.67,sl,-13.7,-91.79,False,2021-10-21 08:30:00,2021-10-21 08:15:00,9202.950000000004,9111.160000000003
buy,high_vol,ema_flipped,1.0,0.74632,16.1,24.150000000000002,1.5,0.57,timeout,22.0,125.4,True,2021-10-22 17:00:00,2021-10-22 16:45:00,9111.160000000003,9236.560000000003
buy,high_vol,ema_flipped,0.9999,0.74932,12.2,18.299999999999997,1.5,0.76,tp,18.3,139.08,True,2021-10-27 10:30:00,2021-10-27 10:15:00,9236.560000000003,9375.640000000003
buy,high_vol,ema_flipped,0.9995,0.75208,8.8,13.200000000000001,1.5,1.06,sl,-8.8,-93.28,False,2021-10-29 14:15:00,2021-10-29 14:00:00,9375.640000000003,9282.360000000002
sell,high_vol,ema_flipped,1.0,0.75232,8.8,13.200000000000001,1.5,1.05,sl,-8.8,-92.4,False,2021-11-01 15:30:00,2021-11-01 15:15:00,9282.360000000002,9189.960000000003
buy,high_vol,ema_flipped,1.0,0.75053,12.7,19.049999999999997,1.5,0.72,sl,-12.7,-91.44,False,2021-11-02 05:00:00,2021-11-02 04:45:00,9189.960000000003,9098.520000000002
sell,high_vol,ema_flipped,1.0,0.74457,18.3,27.450000000000003,1.5,0.5,sl,-18.3,-91.5,False,2021-11-03 22:15:00,2021-11-03 22:00:00,9098.520000000002,9007.020000000002
buy,high_vol,ema_flipped,1.0,0.74352,7.0,10.5,1.5,1.29,sl,-7.0,-90.3,False,2021-11-04 07:30:00,2021-11-04 07:15:00,9007.020000000002,8916.720000000003
buy,high_vol,ema_flipped,0.9989,0.7394,7.6,11.399999999999999,1.5,1.17,sl,-7.6,-88.92,False,2021-11-08 01:00:00,2021-11-08 00:45:00,8916.720000000003,8827.800000000003
buy,high_vol,ema_flipped,1.0,0.74077,7.3,10.95,1.5,1.21,sl,-7.3,-88.33,False,2021-11-09 02:30:00,2021-11-09 02:15:00,8827.800000000003,8739.470000000003
buy,high_vol,ema_flipped,0.9991,0.74021,8.7,13.049999999999999,1.5,1.0,sl,-8.7,-87.0,False,2021-11-09 13:15:00,2021-11-09 13:00:00,8739.470000000003,8652.470000000003
sell,high_vol,ema_flipped,0.9668,0.73016,7.9,11.850000000000001,1.5,1.04,sl,-7.9,-82.16,False,2021-11-12 14:00:00,2021-11-12 13:45:00,8652.470000000003,8570.310000000003
buy,high_vol,ema_flipped,0.9962,0.73392,7.9,11.850000000000001,1.5,1.08,sl,-7.9,-85.32,False,2021-11-16 07:00:00,2021-11-16 06:45:00,8570.310000000003,8484.990000000003
sell,high_vol,ema_flipped,0.9999,0.7289,7.2,10.8,1.5,1.18,tp,10.8,127.44,True,2021-11-18 08:00:00,2021-11-18 07:45:00,8484.990000000003,8612.430000000004
buy,high_vol,ema_flipped,1.0,0.72693,10.9,16.35,1.5,0.79,sl,-10.9,-86.11,False,2021-11-18 14:15:00,2021-11-18 14:00:00,8612.430000000004,8526.320000000003
buy,high_vol,ema_flipped,0.9367,0.72721,5.9,8.850000000000001,1.5,1.31,tp,8.85,115.94,True,2021-11-19 01:15:00,2021-11-19 01:00:00,8526.320000000003,8642.260000000004
buy,high_vol,ema_flipped,1.0,0.72588,8.5,12.75,1.5,1.02,sl,-8.5,-86.7,False,2021-11-19 09:30:00,2021-11-19 09:15:00,8642.260000000004,8555.560000000003
sell,high_vol,ema_flipped,0.9996,0.72575,10.3,15.450000000000001,1.5,0.83,sl,-10.3,-85.49,False,2021-11-22 09:30:00,2021-11-22 09:15:00,8555.560000000003,8470.070000000003
buy,high_vol,ema_flipped,0.6714,0.72404,13.9,20.85,1.5,0.32,sl,-13.9,-44.48,False,2021-11-22 16:45:00,2021-11-22 16:30:00,8470.070000000003,8425.590000000004
buy,high_vol,ema_flipped,0.8696,0.71305,9.0,13.5,1.5,0.76,sl,-9.0,-68.4,False,2021-11-29 15:30:00,2021-11-29 15:15:00,8425.590000000004,8357.190000000004
buy,high_vol,ema_flipped,1.0,0.71088,9.8,14.700000000000001,1.5,0.85,sl,-9.8,-83.3,False,2021-11-30 05:45:00,2021-11-30 05:30:00,8357.190000000004,8273.890000000005
sell,high_vol,ema_flipped,0.9997,0.71458,9.1,13.649999999999999,1.5,0.91,sl,-9.1,-82.81,False,2021-11-30 13:30:00,2021-11-30 13:15:00,8273.890000000005,8191.0800000000045
buy,high_vol,ema_flipped,1.0,0.70951,22.2,33.3,1.5,0.37,tp,33.3,123.21,True,2021-11-30 16:30:00,2021-11-30 16:15:00,8191.0800000000045,8314.290000000005
sell,high_vol,ema_flipped,0.9852,0.71382,9.5,14.25,1.5,0.86,sl,-9.5,-81.7,False,2021-12-01 01:45:00,2021-12-01 01:30:00,8314.290000000005,8232.590000000004
buy,high_vol,ema_flipped,1.0,0.71304,12.0,18.0,1.5,0.69,sl,-12.0,-82.8,False,2021-12-01 17:45:00,2021-12-01 17:30:00,8232.590000000004,8149.790000000004
buy,high_vol,ema_flipped,0.95,0.72532,6.6,9.899999999999999,1.5,1.15,sl,-6.6,-75.9,False,2021-12-30 19:30:00,2021-12-30 19:15:00,8149.790000000004,8073.890000000004
buy,high_vol,ema_flipped,1.0,0.72531,9.1,13.649999999999999,1.5,0.89,sl,-9.1,-80.99,False,2022-01-03 03:00:00,2022-01-03 02:45:00,8073.890000000004,7992.900000000004
sell,high_vol,ema_flipped,0.9984,0.72441,11.9,17.85,1.5,0.67,tp,17.85,119.6,True,2022-01-04 15:45:00,2022-01-04 15:30:00,7992.900000000004,8112.500000000005
buy,high_vol,ema_flipped,0.9418,0.7221,12.9,19.35,1.5,0.58,sl,-12.9,-74.82,False,2022-01-05 21:00:00,2022-01-05 20:45:00,8112.500000000005,8037.680000000005
sell,high_vol,ema_flipped,1.0,0.71766,17.2,25.799999999999997,1.5,0.47,sl,-17.2,-80.84,False,2022-01-07 17:15:00,2022-01-07 17:00:00,8037.680000000005,7956.840000000005
sell,high_vol,ema_flipped,1.0,0.71951,13.1,19.65,1.5,0.61,sl,-13.1,-79.91,False,2022-01-11 17:00:00,2022-01-11 16:45:00,7956.840000000005,7876.930000000005
buy,high_vol,ema_flipped,1.0,0.71906,10.0,15.0,1.5,0.79,sl,-10.0,-79.0,False,2022-01-18 03:45:00,2022-01-18 03:30:00,7876.930000000005,7797.930000000005
sell,high_vol,ema_flipped,0.9995,0.71999,10.2,15.299999999999999,1.5,0.76,sl,-10.2,-77.52,False,2022-01-19 09:45:00,2022-01-19 09:30:00,7797.930000000005,7720.410000000004
sell,high_vol,ema_flipped,1.0,0.7155,12.6,18.9,1.5,0.61,tp,18.9,115.29,True,2022-01-25 01:30:00,2022-01-25 01:15:00,7720.410000000004,7835.700000000004
buy,high_vol,ema_flipped,1.0,0.71404,14.7,22.049999999999997,1.5,0.53,sl,-14.7,-77.91,False,2022-01-25 03:30:00,2022-01-25 03:15:00,7835.700000000004,7757.7900000000045
sell,high_vol,ema_flipped,1.0,0.71524,14.3,21.450000000000003,1.5,0.54,sl,-14.3,-77.22,False,2022-01-25 18:30:00,2022-01-25 18:15:00,7757.7900000000045,7680.570000000004
buy,high_vol,ema_flipped,1.0,0.71264,15.1,22.65,1.5,0.51,sl,-15.1,-77.01,False,2022-01-26 20:00:00,2022-01-26 19:45:00,7680.570000000004,7603.560000000004
sell,high_vol,ema_flipped,1.0,0.71507,13.3,19.950000000000003,1.5,0.57,tp,19.95,113.71,True,2022-02-03 14:30:00,2022-02-03 14:15:00,7603.560000000004,7717.270000000004
buy,high_vol,ema_flipped,1.0,0.7158,17.7,26.549999999999997,1.5,0.44,sl,-17.7,-77.88,False,2022-02-10 21:30:00,2022-02-10 21:15:00,7717.270000000004,7639.390000000004
sell,high_vol,ema_flipped,0.9998,0.71731,14.6,21.9,1.5,0.52,tp,21.9,113.88,True,2022-02-11 15:15:00,2022-02-11 15:00:00,7639.390000000004,7753.270000000004
buy,high_vol,ema_flipped,1.0,0.71257,22.1,33.150000000000006,1.5,0.35,sl,-22.1,-77.35,False,2022-02-11 20:00:00,2022-02-11 19:45:00,7753.270000000004,7675.920000000004
sell,high_vol,ema_flipped,0.9939,0.7136,11.9,17.85,1.5,0.64,tp,17.85,114.24,True,2022-02-14 18:30:00,2022-02-14 18:15:00,7675.920000000004,7790.1600000000035
buy,high_vol,ema_flipped,0.9999,0.71151,12.1,18.15,1.5,0.64,tp,18.15,116.16,True,2022-02-14 19:15:00,2022-02-14 19:00:00,7790.1600000000035,7906.320000000003
sell,high_vol,ema_flipped,0.9936,0.71264,10.2,15.299999999999999,1.5,0.77,sl,-10.2,-78.54,False,2022-02-14 22:45:00,2022-02-14 22:30:00,7906.320000000003,7827.780000000003
sell,high_vol,ema_flipped,1.0,0.71535,13.4,20.1,1.5,0.58,tp,20.1,116.58,True,2022-02-15 08:45:00,2022-02-15 08:30:00,7827.780000000003,7944.360000000003
buy,high_vol,ema_flipped,1.0,0.71781,14.5,21.75,1.5,0.55,tp,21.75,119.63,True,2022-02-18 16:00:00,2022-02-18 15:45:00,7944.360000000003,8063.990000000003
sell,high_vol,ema_flipped,1.0,0.71953,12.3,18.450000000000003,1.5,0.66,sl,-12.3,-81.18,False,2022-02-25 04:30:00,2022-02-25 04:15:00,8063.990000000003,7982.810000000003
buy,high_vol,ema_flipped,1.0,0.71861,17.5,26.25,1.5,0.46,sl,-17.5,-80.5,False,2022-02-28 00:00:00,2022-02-27 23:45:00,7982.810000000003,7902.310000000003
buy,high_vol,ema_flipped,0.9768,0.72461,12.8,19.200000000000003,1.5,0.6,timeout,9.8,58.8,True,2022-03-01 18:30:00,2022-03-01 18:15:00,7902.310000000003,7961.110000000003
buy,high_vol,ema_flipped,1.0,0.73509,18.4,27.599999999999998,1.5,0.43,sl,-18.4,-79.12,False,2022-03-07 15:00:00,2022-03-07 14:45:00,7961.110000000003,7881.990000000003
buy,high_vol,ema_flipped,1.0,0.71902,13.8,20.700000000000003,1.5,0.57,sl,-13.8,-78.66,False,2022-03-15 17:15:00,2022-03-15 17:00:00,7881.990000000003,7803.330000000004
buy,high_vol,ema_flipped,0.9998,0.73921,9.7,14.549999999999999,1.5,0.8,sl,-9.7,-77.6,False,2022-03-21 22:15:00,2022-03-21 22:00:00,7803.330000000004,7725.730000000003
sell,high_vol,ema_flipped,0.919,0.75186,13.4,20.1,1.5,0.51,sl,-13.4,-68.34,False,2022-03-28 04:00:00,2022-03-28 03:45:00,7725.730000000003,7657.390000000003
buy,high_vol,ema_flipped,1.0,0.74838,13.9,20.85,1.5,0.55,sl,-13.9,-76.45,False,2022-03-28 14:15:00,2022-03-28 14:00:00,7657.390000000003,7580.940000000003
sell,high_vol,ema_flipped,0.9995,0.75037,13.1,19.65,1.5,0.58,tp,19.65,113.97,True,2022-03-29 13:00:00,2022-03-29 12:45:00,7580.940000000003,7694.9100000000035
buy,high_vol,ema_flipped,1.0,0.74929,14.0,21.0,1.5,0.55,sl,-14.0,-77.0,False,2022-03-29 13:15:00,2022-03-29 13:00:00,7694.9100000000035,7617.9100000000035
sell,high_vol,ema_flipped,1.0,0.75047,18.9,28.349999999999998,1.5,0.4,sl,-18.9,-75.6,False,2022-03-29 17:00:00,2022-03-29 16:45:00,7617.9100000000035,7542.310000000003
buy,high_vol,ema_flipped,1.0,0.7489,15.3,22.950000000000003,1.5,0.49,tp,22.95,112.46,True,2022-03-29 18:15:00,2022-03-29 18:00:00,7542.310000000003,7654.770000000003
buy,high_vol,ema_flipped,0.9999,0.73605,9.4,14.100000000000001,1.5,0.81,tp,14.1,114.21,True,2022-04-19 14:00:00,2022-04-19 13:45:00,7654.770000000003,7768.980000000003
sell,high_vol,ema_flipped,1.0,0.73802,12.0,18.0,1.5,0.65,sl,-12.0,-78.0,False,2022-04-19 15:00:00,2022-04-19 14:45:00,7768.980000000003,7690.980000000003
buy,high_vol,ema_flipped,1.0,0.74189,11.9,17.85,1.5,0.65,sl,-11.9,-77.35,False,2022-04-21 15:00:00,2022-04-21 14:45:00,7690.980000000003,7613.630000000003
sell,high_vol,ema_flipped,1.0,0.72208,17.2,25.799999999999997,1.5,0.44,tp,25.8,113.52,True,2022-04-26 04:15:00,2022-04-26 04:00:00,7613.630000000003,7727.150000000003
buy,high_vol,ema_flipped,0.7808,0.71785,13.4,20.1,1.5,0.4,sl,-13.4,-53.6,False,2022-04-26 15:00:00,2022-04-26 14:45:00,7727.150000000003,7673.550000000003
sell,high_vol,ema_flipped,0.994,0.71835,13.1,19.65,1.5,0.58,tp,19.65,113.97,True,2022-04-27 06:45:00,2022-04-27 06:30:00,7673.550000000003,7787.520000000003
buy,high_vol,ema_flipped,1.0,0.71523,17.1,25.650000000000002,1.5,0.46,sl,-17.1,-78.66,False,2022-04-27 08:45:00,2022-04-27 08:30:00,7787.520000000003,7708.860000000003
sell,high_vol,ema_flipped,1.0,0.71376,19.6,29.400000000000002,1.5,0.39,tp,29.4,114.66,True,2022-04-28 10:15:00,2022-04-28 10:00:00,7708.860000000003,7823.520000000003
buy,high_vol,ema_flipped,1.0,0.71138,18.9,28.349999999999998,1.5,0.41,sl,-18.9,-77.49,False,2022-04-28 11:00:00,2022-04-28 10:45:00,7823.520000000003,7746.030000000003
sell,high_vol,ema_flipped,0.9973,0.71237,10.6,15.899999999999999,1.5,0.73,sl,-10.6,-77.38,False,2022-04-29 02:00:00,2022-04-29 01:45:00,7746.030000000003,7668.650000000003
buy,high_vol,ema_flipped,1.0,0.70912,20.6,30.900000000000002,1.5,0.37,sl,-20.6,-76.22,False,2022-04-29 17:15:00,2022-04-29 17:00:00,7668.650000000003,7592.430000000003
sell,high_vol,ema_flipped,0.9986,0.70846,10.1,15.149999999999999,1.5,0.75,sl,-10.1,-75.75,False,2022-05-03 02:15:00,2022-05-03 02:00:00,7592.430000000003,7516.680000000003
buy,high_vol,ema_flipped,1.0,0.71762,18.3,27.450000000000003,1.5,0.41,sl,-18.3,-75.03,False,2022-05-05 14:45:00,2022-05-05 14:30:00,7516.680000000003,7441.650000000003
buy,high_vol,ema_flipped,1.0,0.69372,27.4,41.099999999999994,1.5,0.27,sl,-27.4,-73.98,False,2022-05-11 19:00:00,2022-05-11 18:45:00,7441.650000000003,7367.670000000004
buy,high_vol,ema_flipped,1.0,0.68865,20.0,30.0,1.5,0.37,tp,30.0,111.0,True,2022-05-16 05:15:00,2022-05-16 05:00:00,7367.670000000004,7478.670000000004
sell,high_vol,ema_flipped,0.9996,0.7014,17.9,26.849999999999998,1.5,0.42,tp,26.85,112.77,True,2022-05-19 05:45:00,2022-05-19 05:30:00,7478.670000000004,7591.440000000004
buy,high_vol,ema_flipped,0.9991,0.69671,16.0,24.0,1.5,0.47,tp,24.0,112.8,True,2022-05-19 08:15:00,2022-05-19 08:00:00,7591.440000000004,7704.240000000004
sell,high_vol,ema_flipped,0.9717,0.70026,18.1,27.150000000000002,1.5,0.41,sl,-18.1,-74.21,False,2022-05-19 11:45:00,2022-05-19 11:30:00,7704.240000000004,7630.030000000004
buy,high_vol,ema_flipped,0.8837,0.70209,18.7,28.049999999999997,1.5,0.34,tp,28.05,95.37,True,2022-05-20 17:45:00,2022-05-20 17:30:00,7630.030000000004,7725.400000000004
buy,high_vol,ema_flipped,0.9993,0.71723,18.8,28.200000000000003,1.5,0.41,sl,-18.8,-77.08,False,2022-06-01 17:30:00,2022-06-01 17:15:00,7725.400000000004,7648.320000000004
buy,high_vol,ema_flipped,0.9618,0.72287,14.6,21.9,1.5,0.5,sl,-14.6,-73.0,False,2022-06-03 14:45:00,2022-06-03 14:30:00,7648.320000000004,7575.320000000004
buy,high_vol,ema_flipped,0.9998,0.71921,13.3,19.950000000000003,1.5,0.57,sl,-13.3,-75.81,False,2022-06-06 16:30:00,2022-06-06 16:15:00,7575.320000000004,7499.510000000004
sell,high_vol,ema_flipped,0.9984,0.72185,14.1,21.15,1.5,0.53,tp,21.15,112.09,True,2022-06-08 15:30:00,2022-06-08 15:15:00,7499.510000000004,7611.600000000004
sell,high_vol,ema_flipped,1.0,0.69185,16.4,24.599999999999998,1.5,0.46,sl,-16.4,-75.44,False,2022-06-15 09:15:00,2022-06-15 09:00:00,7611.600000000004,7536.160000000004
buy,high_vol,ema_flipped,1.0,0.69589,17.8,26.700000000000003,1.5,0.42,tp,26.7,112.14,True,2022-06-16 12:15:00,2022-06-16 12:00:00,7536.160000000004,7648.300000000005
sell,high_vol,ema_flipped,1.0,0.69973,25.4,38.099999999999994,1.5,0.3,sl,-25.4,-76.2,False,2022-06-16 17:00:00,2022-06-16 16:45:00,7648.300000000005,7572.100000000005
buy,high_vol,ema_flipped,0.9997,0.69619,10.2,15.299999999999999,1.5,0.74,tp,15.3,113.22,True,2022-06-21 07:30:00,2022-06-21 07:15:00,7572.100000000005,7685.320000000005
sell,high_vol,ema_flipped,1.0,0.69775,12.0,18.0,1.5,0.64,tp,18.0,115.2,True,2022-06-21 08:30:00,2022-06-21 08:15:00,7685.320000000005,7800.520000000005
sell,high_vol,ema_flipped,0.9996,0.69773,15.4,23.1,1.5,0.51,sl,-15.4,-78.54,False,2022-06-21 15:30:00,2022-06-21 15:15:00,7800.520000000005,7721.980000000005
buy,high_vol,ema_flipped,1.0,0.69592,6.9,10.350000000000001,1.5,1.12,sl,-6.9,-77.28,False,2022-06-22 00:45:00,2022-06-22 00:30:00,7721.980000000005,7644.700000000005
sell,high_vol,ema_flipped,0.9928,0.69029,11.0,16.5,1.5,0.69,sl,-11.0,-75.9,False,2022-06-24 03:00:00,2022-06-24 02:45:00,7644.700000000005,7568.800000000006
buy,high_vol,ema_flipped,0.9995,0.69179,12.0,18.0,1.5,0.63,tp,18.0,113.4,True,2022-06-27 13:30:00,2022-06-27 13:15:00,7568.800000000006,7682.200000000005
sell,high_vol,ema_flipped,0.9998,0.6935,13.4,20.1,1.5,0.57,sl,-13.4,-76.38,False,2022-06-27 14:30:00,2022-06-27 14:15:00,7682.200000000005,7605.820000000005
buy,high_vol,ema_flipped,1.0,0.68808,11.8,17.700000000000003,1.5,0.64,sl,-11.8,-75.52,False,2022-06-30 06:30:00,2022-06-30 06:15:00,7605.820000000005,7530.300000000005
buy,high_vol,ema_flipped,0.9304,0.68797,10.6,15.899999999999999,1.5,0.64,sl,-10.6,-67.84,False,2022-06-30 07:45:00,2022-06-30 07:30:00,7530.300000000005,7462.460000000005
sell,high_vol,ema_flipped,1.0,0.69071,13.4,20.1,1.5,0.56,tp,20.1,112.56,True,2022-06-30 14:30:00,2022-06-30 14:15:00,7462.460000000005,7575.020000000005
buy,high_vol,ema_flipped,0.9982,0.6884,9.8,14.700000000000001,1.5,0.77,sl,-9.8,-75.46,False,2022-07-01 03:00:00,2022-07-01 02:45:00,7575.020000000005,7499.560000000005
buy,high_vol,ema_flipped,1.0,0.68086,20.9,31.349999999999998,1.5,0.36,sl,-20.9,-75.24,False,2022-07-05 08:45:00,2022-07-05 08:30:00,7499.560000000005,7424.320000000005
sell,high_vol,ema_flipped,0.9994,0.68112,15.1,22.65,1.5,0.49,tp,22.65,110.98,True,2022-07-06 14:30:00,2022-07-06 14:15:00,7424.320000000005,7535.300000000005
buy,high_vol,ema_flipped,1.0,0.67862,17.2,25.799999999999997,1.5,0.44,sl,-17.2,-75.68,False,2022-07-06 15:15:00,2022-07-06 15:00:00,7535.300000000005,7459.620000000004
sell,high_vol,ema_flipped,0.9954,0.6815,14.7,22.049999999999997,1.5,0.5,sl,-14.7,-73.5,False,2022-07-07 04:15:00,2022-07-07 04:00:00,7459.620000000004,7386.120000000004
sell,high_vol,ema_flipped,1.0,0.68315,20.0,30.0,1.5,0.37,sl,-20.0,-74.0,False,2022-07-08 15:00:00,2022-07-08 14:45:00,7386.120000000004,7312.120000000004
buy,high_vol,ema_flipped,0.9791,0.68248,11.1,16.65,1.5,0.64,sl,-11.1,-71.04,False,2022-07-11 03:15:00,2022-07-11 03:00:00,7312.120000000004,7241.0800000000045
sell,high_vol,ema_flipped,0.9997,0.67648,14.2,21.299999999999997,1.5,0.51,sl,-14.2,-72.42,False,2022-07-12 18:00:00,2022-07-12 17:45:00,7241.0800000000045,7168.660000000004
buy,high_vol,ema_flipped,0.9993,0.67535,13.0,19.5,1.5,0.55,tp,19.5,107.25,True,2022-07-14 10:00:00,2022-07-14 09:45:00,7168.660000000004,7275.910000000004
sell,high_vol,ema_flipped,0.9623,0.67702,18.5,27.75,1.5,0.37,tp,27.75,102.67,True,2022-07-14 10:45:00,2022-07-14 10:30:00,7275.910000000004,7378.5800000000045
buy,high_vol,ema_flipped,0.9699,0.68846,14.0,21.0,1.5,0.5,tp,21.0,105.0,True,2022-07-20 20:00:00,2022-07-20 19:45:00,7378.5800000000045,7483.5800000000045
sell,high_vol,ema_flipped,0.9387,0.6908,10.2,15.299999999999999,1.5,0.67,sl,-10.2,-68.34,False,2022-07-21 07:45:00,2022-07-21 07:30:00,7483.5800000000045,7415.240000000004
sell,high_vol,ema_flipped,1.0,0.68926,22.7,34.05,1.5,0.33,sl,-22.7,-74.91,False,2022-07-21 19:15:00,2022-07-21 19:00:00,7415.240000000004,7340.3300000000045
sell,high_vol,ema_flipped,0.9995,0.69557,7.5,11.25,1.5,0.98,tp,11.25,110.25,True,2022-07-27 03:45:00,2022-07-27 03:30:00,7340.3300000000045,7450.5800000000045
buy,high_vol,ema_flipped,1.0,0.69262,11.1,16.65,1.5,0.67,sl,-11.1,-74.37,False,2022-07-27 04:45:00,2022-07-27 04:30:00,7450.5800000000045,7376.210000000005
sell,high_vol,ema_flipped,1.0,0.69934,20.5,30.75,1.5,0.36,timeout,-1.1,-3.96,False,2022-07-27 22:00:00,2022-07-27 21:45:00,7376.210000000005,7372.250000000005
buy,high_vol,ema_flipped,0.9997,0.69604,19.1,28.650000000000002,1.5,0.39,tp,28.65,111.74,True,2022-07-28 17:45:00,2022-07-28 17:30:00,7372.250000000005,7483.990000000004
buy,high_vol,ema_flipped,0.8319,0.69724,12.7,19.049999999999997,1.5,0.45,sl,-12.7,-57.15,False,2022-07-29 15:00:00,2022-07-29 14:45:00,7483.990000000004,7426.840000000005
buy,high_vol,ema_flipped,1.0,0.69916,14.3,21.450000000000003,1.5,0.52,sl,-14.3,-74.36,False,2022-08-02 07:45:00,2022-08-02 07:30:00,7426.840000000005,7352.480000000005
sell,high_vol,ema_flipped,1.0,0.69459,16.9,25.349999999999998,1.5,0.44,sl,-16.9,-74.36,False,2022-08-23 17:15:00,2022-08-23 17:00:00,7352.480000000005,7278.120000000005
buy,high_vol,ema_flipped,1.0,0.69205,29.2,43.8,1.5,0.25,sl,-29.2,-73.0,False,2022-08-26 18:45:00,2022-08-26 18:30:00,7278.120000000005,7205.120000000005
sell,high_vol,ema_flipped,0.9996,0.69214,15.5,23.25,1.5,0.46,tp,23.25,106.95,True,2022-08-29 17:30:00,2022-08-29 17:15:00,7205.120000000005,7312.070000000005
sell,high_vol,ema_flipped,1.0,0.69107,12.3,18.450000000000003,1.5,0.59,sl,-12.3,-72.57,False,2022-08-30 10:00:00,2022-08-30 09:45:00,7312.070000000005,7239.5000000000055
buy,high_vol,ema_flipped,0.9993,0.68684,16.6,24.900000000000002,1.5,0.44,sl,-16.6,-73.04,False,2022-08-30 18:00:00,2022-08-30 17:45:00,7239.5000000000055,7166.4600000000055
buy,high_vol,ema_flipped,1.0,0.67848,12.9,19.35,1.5,0.56,timeout,-5.9,-33.04,False,2022-09-05 00:30:00,2022-09-05 00:15:00,7166.4600000000055,7133.4200000000055
buy,high_vol,ema_flipped,0.9992,0.67333,14.9,22.35,1.5,0.48,sl,-14.9,-71.52,False,2022-09-08 16:00:00,2022-09-08 15:45:00,7133.4200000000055,7061.900000000005
sell,high_vol,ema_flipped,1.0,0.67557,16.8,25.200000000000003,1.5,0.42,sl,-16.8,-70.56,False,2022-09-08 20:45:00,2022-09-08 20:30:00,7061.900000000005,6991.340000000005
buy,high_vol,ema_flipped,1.0,0.67814,22.7,34.05,1.5,0.31,sl,-22.7,-70.37,False,2022-09-13 16:15:00,2022-09-13 16:00:00,6991.340000000005,6920.970000000005
sell,high_vol,ema_flipped,0.9875,0.67633,11.6,17.4,1.5,0.59,tp,17.4,102.66,True,2022-09-15 05:00:00,2022-09-15 04:45:00,6920.970000000005,7023.630000000005
buy,high_vol,ema_flipped,0.9398,0.67457,12.7,19.049999999999997,1.5,0.51,sl,-12.7,-64.77,False,2022-09-15 12:15:00,2022-09-15 12:00:00,7023.630000000005,6958.860000000004
buy,high_vol,ema_flipped,0.9581,0.67028,14.3,21.450000000000003,1.5,0.46,sl,-14.3,-65.78,False,2022-09-20 12:30:00,2022-09-20 12:15:00,6958.860000000004,6893.0800000000045
sell,high_vol,ema_flipped,1.0,0.66599,19.8,29.700000000000003,1.5,0.35,tp,29.7,103.95,True,2022-09-22 15:15:00,2022-09-22 15:00:00,6893.0800000000045,6997.030000000004
buy,high_vol,ema_flipped,0.9999,0.64772,17.5,26.25,1.5,0.4,sl,-17.5,-70.0,False,2022-09-27 12:15:00,2022-09-27 12:00:00,6997.030000000004,6927.030000000004
sell,high_vol,ema_flipped,1.0,0.64769,25.4,38.099999999999994,1.5,0.27,sl,-25.4,-68.58,False,2022-09-28 17:30:00,2022-09-28 17:15:00,6927.030000000004,6858.450000000004
sell,high_vol,ema_flipped,1.0,0.64862,17.7,26.549999999999997,1.5,0.39,tp,26.55,103.54,True,2022-09-29 15:00:00,2022-09-29 14:45:00,6858.450000000004,6961.990000000004
buy,high_vol,ema_flipped,1.0,0.64602,22.7,34.05,1.5,0.31,tp,34.05,105.55,True,2022-09-29 17:30:00,2022-09-29 17:15:00,6961.990000000004,7067.5400000000045
sell,high_vol,ema_flipped,1.0,0.64857,25.4,38.099999999999994,1.5,0.28,sl,-25.4,-71.12,False,2022-09-29 18:15:00,2022-09-29 18:00:00,7067.5400000000045,6996.420000000005
buy,high_vol,ema_flipped,0.7585,0.6466,15.2,22.799999999999997,1.5,0.3,sl,-15.2,-45.6,False,2022-09-30 14:45:00,2022-09-30 14:30:00,6996.420000000005,6950.820000000004
buy,high_vol,ema_flipped,0.997,0.64613,14.9,22.35,1.5,0.46,tp,22.35,102.81,True,2022-10-04 14:30:00,2022-10-04 14:15:00,6950.820000000004,7053.630000000005
sell,high_vol,ema_flipped,1.0,0.64908,19.9,29.849999999999998,1.5,0.35,sl,-19.9,-69.65,False,2022-10-04 19:00:00,2022-10-04 18:45:00,7053.630000000005,6983.980000000005
buy,high_vol,ema_flipped,1.0,0.64646,23.0,34.5,1.5,0.3,tp,34.5,103.5,True,2022-10-04 20:15:00,2022-10-04 20:00:00,6983.980000000005,7087.480000000005
sell,high_vol,ema_flipped,1.0,0.65023,17.8,26.700000000000003,1.5,0.4,sl,-17.8,-71.2,False,2022-10-04 23:00:00,2022-10-04 22:45:00,7087.480000000005,7016.280000000005
buy,high_vol,ema_flipped,1.0,0.64866,17.6,26.400000000000002,1.5,0.4,tp,26.4,105.6,True,2022-10-05 08:00:00,2022-10-05 07:45:00,7016.280000000005,7121.880000000006
sell,high_vol,ema_flipped,1.0,0.65136,14.0,21.0,1.5,0.51,tp,21.0,107.1,True,2022-10-05 09:30:00,2022-10-05 09:15:00,7121.880000000006,7228.980000000006
buy,high_vol,ema_flipped,0.9996,0.64753,16.6,24.900000000000002,1.5,0.44,sl,-16.6,-73.04,False,2022-10-05 11:30:00,2022-10-05 11:15:00,7228.980000000006,7155.940000000006
sell,high_vol,ema_flipped,1.0,0.63277,19.9,29.849999999999998,1.5,0.36,tp,29.85,107.46,True,2022-10-11 19:00:00,2022-10-11 18:45:00,7155.940000000006,7263.400000000006
buy,high_vol,ema_flipped,1.0,0.62707,18.3,27.450000000000003,1.5,0.4,sl,-18.3,-73.2,False,2022-10-11 23:15:00,2022-10-11 23:00:00,7263.400000000006,7190.200000000006
buy,high_vol,ema_flipped,1.0,0.61805,22.7,34.05,1.5,0.32,tp,34.05,108.96,True,2022-10-13 15:45:00,2022-10-13 15:30:00,7190.200000000006,7299.160000000006
sell,high_vol,ema_flipped,1.0,0.6308,30.6,45.900000000000006,1.5,0.24,sl,-30.6,-73.44,False,2022-10-13 20:45:00,2022-10-13 20:30:00,7299.160000000006,7225.720000000007
sell,high_vol,ema_flipped,1.0,0.63089,36.4,54.599999999999994,1.5,0.2,sl,-36.4,-72.8,False,2022-10-21 17:45:00,2022-10-21 17:30:00,7225.720000000007,7152.920000000006
buy,high_vol,ema_flipped,0.9792,0.62994,19.5,29.25,1.5,0.36,sl,-19.5,-70.2,False,2022-10-24 11:15:00,2022-10-24 11:00:00,7152.920000000006,7082.720000000007
sell,high_vol,ema_flipped,1.0,0.64829,26.7,40.05,1.5,0.27,tp,40.05,108.14,True,2022-10-27 18:00:00,2022-10-27 17:45:00,7082.720000000007,7190.860000000007
buy,high_vol,ema_flipped,0.842,0.64632,14.4,21.6,1.5,0.39,sl,-14.4,-56.16,False,2022-10-27 22:15:00,2022-10-27 22:00:00,7190.860000000007,7134.700000000007
buy,high_vol,ema_flipped,0.9994,0.63888,22.1,33.150000000000006,1.5,0.32,timeout,3.8,12.16,True,2022-11-01 18:45:00,2022-11-01 18:30:00,7134.700000000007,7146.860000000007
sell,high_vol,ema_flipped,1.0,0.64647,17.0,25.5,1.5,0.42,sl,-17.0,-71.4,False,2022-11-02 21:15:00,2022-11-02 21:00:00,7146.860000000007,7075.460000000007
buy,high_vol,ema_flipped,1.0,0.6376,38.9,58.349999999999994,1.5,0.18,sl,-38.9,-70.02,False,2022-11-02 22:45:00,2022-11-02 22:30:00,7075.460000000007,7005.440000000007
sell,high_vol,ema_flipped,1.0,0.65293,32.9,49.349999999999994,1.5,0.21,sl,-32.9,-69.09,False,2022-11-10 16:15:00,2022-11-10 16:00:00,7005.440000000007,6936.350000000007
buy,high_vol,ema_flipped,1.0,0.67324,23.9,35.849999999999994,1.5,0.29,sl,-23.9,-69.31,False,2022-11-16 18:45:00,2022-11-16 18:30:00,6936.350000000007,6867.040000000006
buy,high_vol,ema_flipped,1.0,0.67675,19.3,28.950000000000003,1.5,0.36,tp,28.95,104.22,True,2022-12-02 16:00:00,2022-12-02 15:45:00,6867.040000000006,6971.260000000007
buy,high_vol,ema_flipped,1.0,0.67319,20.1,30.150000000000002,1.5,0.35,sl,-20.1,-70.35,False,2023-01-03 10:30:00,2023-01-03 10:15:00,6971.260000000007,6900.910000000006
buy,high_vol,ema_flipped,0.692,0.68133,14.8,22.200000000000003,1.5,0.26,tp,22.2,57.72,True,2023-01-05 05:45:00,2023-01-05 05:30:00,6900.910000000006,6958.6300000000065
buy,high_vol,ema_flipped,1.0,0.67949,14.9,22.35,1.5,0.47,sl,-14.9,-70.03,False,2023-01-05 15:45:00,2023-01-05 15:30:00,6958.6300000000065,6888.600000000007
sell,high_vol,ema_flipped,1.0,0.68247,32.7,49.050000000000004,1.5,0.21,sl,-32.7,-68.67,False,2023-01-06 17:45:00,2023-01-06 17:30:00,6888.600000000007,6819.930000000007
sell,high_vol,ema_flipped,0.786,0.69065,12.3,18.450000000000003,1.5,0.38,sl,-12.3,-46.74,False,2023-01-11 20:15:00,2023-01-11 20:00:00,6819.930000000007,6773.190000000007
buy,high_vol,ema_flipped,0.9969,0.6897,13.2,19.799999999999997,1.5,0.51,tp,19.8,100.98,True,2023-01-11 20:30:00,2023-01-11 20:15:00,6773.190000000007,6874.170000000006
sell,high_vol,ema_flipped,0.974,0.69637,19.5,29.25,1.5,0.34,sl,-19.5,-66.3,False,2023-01-13 19:45:00,2023-01-13 19:30:00,6874.170000000006,6807.870000000006
sell,high_vol,ema_flipped,0.9988,0.69766,19.2,28.799999999999997,1.5,0.35,sl,-19.2,-67.2,False,2023-01-17 17:45:00,2023-01-17 17:30:00,6807.870000000006,6740.670000000006
buy,high_vol,ema_flipped,1.0,0.69609,25.3,37.95,1.5,0.27,sl,-25.3,-68.31,False,2023-01-18 20:00:00,2023-01-18 19:45:00,6740.670000000006,6672.360000000006
buy,high_vol,ema_flipped,0.997,0.69997,13.5,20.25,1.5,0.49,tp,20.25,99.23,True,2023-01-24 17:00:00,2023-01-24 16:45:00,6672.360000000006,6771.590000000006
sell,high_vol,ema_flipped,1.0,0.7025,16.5,24.75,1.5,0.41,sl,-16.5,-67.65,False,2023-01-24 17:15:00,2023-01-24 17:00:00,6771.590000000006,6703.940000000006
buy,high_vol,ema_flipped,0.9997,0.70964,19.8,29.700000000000003,1.5,0.34,tp,29.7,100.98,True,2023-01-26 19:30:00,2023-01-26 19:15:00,6703.940000000006,6804.9200000000055
buy,high_vol,ema_flipped,1.0,0.70862,24.1,36.150000000000006,1.5,0.28,sl,-24.1,-67.48,False,2023-02-02 17:30:00,2023-02-02 17:15:00,6804.9200000000055,6737.440000000006
sell,high_vol,ema_flipped,0.9782,0.69354,14.8,22.200000000000003,1.5,0.44,tp,22.2,97.68,True,2023-02-07 06:00:00,2023-02-07 05:45:00,6737.440000000006,6835.120000000006
sell,high_vol,ema_flipped,1.0,0.69381,15.4,23.1,1.5,0.44,sl,-15.4,-67.76,False,2023-02-07 19:45:00,2023-02-07 19:30:00,6835.120000000006,6767.360000000006
sell,high_vol,ema_flipped,0.9998,0.6867,18.7,28.049999999999997,1.5,0.36,sl,-18.7,-67.32,False,2023-02-17 20:15:00,2023-02-17 20:00:00,6767.360000000006,6700.040000000006
sell,high_vol,ema_flipped,0.992,0.67476,12.4,18.6,1.5,0.53,sl,-12.4,-65.72,False,2023-03-01 06:00:00,2023-03-01 05:45:00,6700.040000000006,6634.320000000006
sell,high_vol,ema_flipped,0.9936,0.66097,8.4,12.600000000000001,1.5,0.78,sl,-8.4,-65.52,False,2023-03-09 08:30:00,2023-03-09 08:15:00,6634.320000000006,6568.800000000006
sell,high_vol,ema_flipped,1.0,0.66278,14.0,21.0,1.5,0.47,tp,21.0,98.7,True,2023-03-10 15:45:00,2023-03-10 15:30:00,6568.800000000006,6667.5000000000055
buy,high_vol,ema_flipped,1.0,0.65848,15.4,23.1,1.5,0.43,tp,23.1,99.33,True,2023-03-10 22:00:00,2023-03-10 21:45:00,6667.5000000000055,6766.830000000005
sell,high_vol,ema_flipped,1.0,0.66247,15.8,23.700000000000003,1.5,0.43,sl,-15.8,-67.94,False,2023-03-13 01:30:00,2023-03-13 01:15:00,6766.830000000005,6698.890000000006
buy,high_vol,ema_flipped,1.0,0.66856,9.0,13.5,1.5,0.74,sl,-9.0,-66.6,False,2023-03-20 08:45:00,2023-03-20 08:30:00,6698.890000000006,6632.290000000005
sell,high_vol,ema_flipped,1.0,0.67069,12.0,18.0,1.5,0.55,sl,-12.0,-66.0,False,2023-03-20 16:15:00,2023-03-20 16:00:00,6632.290000000005,6566.290000000005
sell,high_vol,ema_flipped,1.0,0.67228,15.5,23.25,1.5,0.42,sl,-15.5,-65.1,False,2023-03-22 21:30:00,2023-03-22 21:15:00,6566.290000000005,6501.190000000005
buy,high_vol,ema_flipped,0.9955,0.67067,11.0,16.5,1.5,0.59,sl,-11.0,-64.9,False,2023-03-23 21:15:00,2023-03-23 21:00:00,6501.190000000005,6436.290000000005
buy,high_vol,ema_flipped,0.9876,0.67511,16.0,24.0,1.5,0.4,sl,-16.0,-64.0,False,2023-04-04 12:30:00,2023-04-04 12:15:00,6436.290000000005,6372.290000000005
buy,high_vol,ema_flipped,1.0,0.6728,19.4,29.099999999999998,1.5,0.33,sl,-19.4,-64.02,False,2023-04-14 17:30:00,2023-04-14 17:15:00,6372.290000000005,6308.270000000005
sell,high_vol,ema_flipped,0.9986,0.67176,8.8,13.200000000000001,1.5,0.72,sl,-8.8,-63.36,False,2023-04-18 06:00:00,2023-04-18 05:45:00,6308.270000000005,6244.910000000005
buy,high_vol,ema_flipped,1.0,0.67128,7.6,11.399999999999999,1.5,0.82,tp,11.4,93.48,True,2023-04-19 09:30:00,2023-04-19 09:15:00,6244.910000000005,6338.390000000005
buy,high_vol,ema_flipped,0.7392,0.67259,8.4,12.600000000000001,1.5,0.47,sl,-8.4,-39.48,False,2023-04-21 06:15:00,2023-04-21 06:00:00,6338.390000000005,6298.910000000005
buy,high_vol,ema_flipped,0.9999,0.66032,10.5,15.75,1.5,0.6,tp,15.75,94.5,True,2023-04-27 16:30:00,2023-04-27 16:15:00,6298.910000000005,6393.410000000005
sell,high_vol,ema_flipped,1.0,0.66214,15.2,22.799999999999997,1.5,0.42,timeout,-6.0,-25.2,False,2023-04-27 18:30:00,2023-04-27 18:15:00,6393.410000000005,6368.2100000000055
buy,high_vol,ema_flipped,1.0,0.66132,12.5,18.75,1.5,0.51,tp,18.75,95.62,True,2023-04-27 19:30:00,2023-04-27 19:15:00,6368.2100000000055,6463.830000000005
sell,high_vol,ema_flipped,1.0,0.6614,11.7,17.549999999999997,1.5,0.55,sl,-11.7,-64.35,False,2023-04-27 19:45:00,2023-04-27 19:30:00,6463.830000000005,6399.480000000005
sell,high_vol,ema_flipped,0.9989,0.66324,9.2,13.799999999999999,1.5,0.69,sl,-9.2,-63.48,False,2023-05-02 05:15:00,2023-05-02 05:00:00,6399.480000000005,6336.0000000000055
sell,high_vol,ema_flipped,0.9997,0.66733,11.9,17.85,1.5,0.53,sl,-11.9,-63.07,False,2023-05-03 18:15:00,2023-05-03 18:00:00,6336.0000000000055,6272.930000000006
buy,high_vol,ema_flipped,1.0,0.66528,10.0,15.0,1.5,0.63,sl,-10.0,-63.0,False,2023-05-04 01:45:00,2023-05-04 01:30:00,6272.930000000006,6209.930000000006
sell,high_vol,ema_flipped,1.0,0.66904,12.8,19.200000000000003,1.5,0.49,tp,19.2,94.08,True,2023-05-04 06:00:00,2023-05-04 05:45:00,6209.930000000006,6304.010000000006
buy,high_vol,ema_flipped,1.0,0.66661,14.5,21.75,1.5,0.43,tp,21.75,93.53,True,2023-05-04 17:15:00,2023-05-04 17:00:00,6304.010000000006,6397.540000000005
sell,high_vol,ema_flipped,1.0,0.66872,16.1,24.150000000000002,1.5,0.4,sl,-16.1,-64.4,False,2023-05-04 19:15:00,2023-05-04 19:00:00,6397.540000000005,6333.140000000006
sell,high_vol,ema_flipped,1.0,0.68138,13.2,19.799999999999997,1.5,0.48,tp,19.8,95.04,True,2023-05-10 16:00:00,2023-05-10 15:45:00,6333.140000000006,6428.180000000006
buy,high_vol,ema_flipped,1.0,0.67497,10.4,15.600000000000001,1.5,0.62,tp,15.6,96.72,True,2023-05-10 20:45:00,2023-05-10 20:30:00,6428.180000000006,6524.900000000006
sell,high_vol,ema_flipped,0.9998,0.67698,8.9,13.350000000000001,1.5,0.73,sl,-8.9,-64.97,False,2023-05-10 22:00:00,2023-05-10 21:45:00,6524.900000000006,6459.930000000006
buy,high_vol,ema_flipped,1.0,0.67451,9.6,14.399999999999999,1.5,0.67,sl,-9.6,-64.32,False,2023-05-11 10:00:00,2023-05-11 09:45:00,6459.930000000006,6395.610000000006
buy,high_vol,ema_flipped,1.0,0.66733,6.8,10.2,1.5,0.94,sl,-6.8,-63.92,False,2023-05-16 09:00:00,2023-05-16 08:45:00,6395.610000000006,6331.690000000006
sell,high_vol,ema_flipped,0.9999,0.66667,11.0,16.5,1.5,0.58,tp,16.5,95.7,True,2023-05-17 20:30:00,2023-05-17 20:15:00,6331.690000000006,6427.390000000006
buy,high_vol,ema_flipped,1.0,0.66376,10.5,15.75,1.5,0.61,tp,15.75,96.07,True,2023-05-18 04:45:00,2023-05-18 04:30:00,6427.390000000006,6523.4600000000055
sell,high_vol,ema_flipped,0.6516,0.66355,10.3,15.450000000000001,1.5,0.32,sl,-10.3,-32.96,False,2023-05-19 07:15:00,2023-05-19 07:00:00,6523.4600000000055,6490.5000000000055
buy,high_vol,ema_flipped,0.9993,0.66398,8.0,12.0,1.5,0.81,sl,-8.0,-64.8,False,2023-05-22 09:00:00,2023-05-22 08:45:00,6490.5000000000055,6425.700000000005
buy,high_vol,ema_flipped,0.7088,0.66308,9.7,14.549999999999999,1.5,0.39,sl,-9.7,-37.83,False,2023-05-23 10:30:00,2023-05-23 10:15:00,6425.700000000005,6387.870000000005
buy,high_vol,ema_flipped,1.0,0.65038,16.9,25.349999999999998,1.5,0.38,timeout,6.4,24.32,True,2023-05-26 18:30:00,2023-05-26 18:15:00,6387.870000000005,6412.190000000005
buy,high_vol,ema_flipped,0.9998,0.65133,12.0,18.0,1.5,0.53,tp,18.0,95.4,True,2023-05-30 06:45:00,2023-05-30 06:30:00,6412.190000000005,6507.590000000005
sell,high_vol,ema_flipped,1.0,0.64904,9.6,14.399999999999999,1.5,0.68,sl,-9.6,-65.28,False,2023-06-01 00:00:00,2023-05-31 23:45:00,6507.590000000005,6442.310000000005
sell,high_vol,ema_flipped,1.0,0.66196,11.5,17.25,1.5,0.56,timeout,4.5,25.2,True,2023-06-05 17:15:00,2023-06-05 17:00:00,6442.310000000005,6467.510000000005
buy,high_vol,ema_flipped,1.0,0.66557,15.7,23.549999999999997,1.5,0.41,timeout,5.5,22.55,True,2023-06-07 20:00:00,2023-06-07 19:45:00,6467.510000000005,6490.060000000005
sell,high_vol,ema_flipped,0.7913,0.66743,9.2,13.799999999999999,1.5,0.5,sl,-9.2,-46.0,False,2023-06-08 10:30:00,2023-06-08 10:15:00,6490.060000000005,6444.060000000005
buy,high_vol,ema_flipped,1.0,0.677,8.4,12.600000000000001,1.5,0.77,tp,12.6,97.02,True,2023-06-15 04:30:00,2023-06-15 04:15:00,6444.060000000005,6541.080000000005
sell,high_vol,ema_flipped,0.998,0.6804,14.2,21.299999999999997,1.5,0.46,sl,-14.2,-65.32,False,2023-06-15 07:45:00,2023-06-15 07:30:00,6541.080000000005,6475.760000000006
buy,high_vol,ema_flipped,1.0,0.66859,17.2,25.799999999999997,1.5,0.38,sl,-17.2,-65.36,False,2023-06-27 18:45:00,2023-06-27 18:30:00,6475.760000000006,6410.400000000006
buy,high_vol,ema_flipped,0.998,0.66034,11.6,17.4,1.5,0.55,tp,17.4,95.7,True,2023-06-29 16:30:00,2023-06-29 16:15:00,6410.400000000006,6506.100000000006
sell,high_vol,ema_flipped,1.0,0.66287,15.4,23.1,1.5,0.42,tp,23.1,97.02,True,2023-06-29 18:15:00,2023-06-29 18:00:00,6506.100000000006,6603.120000000006
buy,high_vol,ema_flipped,1.0,0.66542,12.8,19.200000000000003,1.5,0.52,tp,19.2,99.84,True,2023-07-04 09:00:00,2023-07-04 08:45:00,6603.120000000006,6702.960000000006
sell,high_vol,ema_flipped,1.0,0.66764,15.0,22.5,1.5,0.45,sl,-15.0,-67.5,False,2023-07-04 09:45:00,2023-07-04 09:30:00,6702.960000000006,6635.460000000006
buy,high_vol,ema_flipped,0.8544,0.6679,6.3,9.45,1.5,0.83,tp,9.45,78.43,True,2023-07-05 08:15:00,2023-07-05 08:00:00,6635.460000000006,6713.890000000007
buy,high_vol,ema_flipped,1.0,0.66286,12.2,18.299999999999997,1.5,0.55,tp,18.3,100.65,True,2023-07-07 15:45:00,2023-07-07 15:30:00,6713.890000000007,6814.540000000006
sell,high_vol,ema_flipped,1.0,0.66561,17.2,25.799999999999997,1.5,0.4,sl,-17.2,-68.8,False,2023-07-07 16:45:00,2023-07-07 16:30:00,6814.540000000006,6745.740000000006
buy,high_vol,ema_flipped,0.9843,0.66484,9.2,13.799999999999999,1.5,0.72,sl,-9.2,-66.24,False,2023-07-10 09:15:00,2023-07-10 09:00:00,6745.740000000006,6679.500000000006
buy,high_vol,ema_flipped,0.9627,0.6671,9.3,13.950000000000001,1.5,0.68,sl,-9.3,-63.24,False,2023-07-11 14:30:00,2023-07-11 14:15:00,6679.500000000006,6616.260000000007
sell,high_vol,ema_flipped,0.9946,0.66803,7.0,10.5,1.5,0.94,sl,-7.0,-65.8,False,2023-07-11 22:15:00,2023-07-11 22:00:00,6616.260000000007,6550.460000000006
sell,high_vol,ema_flipped,1.0,0.68291,14.0,21.0,1.5,0.47,tp,21.0,98.7,True,2023-07-18 06:45:00,2023-07-18 06:30:00,6550.460000000006,6649.160000000006
buy,high_vol,ema_flipped,0.9998,0.68092,12.2,18.299999999999997,1.5,0.54,sl,-12.2,-65.88,False,2023-07-18 10:45:00,2023-07-18 10:30:00,6649.160000000006,6583.280000000006
sell,high_vol,ema_flipped,1.0,0.68266,10.6,15.899999999999999,1.5,0.62,sl,-10.6,-65.72,False,2023-07-20 04:45:00,2023-07-20 04:30:00,6583.280000000006,6517.560000000006
buy,high_vol,ema_flipped,0.9997,0.67838,16.5,24.75,1.5,0.39,sl,-16.5,-64.35,False,2023-07-20 18:30:00,2023-07-20 18:15:00,6517.560000000006,6453.2100000000055
sell,high_vol,ema_flipped,0.9983,0.6754,10.0,15.0,1.5,0.64,tp,15.0,96.0,True,2023-07-24 14:30:00,2023-07-24 14:15:00,6453.2100000000055,6549.2100000000055
buy,high_vol,ema_flipped,0.9969,0.67322,5.4,8.100000000000001,1.5,1.21,sl,-5.4,-65.34,False,2023-07-25 00:00:00,2023-07-24 23:45:00,6549.2100000000055,6483.870000000005
buy,high_vol,ema_flipped,1.0,0.67582,13.4,20.1,1.5,0.48,sl,-13.4,-64.32,False,2023-07-26 05:45:00,2023-07-26 05:30:00,6483.870000000005,6419.550000000006
sell,high_vol,ema_flipped,0.9914,0.67655,5.5,8.25,1.5,1.15,sl,-5.5,-63.25,False,2023-07-27 03:30:00,2023-07-27 03:15:00,6419.550000000006,6356.300000000006
sell,high_vol,ema_flipped,0.9995,0.66772,9.7,14.549999999999999,1.5,0.65,sl,-9.7,-63.05,False,2023-07-31 08:15:00,2023-07-31 08:00:00,6356.300000000006,6293.2500000000055
sell,high_vol,ema_flipped,0.9892,0.65653,14.4,21.6,1.5,0.43,tp,21.6,92.88,True,2023-08-03 19:45:00,2023-08-03 19:30:00,6293.2500000000055,6386.130000000006
buy,high_vol,ema_flipped,0.9992,0.65478,7.6,11.399999999999999,1.5,0.84,tp,11.4,95.76,True,2023-08-04 14:30:00,2023-08-04 14:15:00,6386.130000000006,6481.890000000006
sell,high_vol,ema_flipped,1.0,0.6571,5.2,7.800000000000001,1.5,1.25,sl,-5.2,-65.0,False,2023-08-07 23:15:00,2023-08-07 23:00:00,6481.890000000006,6416.890000000006
sell,high_vol,ema_flipped,0.794,0.65409,6.4,9.600000000000001,1.5,0.71,tp,9.6,68.16,True,2023-08-09 00:45:00,2023-08-09 00:30:00,6416.890000000006,6485.050000000006
sell,high_vol,ema_flipped,0.9941,0.65426,8.9,13.350000000000001,1.5,0.72,sl,-8.9,-64.08,False,2023-08-10 07:30:00,2023-08-10 07:15:00,6485.050000000006,6420.970000000006
sell,high_vol,ema_flipped,0.8139,0.65075,15.8,23.700000000000003,1.5,0.3,tp,23.7,71.1,True,2023-08-15 06:30:00,2023-08-15 06:15:00,6420.970000000006,6492.070000000006
sell,high_vol,ema_flipped,0.9979,0.64723,12.1,18.15,1.5,0.53,tp,18.15,96.2,True,2023-08-16 12:15:00,2023-08-16 12:00:00,6492.070000000006,6588.270000000006
buy,high_vol,ema_flipped,1.0,0.64607,9.8,14.700000000000001,1.5,0.67,sl,-9.8,-65.66,False,2023-08-16 13:15:00,2023-08-16 13:00:00,6588.270000000006,6522.610000000006
sell,high_vol,ema_flipped,0.9999,0.6413,9.9,14.850000000000001,1.5,0.66,tp,14.85,98.01,True,2023-08-18 20:00:00,2023-08-18 19:45:00,6522.610000000006,6620.620000000006
buy,high_vol,ema_flipped,0.9999,0.64032,7.4,11.100000000000001,1.5,0.89,tp,11.1,98.79,True,2023-08-18 23:45:00,2023-08-18 23:30:00,6620.620000000006,6719.410000000006
sell,high_vol,ema_flipped,0.9998,0.64081,5.5,8.25,1.5,1.22,sl,-5.5,-67.1,False,2023-08-21 01:30:00,2023-08-21 01:15:00,6719.410000000006,6652.310000000006
sell,high_vol,ema_flipped,0.9948,0.64125,10.1,15.149999999999999,1.5,0.65,tp,15.15,98.48,True,2023-08-21 14:30:00,2023-08-21 14:15:00,6652.310000000006,6750.790000000005
sell,high_vol,ema_flipped,1.0,0.64103,7.7,11.55,1.5,0.88,sl,-7.7,-67.76,False,2023-08-21 21:45:00,2023-08-21 21:30:00,6750.790000000005,6683.030000000005
sell,high_vol,ema_flipped,0.9992,0.64258,5.0,7.5,1.5,1.34,sl,-5.0,-67.0,False,2023-08-23 02:45:00,2023-08-23 02:30:00,6683.030000000005,6616.030000000005
buy,high_vol,ema_flipped,0.9999,0.64195,10.3,15.450000000000001,1.5,0.64,tp,15.45,98.88,True,2023-08-23 13:15:00,2023-08-23 13:00:00,6616.030000000005,6714.910000000005
buy,high_vol,ema_flipped,0.7289,0.64469,9.7,14.549999999999999,1.5,0.42,sl,-9.7,-40.74,False,2023-08-24 13:00:00,2023-08-24 12:45:00,6714.910000000005,6674.1700000000055
sell,high_vol,ema_flipped,1.0,0.64312,8.3,12.450000000000001,1.5,0.8,tp,12.45,99.6,True,2023-08-28 04:45:00,2023-08-28 04:30:00,6674.1700000000055,6773.770000000006
sell,high_vol,ema_flipped,0.7846,0.64209,8.5,12.75,1.5,0.55,sl,-8.5,-46.75,False,2023-08-28 17:45:00,2023-08-28 17:30:00,6773.770000000006,6727.020000000006
buy,high_vol,ema_flipped,1.0,0.64044,11.1,16.65,1.5,0.61,tp,16.65,101.57,True,2023-08-29 15:30:00,2023-08-29 15:15:00,6727.020000000006,6828.590000000006
sell,high_vol,ema_flipped,1.0,0.64592,18.8,28.200000000000003,1.5,0.36,sl,-18.8,-67.68,False,2023-08-29 18:30:00,2023-08-29 18:15:00,6828.590000000006,6760.910000000005
buy,high_vol,ema_flipped,0.9967,0.647,8.6,12.899999999999999,1.5,0.78,timeout,-1.7,-13.26,False,2023-08-31 12:15:00,2023-08-31 12:00:00,6760.910000000005,6747.650000000005
buy,high_vol,ema_flipped,0.9996,0.64682,11.6,17.4,1.5,0.58,sl,-11.6,-67.28,False,2023-09-01 07:00:00,2023-09-01 06:45:00,6747.650000000005,6680.370000000005
buy,high_vol,ema_flipped,1.0,0.64479,25.3,37.95,1.5,0.26,timeout,14.3,37.18,True,2023-09-01 18:15:00,2023-09-01 18:00:00,6680.370000000005,6717.550000000006
buy,high_vol,ema_flipped,1.0,0.63768,14.0,21.0,1.5,0.48,timeout,5.4,25.92,True,2023-09-06 17:30:00,2023-09-06 17:15:00,6717.550000000006,6743.470000000006
buy,high_vol,ema_flipped,1.0,0.63712,15.8,23.700000000000003,1.5,0.43,tp,23.7,101.91,True,2023-09-07 18:15:00,2023-09-07 18:00:00,6743.470000000006,6845.380000000006
sell,high_vol,ema_flipped,1.0,0.63985,6.7,10.05,1.5,1.02,sl,-6.7,-68.34,False,2023-09-11 02:45:00,2023-09-11 02:30:00,6845.380000000006,6777.040000000005
buy,high_vol,ema_flipped,1.0,0.64152,6.7,10.05,1.5,1.01,sl,-6.7,-67.67,False,2023-09-13 04:45:00,2023-09-13 04:30:00,6777.040000000005,6709.370000000005
sell,high_vol,ema_flipped,1.0,0.64289,18.7,28.049999999999997,1.5,0.36,sl,-18.7,-67.32,False,2023-09-13 18:30:00,2023-09-13 18:15:00,6709.370000000005,6642.050000000006
buy,high_vol,ema_flipped,1.0,0.64386,13.0,19.5,1.5,0.51,sl,-13.0,-66.3,False,2023-09-15 18:00:00,2023-09-15 17:45:00,6642.050000000006,6575.7500000000055
buy,high_vol,ema_flipped,0.9869,0.6434,8.2,12.299999999999999,1.5,0.79,sl,-8.2,-64.78,False,2023-09-18 11:15:00,2023-09-18 11:00:00,6575.7500000000055,6510.970000000006
buy,high_vol,ema_flipped,1.0,0.64474,17.3,25.950000000000003,1.5,0.38,sl,-17.3,-65.74,False,2023-09-20 23:45:00,2023-09-20 23:30:00,6510.970000000006,6445.230000000006
buy,high_vol,ema_flipped,0.9983,0.64266,6.7,10.05,1.5,0.96,timeout,-0.9,-8.64,False,2023-09-25 05:15:00,2023-09-25 05:00:00,6445.230000000006,6436.590000000006
buy,high_vol,ema_flipped,1.0,0.63315,12.5,18.75,1.5,0.51,sl,-12.5,-63.75,False,2023-10-06 15:45:00,2023-10-06 15:30:00,6436.590000000006,6372.840000000006
sell,high_vol,ema_flipped,1.0,0.63913,26.3,39.45,1.5,0.24,tp,39.45,94.68,True,2023-10-06 19:00:00,2023-10-06 18:45:00,6372.840000000006,6467.520000000006
buy,high_vol,ema_flipped,0.9999,0.64144,9.1,13.649999999999999,1.5,0.71,sl,-9.1,-64.61,False,2023-10-11 14:45:00,2023-10-11 14:30:00,6467.520000000006,6402.910000000006
sell,high_vol,ema_flipped,0.9999,0.64243,11.6,17.4,1.5,0.55,tp,17.4,95.7,True,2023-10-11 17:00:00,2023-10-11 16:45:00,6402.910000000006,6498.610000000006
buy,high_vol,ema_flipped,0.9998,0.64179,12.0,18.0,1.5,0.54,sl,-12.0,-64.8,False,2023-10-11 17:15:00,2023-10-11 17:00:00,6498.610000000006,6433.810000000006
sell,high_vol,ema_flipped,0.9997,0.64206,12.3,18.450000000000003,1.5,0.52,timeout,13.1,68.12,True,2023-10-11 17:30:00,2023-10-11 17:15:00,6433.810000000006,6501.930000000006
buy,high_vol,ema_flipped,1.0,0.6416,12.8,19.200000000000003,1.5,0.51,sl,-12.8,-65.28,False,2023-10-11 18:00:00,2023-10-11 17:45:00,6501.930000000006,6436.650000000006
sell,high_vol,ema_flipped,0.9815,0.64171,5.1,7.6499999999999995,1.5,1.23,sl,-5.1,-62.73,False,2023-10-12 03:45:00,2023-10-12 03:30:00,6436.650000000006,6373.920000000006
buy,high_vol,ema_flipped,1.0,0.63565,7.9,11.850000000000001,1.5,0.81,sl,-7.9,-63.99,False,2023-10-18 17:00:00,2023-10-18 16:45:00,6373.920000000006,6309.930000000007
sell,high_vol,ema_flipped,1.0,0.63462,19.9,29.849999999999998,1.5,0.32,timeout,19.3,61.76,True,2023-10-19 20:00:00,2023-10-19 19:45:00,6309.930000000007,6371.690000000007
buy,high_vol,ema_flipped,1.0,0.63156,5.0,7.5,1.5,1.27,sl,-5.0,-63.5,False,2023-10-20 03:15:00,2023-10-20 03:00:00,6371.690000000007,6308.190000000007
buy,high_vol,ema_flipped,0.9994,0.63111,6.0,9.0,1.5,1.05,sl,-6.0,-63.0,False,2023-10-23 03:30:00,2023-10-23 03:15:00,6308.190000000007,6245.190000000007
sell,high_vol,ema_flipped,1.0,0.63238,12.1,18.15,1.5,0.52,sl,-12.1,-62.92,False,2023-10-23 17:30:00,2023-10-23 17:15:00,6245.190000000007,6182.270000000007
sell,high_vol,ema_flipped,1.0,0.63275,11.8,17.700000000000003,1.5,0.52,tp,17.7,92.04,True,2023-10-26 16:45:00,2023-10-26 16:30:00,6182.270000000007,6274.310000000007
buy,high_vol,ema_flipped,0.6775,0.63033,13.4,20.1,1.5,0.25,tp,20.1,50.25,True,2023-10-26 20:00:00,2023-10-26 19:45:00,6274.310000000007,6324.560000000007
sell,high_vol,ema_flipped,0.9948,0.63401,6.6,9.899999999999999,1.5,0.95,sl,-6.6,-62.7,False,2023-10-30 03:15:00,2023-10-30 03:00:00,6324.560000000007,6261.860000000007
buy,high_vol,ema_flipped,0.9989,0.63486,9.1,13.649999999999999,1.5,0.69,tp,13.65,94.18,True,2023-10-31 06:30:00,2023-10-31 06:15:00,6261.860000000007,6356.040000000007
sell,high_vol,ema_flipped,0.9603,0.63705,8.6,12.899999999999999,1.5,0.7,tp,12.9,90.3,True,2023-10-31 12:45:00,2023-10-31 12:30:00,6356.040000000007,6446.340000000007
buy,high_vol,ema_flipped,1.0,0.6343,7.6,11.399999999999999,1.5,0.85,sl,-7.6,-64.6,False,2023-10-31 16:15:00,2023-10-31 16:00:00,6446.340000000007,6381.740000000007
sell,high_vol,ema_flipped,0.9984,0.63603,8.1,12.149999999999999,1.5,0.79,tp,12.15,95.98,True,2023-11-01 15:45:00,2023-11-01 15:30:00,6381.740000000007,6477.720000000007
buy,high_vol,ema_flipped,0.9994,0.64004,12.0,18.0,1.5,0.54,sl,-12.0,-64.8,False,2023-11-09 20:45:00,2023-11-09 20:30:00,6477.720000000007,6412.920000000006
sell,high_vol,ema_flipped,1.0,0.64398,14.6,21.9,1.5,0.44,sl,-14.6,-64.24,False,2023-11-14 15:45:00,2023-11-14 15:30:00,6412.920000000006,6348.680000000007
buy,high_vol,ema_flipped,1.0,0.64665,10.8,16.200000000000003,1.5,0.59,tp,16.2,95.58,True,2023-11-16 04:15:00,2023-11-16 04:00:00,6348.680000000007,6444.260000000007
sell,high_vol,ema_flipped,1.0,0.65003,12.9,19.35,1.5,0.5,timeout,-11.1,-55.5,False,2023-11-17 12:15:00,2023-11-17 12:00:00,6444.260000000007,6388.760000000007
buy,high_vol,ema_flipped,0.9999,0.65465,11.7,17.549999999999997,1.5,0.55,timeout,8.8,48.4,True,2023-11-21 20:30:00,2023-11-21 20:15:00,6388.760000000007,6437.160000000006
sell,high_vol,ema_flipped,0.9977,0.65676,10.8,16.200000000000003,1.5,0.59,tp,16.2,95.58,True,2023-11-22 14:15:00,2023-11-22 14:00:00,6437.160000000006,6532.740000000006
buy,high_vol,ema_flipped,1.0,0.65359,12.1,18.15,1.5,0.54,sl,-12.1,-65.34,False,2023-11-22 16:30:00,2023-11-22 16:15:00,6532.740000000006,6467.400000000006
buy,high_vol,ema_flipped,1.0,0.65648,16.3,24.450000000000003,1.5,0.4,tp,24.45,97.8,True,2023-12-08 16:30:00,2023-12-08 16:15:00,6467.400000000006,6565.200000000006
buy,high_vol,ema_flipped,1.0,0.65425,16.2,24.299999999999997,1.5,0.41,tp,24.3,99.63,True,2023-12-12 16:45:00,2023-12-12 16:30:00,6565.200000000006,6664.830000000006
buy,high_vol,ema_flipped,1.0,0.66874,16.3,24.450000000000003,1.5,0.41,tp,24.45,100.25,True,2023-12-15 16:45:00,2023-12-15 16:30:00,6664.830000000006,6765.080000000006
sell,high_vol,ema_flipped,1.0,0.67195,20.4,30.599999999999998,1.5,0.33,timeout,25.4,83.82,True,2023-12-15 18:00:00,2023-12-15 17:45:00,6765.080000000006,6848.900000000006
sell,high_vol,ema_flipped,0.9996,0.68614,13.3,19.950000000000003,1.5,0.51,tp,19.95,101.74,True,2023-12-28 17:45:00,2023-12-28 17:30:00,6848.900000000006,6950.640000000006
buy,high_vol,ema_flipped,0.9982,0.68346,10.9,16.35,1.5,0.64,sl,-10.9,-69.76,False,2023-12-28 20:45:00,2023-12-28 20:30:00,6950.640000000006,6880.880000000006
sell,high_vol,ema_flipped,1.0,0.6734,26.7,40.05,1.5,0.26,timeout,36.0,93.6,True,2024-01-05 18:00:00,2024-01-05 17:45:00,6880.880000000006,6974.480000000006
buy,high_vol,ema_flipped,1.0,0.66817,13.5,20.25,1.5,0.52,sl,-13.5,-70.2,False,2024-01-11 15:45:00,2024-01-11 15:30:00,6974.480000000006,6904.280000000006
sell,high_vol,ema_flipped,1.0,0.67159,14.4,21.6,1.5,0.48,tp,21.6,103.68,True,2024-01-12 16:30:00,2024-01-12 16:15:00,6904.280000000006,7007.960000000006
buy,high_vol,ema_flipped,1.0,0.6687,13.7,20.549999999999997,1.5,0.51,sl,-13.7,-69.87,False,2024-01-12 20:00:00,2024-01-12 19:45:00,7007.960000000006,6938.0900000000065
buy,high_vol,ema_flipped,1.0,0.65515,12.5,18.75,1.5,0.56,tp,18.75,105.0,True,2024-01-18 16:45:00,2024-01-18 16:30:00,6938.0900000000065,7043.0900000000065
sell,high_vol,ema_flipped,1.0,0.65595,12.7,19.049999999999997,1.5,0.55,sl,-12.7,-69.85,False,2024-01-18 17:30:00,2024-01-18 17:15:00,7043.0900000000065,6973.240000000006
buy,high_vol,ema_flipped,1.0,0.6555,10.5,15.75,1.5,0.66,tp,15.75,103.95,True,2024-01-18 20:15:00,2024-01-18 20:00:00,6973.240000000006,7077.190000000006
sell,high_vol,ema_flipped,0.9981,0.65624,10.2,15.299999999999999,1.5,0.69,sl,-10.2,-70.38,False,2024-01-18 20:45:00,2024-01-18 20:30:00,7077.190000000006,7006.810000000006
sell,high_vol,ema_flipped,0.9999,0.65924,12.5,18.75,1.5,0.56,sl,-12.5,-70.0,False,2024-01-23 05:45:00,2024-01-23 05:30:00,7006.810000000006,6936.810000000006
sell,high_vol,ema_flipped,1.0,0.65907,9.4,14.100000000000001,1.5,0.74,sl,-9.4,-69.56,False,2024-01-24 10:15:00,2024-01-24 10:00:00,6936.810000000006,6867.2500000000055
buy,high_vol,ema_flipped,0.9936,0.65805,8.8,13.200000000000001,1.5,0.77,sl,-8.8,-67.76,False,2024-01-24 22:45:00,2024-01-24 22:30:00,6867.2500000000055,6799.490000000005
buy,high_vol,ema_flipped,1.0,0.6578,13.6,20.4,1.5,0.5,tp,20.4,102.0,True,2024-01-25 20:00:00,2024-01-25 19:45:00,6799.490000000005,6901.490000000005
sell,high_vol,ema_flipped,0.9857,0.65864,7.4,11.100000000000001,1.5,0.91,sl,-7.4,-67.34,False,2024-01-29 05:30:00,2024-01-29 05:15:00,6901.490000000005,6834.150000000005
sell,high_vol,ema_flipped,0.9993,0.66062,9.1,13.649999999999999,1.5,0.75,sl,-9.1,-68.25,False,2024-01-31 16:15:00,2024-01-31 16:00:00,6834.150000000005,6765.900000000005
buy,high_vol,ema_flipped,1.0,0.65612,23.0,34.5,1.5,0.29,sl,-23.0,-66.7,False,2024-01-31 22:45:00,2024-01-31 22:30:00,6765.900000000005,6699.200000000005
sell,high_vol,ema_flipped,0.9999,0.65645,12.8,19.200000000000003,1.5,0.52,sl,-12.8,-66.56,False,2024-02-01 20:30:00,2024-02-01 20:15:00,6699.200000000005,6632.640000000005
buy,high_vol,ema_flipped,1.0,0.65279,15.5,23.25,1.5,0.43,sl,-15.5,-66.65,False,2024-02-02 16:45:00,2024-02-02 16:30:00,6632.640000000005,6565.990000000005
sell,high_vol,ema_flipped,0.9992,0.65127,10.4,15.600000000000001,1.5,0.63,tp,15.6,98.28,True,2024-02-06 07:00:00,2024-02-06 06:45:00,6565.990000000005,6664.270000000005
buy,high_vol,ema_flipped,1.0,0.64758,12.5,18.75,1.5,0.53,sl,-12.5,-66.25,False,2024-02-13 15:45:00,2024-02-13 15:30:00,6664.270000000005,6598.020000000005
buy,high_vol,ema_flipped,0.9993,0.65471,10.3,15.450000000000001,1.5,0.64,tp,15.45,98.88,True,2024-02-22 17:30:00,2024-02-22 17:15:00,6598.020000000005,6696.900000000005
sell,high_vol,ema_flipped,0.9998,0.65256,10.4,15.600000000000001,1.5,0.64,tp,15.6,99.84,True,2024-02-29 17:15:00,2024-02-29 17:00:00,6696.900000000005,6796.740000000005
buy,high_vol,ema_flipped,1.0,0.64946,10.4,15.600000000000001,1.5,0.65,tp,15.6,101.4,True,2024-02-29 19:30:00,2024-02-29 19:15:00,6796.740000000005,6898.140000000005
sell,high_vol,ema_flipped,1.0,0.65247,10.3,15.450000000000001,1.5,0.67,timeout,-7.5,-50.25,False,2024-03-01 17:30:00,2024-03-01 17:15:00,6898.140000000005,6847.890000000005
sell,high_vol,ema_flipped,1.0,0.65109,11.3,16.950000000000003,1.5,0.61,timeout,5.6,34.16,True,2024-03-05 18:15:00,2024-03-05 18:00:00,6847.890000000005,6882.050000000005
buy,high_vol,ema_flipped,1.0,0.66027,15.3,22.950000000000003,1.5,0.45,sl,-15.3,-68.85,False,2024-03-12 16:30:00,2024-03-12 16:15:00,6882.050000000005,6813.200000000004
buy,high_vol,ema_flipped,1.0,0.66025,10.1,15.149999999999999,1.5,0.67,sl,-10.1,-67.67,False,2024-03-14 16:45:00,2024-03-14 16:30:00,6813.200000000004,6745.530000000004
buy,high_vol,ema_flipped,1.0,0.65659,10.8,16.200000000000003,1.5,0.62,sl,-10.8,-66.96,False,2024-03-21 18:30:00,2024-03-21 18:15:00,6745.530000000004,6678.570000000004
buy,high_vol,ema_flipped,0.866,0.6521,5.0,7.5,1.5,1.08,sl,-5.0,-54.0,False,2024-03-28 02:00:00,2024-03-28 01:45:00,6678.570000000004,6624.570000000004
sell,high_vol,ema_flipped,1.0,0.6535,8.5,12.75,1.5,0.78,tp,12.75,99.45,True,2024-03-28 05:45:00,2024-03-28 05:30:00,6624.570000000004,6724.020000000004
sell,high_vol,ema_flipped,1.0,0.65255,5.0,7.5,1.5,1.34,sl,-5.0,-67.0,False,2024-03-29 15:45:00,2024-03-29 15:30:00,6724.020000000004,6657.020000000004
buy,high_vol,ema_flipped,1.0,0.65626,10.0,15.0,1.5,0.67,sl,-10.0,-67.0,False,2024-04-05 16:00:00,2024-04-05 15:45:00,6657.020000000004,6590.020000000004
buy,high_vol,ema_flipped,1.0,0.65501,12.1,18.15,1.5,0.54,sl,-12.1,-65.34,False,2024-04-10 15:45:00,2024-04-10 15:30:00,6590.020000000004,6524.680000000004
buy,high_vol,ema_flipped,0.9998,0.64331,11.7,17.549999999999997,1.5,0.56,sl,-11.7,-65.52,False,2024-04-18 18:00:00,2024-04-18 17:45:00,6524.680000000004,6459.1600000000035
buy,high_vol,ema_flipped,1.0,0.65059,16.6,24.900000000000002,1.5,0.39,tp,24.9,97.11,True,2024-04-25 19:00:00,2024-04-25 18:45:00,6459.1600000000035,6556.270000000003
sell,high_vol,ema_flipped,1.0,0.6512,10.6,15.899999999999999,1.5,0.62,sl,-10.6,-65.72,False,2024-04-25 20:00:00,2024-04-25 19:45:00,6556.270000000003,6490.550000000003
sell,high_vol,ema_flipped,0.993,0.6493,9.1,13.649999999999999,1.5,0.71,sl,-9.1,-64.61,False,2024-05-01 19:00:00,2024-05-01 18:45:00,6490.550000000003,6425.940000000003
buy,high_vol,ema_flipped,1.0,0.66085,9.5,14.25,1.5,0.68,sl,-9.5,-64.6,False,2024-05-07 08:15:00,2024-05-07 08:00:00,6425.940000000003,6361.340000000003
sell,high_vol,ema_flipped,0.999,0.66769,8.6,12.899999999999999,1.5,0.74,tp,12.9,95.46,True,2024-05-21 16:30:00,2024-05-21 16:15:00,6361.340000000003,6456.800000000003
buy,high_vol,ema_flipped,0.9061,0.66647,10.6,15.899999999999999,1.5,0.53,tp,15.9,84.27,True,2024-05-21 19:15:00,2024-05-21 19:00:00,6456.800000000003,6541.070000000003
sell,high_vol,ema_flipped,0.8086,0.66811,6.4,9.600000000000001,1.5,0.74,tp,9.6,71.04,True,2024-05-22 05:15:00,2024-05-22 05:00:00,6541.070000000003,6612.110000000003
buy,high_vol,ema_flipped,1.0,0.66253,12.6,18.9,1.5,0.52,sl,-12.6,-65.52,False,2024-05-23 18:30:00,2024-05-23 18:15:00,6612.110000000003,6546.590000000003
sell,high_vol,ema_flipped,1.0,0.66324,8.2,12.299999999999999,1.5,0.8,sl,-8.2,-65.6,False,2024-05-30 16:00:00,2024-05-30 15:45:00,6546.590000000003,6480.9900000000025
sell,high_vol,ema_flipped,0.9998,0.66612,10.1,15.149999999999999,1.5,0.64,sl,-10.1,-64.64,False,2024-06-06 19:30:00,2024-06-06 19:15:00,6480.9900000000025,6416.350000000002
buy,high_vol,ema_flipped,1.0,0.66156,11.8,17.700000000000003,1.5,0.54,sl,-11.8,-63.72,False,2024-06-07 15:45:00,2024-06-07 15:30:00,6416.350000000002,6352.630000000002
sell,high_vol,ema_flipped,0.9999,0.66578,9.9,14.850000000000001,1.5,0.64,tp,14.85,95.04,True,2024-06-13 16:00:00,2024-06-13 15:45:00,6352.630000000002,6447.670000000002
buy,high_vol,ema_flipped,1.0,0.66381,13.0,19.5,1.5,0.5,sl,-13.0,-65.0,False,2024-06-13 17:30:00,2024-06-13 17:15:00,6447.670000000002,6382.670000000002
sell,high_vol,ema_flipped,0.9999,0.66137,5.6,8.399999999999999,1.5,1.14,tp,8.4,95.76,True,2024-06-17 22:00:00,2024-06-17 21:45:00,6382.670000000002,6478.430000000002
buy,high_vol,ema_flipped,1.0,0.66614,10.0,15.0,1.5,0.65,sl,-10.0,-65.0,False,2024-06-20 18:15:00,2024-06-20 18:00:00,6478.430000000002,6413.430000000002
sell,high_vol,ema_flipped,1.0,0.66733,8.2,12.299999999999999,1.5,0.78,sl,-8.2,-63.96,False,2024-06-26 05:15:00,2024-06-26 05:00:00,6413.430000000002,6349.470000000002
buy,high_vol,ema_flipped,1.0,0.66461,11.4,17.1,1.5,0.56,sl,-11.4,-63.84,False,2024-06-27 18:45:00,2024-06-27 18:30:00,6349.470000000002,6285.630000000002
buy,high_vol,ema_flipped,1.0,0.66511,12.6,18.9,1.5,0.5,sl,-12.6,-63.0,False,2024-07-01 18:00:00,2024-07-01 17:45:00,6285.630000000002,6222.630000000002
sell,high_vol,ema_flipped,1.0,0.66673,7.9,11.850000000000001,1.5,0.79,tp,11.85,93.61,True,2024-07-02 16:45:00,2024-07-02 16:30:00,6222.630000000002,6316.240000000002
buy,high_vol,ema_flipped,0.9489,0.67681,8.3,12.450000000000001,1.5,0.71,tp,12.45,88.4,True,2024-07-15 03:15:00,2024-07-15 03:00:00,6316.240000000002,6404.640000000001
buy,high_vol,ema_flipped,1.0,0.67722,8.8,13.200000000000001,1.5,0.73,sl,-8.8,-64.24,False,2024-07-15 19:45:00,2024-07-15 19:30:00,6404.640000000001,6340.4000000000015
sell,high_vol,ema_flipped,1.0,0.67521,10.3,15.450000000000001,1.5,0.62,tp,15.45,95.79,True,2024-07-17 12:00:00,2024-07-17 11:45:00,6340.4000000000015,6436.190000000001
buy,high_vol,ema_flipped,0.9993,0.67322,9.0,13.5,1.5,0.71,sl,-9.0,-63.9,False,2024-07-17 17:30:00,2024-07-17 17:15:00,6436.190000000001,6372.290000000002
sell,high_vol,ema_flipped,1.0,0.67355,9.2,13.799999999999999,1.5,0.69,tp,13.8,95.22,True,2024-07-18 07:15:00,2024-07-18 07:00:00,6372.290000000002,6467.510000000002
buy,high_vol,ema_flipped,0.9831,0.67336,6.8,10.2,1.5,0.93,sl,-6.8,-63.24,False,2024-07-18 17:00:00,2024-07-18 16:45:00,6467.510000000002,6404.270000000002
sell,high_vol,ema_flipped,0.9997,0.67373,7.4,11.100000000000001,1.5,0.87,tp,11.1,96.57,True,2024-07-18 17:30:00,2024-07-18 17:15:00,6404.270000000002,6500.840000000002
buy,high_vol,ema_flipped,0.9998,0.67292,8.6,12.899999999999999,1.5,0.76,sl,-8.6,-65.36,False,2024-07-18 18:15:00,2024-07-18 18:00:00,6500.840000000002,6435.480000000002
sell,high_vol,ema_flipped,0.6824,0.6555,6.9,10.350000000000001,1.5,0.51,sl,-6.9,-35.19,False,2024-07-30 07:15:00,2024-07-30 07:00:00,6435.480000000002,6400.290000000003
sell,high_vol,ema_flipped,1.0,0.65286,9.9,14.850000000000001,1.5,0.65,sl,-9.9,-64.35,False,2024-07-31 17:45:00,2024-07-31 17:30:00,6400.290000000003,6335.940000000002
buy,high_vol,ema_flipped,0.9638,0.65274,8.1,12.149999999999999,1.5,0.74,sl,-8.1,-59.94,False,2024-08-01 10:15:00,2024-08-01 10:00:00,6335.940000000002,6276.000000000003
buy,high_vol,ema_flipped,1.0,0.65235,12.2,18.299999999999997,1.5,0.51,sl,-12.2,-62.22,False,2024-08-01 19:15:00,2024-08-01 19:00:00,6276.000000000003,6213.7800000000025
sell,high_vol,ema_flipped,0.9033,0.65147,7.2,10.8,1.5,0.74,sl,-7.2,-53.28,False,2024-08-02 15:15:00,2024-08-02 15:00:00,6213.7800000000025,6160.500000000003
buy,high_vol,ema_flipped,0.9998,0.65128,9.1,13.649999999999999,1.5,0.68,sl,-9.1,-61.88,False,2024-08-05 00:45:00,2024-08-05 00:30:00,6160.500000000003,6098.620000000003
sell,high_vol,ema_flipped,1.0,0.64932,22.8,34.2,1.5,0.27,sl,-22.8,-61.56,False,2024-08-05 20:30:00,2024-08-05 20:15:00,6098.620000000003,6037.060000000002
buy,high_vol,ema_flipped,1.0,0.64817,15.0,22.5,1.5,0.4,tp,22.5,90.0,True,2024-08-06 13:15:00,2024-08-06 13:00:00,6037.060000000002,6127.060000000002
sell,high_vol,ema_flipped,1.0,0.65082,16.0,24.0,1.5,0.38,sl,-16.0,-60.8,False,2024-08-06 18:15:00,2024-08-06 18:00:00,6127.060000000002,6066.260000000002
buy,high_vol,ema_flipped,1.0,0.65212,12.8,19.200000000000003,1.5,0.47,sl,-12.8,-60.16,False,2024-08-07 21:45:00,2024-08-07 21:30:00,6066.260000000002,6006.100000000002
sell,high_vol,ema_flipped,1.0,0.655,12.3,18.450000000000003,1.5,0.49,sl,-12.3,-60.27,False,2024-08-08 06:30:00,2024-08-08 06:15:00,6006.100000000002,5945.830000000002
buy,high_vol,ema_flipped,1.0,0.6614,14.9,22.35,1.5,0.4,sl,-14.9,-59.6,False,2024-08-14 17:45:00,2024-08-14 17:30:00,5945.830000000002,5886.230000000001
sell,high_vol,ema_flipped,1.0,0.6626,14.1,21.15,1.5,0.42,timeout,17.7,74.34,True,2024-08-15 07:30:00,2024-08-15 07:15:00,5886.230000000001,5960.5700000000015
buy,high_vol,ema_flipped,0.9437,0.67906,6.2,9.3,1.5,0.88,sl,-6.2,-54.56,False,2024-08-30 15:45:00,2024-08-30 15:30:00,5960.5700000000015,5906.010000000001
buy,high_vol,ema_flipped,0.8633,0.67164,7.8,11.7,1.5,0.61,tp,11.7,71.37,True,2024-09-04 22:00:00,2024-09-04 21:45:00,5906.010000000001,5977.380000000001
buy,high_vol,ema_flipped,1.0,0.67173,17.1,25.650000000000002,1.5,0.35,sl,-17.1,-59.85,False,2024-09-06 17:15:00,2024-09-06 17:00:00,5977.380000000001,5917.530000000001
sell,high_vol,ema_flipped,1.0,0.66671,9.1,13.649999999999999,1.5,0.65,sl,-9.1,-59.15,False,2024-09-11 21:30:00,2024-09-11 21:15:00,5917.530000000001,5858.380000000001
buy,high_vol,ema_flipped,1.0,0.67071,7.0,10.5,1.5,0.84,sl,-7.0,-58.8,False,2024-09-13 21:00:00,2024-09-13 20:45:00,5858.380000000001,5799.580000000001
buy,high_vol,ema_flipped,1.0,0.67644,26.8,40.2,1.5,0.22,sl,-26.8,-58.96,False,2024-09-19 00:30:00,2024-09-19 00:15:00,5799.580000000001,5740.620000000001
sell,high_vol,ema_flipped,1.0,0.67848,15.8,23.700000000000003,1.5,0.36,sl,-15.8,-56.88,False,2024-09-19 06:15:00,2024-09-19 06:00:00,5740.620000000001,5683.740000000001
buy,high_vol,ema_flipped,0.6777,0.67927,9.2,13.799999999999999,1.5,0.33,sl,-9.2,-30.36,False,2024-09-20 17:00:00,2024-09-20 16:45:00,5683.740000000001,5653.380000000001
sell,high_vol,ema_flipped,1.0,0.68121,7.3,10.95,1.5,0.77,tp,10.95,84.31,True,2024-09-20 22:30:00,2024-09-20 22:15:00,5653.380000000001,5737.690000000001
buy,high_vol,ema_flipped,1.0,0.68066,5.9,8.850000000000001,1.5,0.97,sl,-5.9,-57.23,False,2024-09-20 23:30:00,2024-09-20 23:15:00,5737.690000000001,5680.460000000002
buy,high_vol,ema_flipped,0.9999,0.68717,7.6,11.399999999999999,1.5,0.75,sl,-7.6,-57.0,False,2024-09-25 16:00:00,2024-09-25 15:45:00,5680.460000000002,5623.460000000002
sell,high_vol,ema_flipped,0.9999,0.68782,8.3,12.450000000000001,1.5,0.68,tp,12.45,84.66,True,2024-09-25 16:30:00,2024-09-25 16:15:00,5623.460000000002,5708.120000000002
buy,high_vol,ema_flipped,1.0,0.68743,8.9,13.350000000000001,1.5,0.64,sl,-8.9,-56.96,False,2024-09-25 16:45:00,2024-09-25 16:30:00,5708.120000000002,5651.160000000002
buy,high_vol,ema_flipped,1.0,0.69161,12.5,18.75,1.5,0.45,sl,-12.5,-56.25,False,2024-09-30 23:30:00,2024-09-30 23:15:00,5651.160000000002,5594.910000000002
buy,high_vol,ema_flipped,0.9941,0.69081,10.3,15.450000000000001,1.5,0.54,sl,-10.3,-55.62,False,2024-10-01 11:00:00,2024-10-01 10:45:00,5594.910000000002,5539.290000000002
sell,high_vol,ema_flipped,1.0,0.67349,13.9,20.85,1.5,0.4,tp,20.85,83.4,True,2024-10-10 19:15:00,2024-10-10 19:00:00,5539.290000000002,5622.690000000001
buy,high_vol,ema_flipped,1.0,0.67138,11.7,17.549999999999997,1.5,0.48,tp,17.55,84.24,True,2024-10-10 20:15:00,2024-10-10 20:00:00,5622.690000000001,5706.930000000001
sell,high_vol,ema_flipped,1.0,0.67269,12.0,18.0,1.5,0.48,sl,-12.0,-57.6,False,2024-10-10 20:30:00,2024-10-10 20:15:00,5706.930000000001,5649.330000000001
buy,high_vol,ema_flipped,1.0,0.67315,8.5,12.75,1.5,0.66,tp,12.75,84.15,True,2024-10-11 15:45:00,2024-10-11 15:30:00,5649.330000000001,5733.4800000000005
sell,high_vol,ema_flipped,0.9993,0.67029,8.6,12.899999999999999,1.5,0.67,tp,12.9,86.43,True,2024-10-17 05:00:00,2024-10-17 04:45:00,5733.4800000000005,5819.910000000001
buy,high_vol,ema_flipped,0.9648,0.66213,9.8,14.700000000000001,1.5,0.56,sl,-9.8,-54.88,False,2024-10-25 19:00:00,2024-10-25 18:45:00,5819.910000000001,5765.030000000001
buy,high_vol,ema_flipped,1.0,0.65671,6.1,9.149999999999999,1.5,0.95,tp,9.15,86.92,True,2024-10-31 05:00:00,2024-10-31 04:45:00,5765.030000000001,5851.950000000001
sell,high_vol,ema_flipped,1.0,0.65788,10.4,15.600000000000001,1.5,0.56,tp,15.6,87.36,True,2024-11-01 16:30:00,2024-11-01 16:15:00,5851.950000000001,5939.31
sell,high_vol,ema_flipped,1.0,0.65914,10.7,16.049999999999997,1.5,0.56,sl,-10.7,-59.92,False,2024-11-04 00:45:00,2024-11-04 00:30:00,5939.31,5879.39
buy,high_vol,ema_flipped,1.0,0.65867,16.6,24.900000000000002,1.5,0.35,sl,-16.6,-58.1,False,2024-11-06 03:30:00,2024-11-06 03:15:00,5879.39,5821.29
sell,high_vol,ema_flipped,0.9996,0.65813,9.7,14.549999999999999,1.5,0.6,tp,14.55,87.3,True,2024-11-06 22:45:00,2024-11-06 22:30:00,5821.29,5908.59
buy,high_vol,ema_flipped,1.0,0.65725,9.9,14.850000000000001,1.5,0.6,tp,14.85,89.1,True,2024-11-06 23:00:00,2024-11-06 22:45:00,5908.59,5997.6900000000005
sell,high_vol,ema_flipped,1.0,0.66082,11.5,17.25,1.5,0.52,sl,-11.5,-59.8,False,2024-11-07 04:45:00,2024-11-07 04:30:00,5997.6900000000005,5937.89
buy,high_vol,ema_flipped,1.0,0.66452,12.5,18.75,1.5,0.48,sl,-12.5,-60.0,False,2024-11-08 11:00:00,2024-11-08 10:45:00,5937.89,5877.89
buy,high_vol,ema_flipped,0.9996,0.6456,11.1,16.65,1.5,0.53,sl,-11.1,-58.83,False,2024-11-15 16:30:00,2024-11-15 16:15:00,5877.89,5819.06
sell,high_vol,ema_flipped,1.0,0.65274,7.9,11.850000000000001,1.5,0.74,sl,-7.9,-58.46,False,2024-11-25 00:30:00,2024-11-25 00:15:00,5819.06,5760.6
buy,high_vol,ema_flipped,0.7762,0.65057,10.5,15.75,1.5,0.37,sl,-10.5,-38.85,False,2024-11-25 17:15:00,2024-11-25 17:00:00,5760.6,5721.75
buy,high_vol,ema_flipped,0.9935,0.64719,11.3,16.950000000000003,1.5,0.5,tp,16.95,84.75,True,2024-12-03 17:45:00,2024-12-03 17:30:00,5721.75,5806.5
sell,high_vol,ema_flipped,1.0,0.64895,11.9,17.85,1.5,0.49,tp,17.85,87.47,True,2024-12-03 20:00:00,2024-12-03 19:45:00,5806.5,5893.97
buy,high_vol,ema_flipped,1.0,0.64653,6.7,10.05,1.5,0.88,sl,-6.7,-58.96,False,2024-12-04 03:00:00,2024-12-04 02:45:00,5893.97,5835.01
buy,high_vol,ema_flipped,0.9999,0.64371,12.4,18.6,1.5,0.47,sl,-12.4,-58.28,False,2024-12-05 18:15:00,2024-12-05 18:00:00,5835.01,5776.7300000000005
sell,high_vol,ema_flipped,1.0,0.6438,12.2,18.299999999999997,1.5,0.47,sl,-12.2,-57.34,False,2024-12-05 18:30:00,2024-12-05 18:15:00,5776.7300000000005,5719.39
buy,high_vol,ema_flipped,0.9999,0.64345,12.2,18.299999999999997,1.5,0.47,tp,18.3,86.01,True,2024-12-05 18:45:00,2024-12-05 18:30:00,5719.39,5805.400000000001
sell,high_vol,ema_flipped,1.0,0.64446,8.3,12.450000000000001,1.5,0.7,sl,-8.3,-58.1,False,2024-12-05 21:30:00,2024-12-05 21:15:00,5805.400000000001,5747.3
sell,high_vol,ema_flipped,1.0,0.64269,11.2,16.799999999999997,1.5,0.51,sl,-11.2,-57.12,False,2024-12-09 10:45:00,2024-12-09 10:30:00,5747.3,5690.18
buy,high_vol,ema_flipped,1.0,0.63708,14.3,21.450000000000003,1.5,0.4,sl,-14.3,-57.2,False,2024-12-12 17:45:00,2024-12-12 17:30:00,5690.18,5632.9800000000005
sell,high_vol,ema_flipped,0.9999,0.6255,11.1,16.65,1.5,0.51,sl,-11.1,-56.61,False,2024-12-20 17:45:00,2024-12-20 17:30:00,5632.9800000000005,5576.370000000001
buy,high_vol,ema_flipped,1.0,0.62175,10.0,15.0,1.5,0.56,sl,-10.0,-56.0,False,2024-12-30 17:15:00,2024-12-30 17:00:00,5576.370000000001,5520.370000000001
buy,high_vol,ema_flipped,1.0,0.62057,11.7,17.549999999999997,1.5,0.47,sl,-11.7,-54.99,False,2025-01-02 19:45:00,2025-01-02 19:30:00,5520.370000000001,5465.380000000001
sell,high_vol,ema_flipped,0.9302,0.62125,9.5,14.25,1.5,0.52,sl,-9.5,-49.4,False,2025-01-03 19:45:00,2025-01-03 19:30:00,5465.380000000001,5415.980000000001
buy,high_vol,ema_flipped,1.0,0.62465,13.1,19.65,1.5,0.41,sl,-13.1,-53.71,False,2025-01-07 18:45:00,2025-01-07 18:30:00,5415.980000000001,5362.270000000001
sell,high_vol,ema_flipped,1.0,0.62193,12.2,18.299999999999997,1.5,0.44,timeout,7.9,34.76,True,2025-01-16 18:30:00,2025-01-16 18:15:00,5362.270000000001,5397.030000000002
sell,high_vol,ema_flipped,0.9985,0.62535,11.3,16.950000000000003,1.5,0.48,sl,-11.3,-54.24,False,2025-01-21 17:30:00,2025-01-21 17:15:00,5397.030000000002,5342.790000000002
buy,high_vol,ema_flipped,1.0,0.62182,9.6,14.399999999999999,1.5,0.56,sl,-9.6,-53.76,False,2025-01-30 23:00:00,2025-01-30 22:45:00,5342.790000000002,5289.030000000002
buy,high_vol,ema_flipped,1.0,0.62191,15.1,22.65,1.5,0.35,sl,-15.1,-52.85,False,2025-01-31 22:45:00,2025-01-31 22:30:00,5289.030000000002,5236.180000000001
sell,high_vol,ema_flipped,1.0,0.61933,20.6,30.900000000000002,1.5,0.25,sl,-20.6,-51.5,False,2025-02-03 18:15:00,2025-02-03 18:00:00,5236.180000000001,5184.680000000001
buy,high_vol,ema_flipped,1.0,0.62652,18.3,27.450000000000003,1.5,0.28,sl,-18.3,-51.24,False,2025-02-07 18:15:00,2025-02-07 18:00:00,5184.680000000001,5133.440000000001
sell,high_vol,ema_flipped,1.0,0.62873,15.6,23.4,1.5,0.33,tp,23.4,77.22,True,2025-02-12 20:45:00,2025-02-12 20:30:00,5133.440000000001,5210.660000000002
sell,high_vol,ema_flipped,1.0,0.63001,12.6,18.9,1.5,0.41,tp,18.9,77.49,True,2025-02-13 18:30:00,2025-02-13 18:15:00,5210.660000000002,5288.1500000000015
sell,high_vol,ema_flipped,1.0,0.63613,7.9,11.850000000000001,1.5,0.67,tp,11.85,79.39,True,2025-02-18 10:45:00,2025-02-18 10:30:00,5288.1500000000015,5367.540000000002
sell,high_vol,ema_flipped,1.0,0.63626,12.7,19.049999999999997,1.5,0.42,sl,-12.7,-53.34,False,2025-02-20 06:30:00,2025-02-20 06:15:00,5367.540000000002,5314.200000000002
buy,high_vol,ema_flipped,1.0,0.6221,12.2,18.299999999999997,1.5,0.44,sl,-12.2,-53.68,False,2025-03-04 00:15:00,2025-03-04 00:00:00,5314.200000000002,5260.520000000001
buy,high_vol,ema_flipped,1.0,0.62074,12.2,18.299999999999997,1.5,0.43,tp,18.3,78.69,True,2025-03-04 18:00:00,2025-03-04 17:45:00,5260.520000000001,5339.210000000001
sell,high_vol,ema_flipped,1.0,0.62291,12.0,18.0,1.5,0.44,sl,-12.0,-52.8,False,2025-03-04 21:00:00,2025-03-04 20:45:00,5339.210000000001,5286.410000000001
sell,high_vol,ema_flipped,0.8726,0.63159,9.1,13.649999999999999,1.5,0.48,tp,13.65,65.52,True,2025-03-10 05:00:00,2025-03-10 04:45:00,5286.410000000001,5351.930000000001
buy,high_vol,ema_flipped,0.9861,0.63041,9.3,13.950000000000001,1.5,0.56,sl,-9.3,-52.08,False,2025-03-10 19:30:00,2025-03-10 19:15:00,5351.930000000001,5299.850000000001
buy,high_vol,ema_flipped,1.0,0.62755,10.8,16.200000000000003,1.5,0.49,tp,16.2,79.38,True,2025-03-11 17:30:00,2025-03-11 17:15:00,5299.850000000001,5379.230000000001
sell,high_vol,ema_flipped,1.0,0.63084,10.9,16.35,1.5,0.49,tp,16.35,80.12,True,2025-03-11 21:45:00,2025-03-11 21:30:00,5379.230000000001,5459.350000000001
sell,high_vol,ema_flipped,1.0,0.62908,14.6,21.9,1.5,0.37,sl,-14.6,-54.02,False,2025-03-12 17:15:00,2025-03-12 17:00:00,5459.350000000001,5405.330000000001
buy,high_vol,ema_flipped,1.0,0.62882,15.3,22.950000000000003,1.5,0.35,tp,22.95,80.33,True,2025-03-12 17:30:00,2025-03-12 17:15:00,5405.330000000001,5485.660000000001
sell,high_vol,ema_flipped,1.0,0.62935,16.2,24.299999999999997,1.5,0.34,sl,-16.2,-55.08,False,2025-03-12 18:00:00,2025-03-12 17:45:00,5485.660000000001,5430.580000000001
buy,high_vol,ema_flipped,0.9994,0.63562,8.3,12.450000000000001,1.5,0.65,sl,-8.3,-53.95,False,2025-03-18 17:15:00,2025-03-18 17:00:00,5430.580000000001,5376.630000000001
sell,high_vol,ema_flipped,1.0,0.63554,12.1,18.15,1.5,0.44,tp,18.15,79.86,True,2025-03-20 00:00:00,2025-03-19 23:45:00,5376.630000000001,5456.490000000001
buy,high_vol,ema_flipped,1.0,0.63356,10.4,15.600000000000001,1.5,0.52,sl,-10.4,-54.08,False,2025-03-20 05:00:00,2025-03-20 04:45:00,5456.490000000001,5402.410000000001
buy,high_vol,ema_flipped,1.0,0.62825,9.9,14.850000000000001,1.5,0.55,sl,-9.9,-54.45,False,2025-03-24 19:15:00,2025-03-24 19:00:00,5402.410000000001,5347.960000000001
buy,high_vol,ema_flipped,0.9981,0.63007,9.0,13.5,1.5,0.59,sl,-9.0,-53.1,False,2025-03-26 20:15:00,2025-03-26 20:00:00,5347.960000000001,5294.860000000001
buy,high_vol,ema_flipped,0.9999,0.63008,9.0,13.5,1.5,0.59,timeout,-1.8,-10.62,False,2025-03-27 21:00:00,2025-03-27 20:45:00,5294.860000000001,5284.240000000001
buy,high_vol,ema_flipped,0.84,0.62887,8.9,13.350000000000001,1.5,0.46,sl,-8.9,-40.94,False,2025-03-28 20:15:00,2025-03-28 20:00:00,5284.240000000001,5243.300000000001
sell,high_vol,ema_flipped,1.0,0.62559,11.5,17.25,1.5,0.46,sl,-11.5,-52.9,False,2025-04-01 10:00:00,2025-04-01 09:45:00,5243.300000000001,5190.4000000000015
buy,high_vol,ema_flipped,1.0,0.62513,11.0,16.5,1.5,0.47,tp,16.5,77.55,True,2025-04-01 10:15:00,2025-04-01 10:00:00,5190.4000000000015,5267.950000000002
sell,high_vol,ema_flipped,0.9622,0.62578,8.5,12.75,1.5,0.59,sl,-8.5,-50.15,False,2025-04-01 12:45:00,2025-04-01 12:30:00,5267.950000000002,5217.800000000002
buy,high_vol,ema_flipped,1.0,0.62558,31.2,46.8,1.5,0.17,timeout,18.3,31.11,True,2025-04-03 00:30:00,2025-04-03 00:15:00,5217.800000000002,5248.910000000002
sell,high_vol,ema_flipped,1.0,0.63079,15.3,22.950000000000003,1.5,0.34,sl,-15.3,-52.02,False,2025-04-03 10:00:00,2025-04-03 09:45:00,5248.910000000002,5196.890000000001
sell,high_vol,ema_flipped,1.0,0.60536,17.9,26.849999999999998,1.5,0.29,sl,-17.9,-51.91,False,2025-04-08 07:30:00,2025-04-08 07:15:00,5196.890000000001,5144.980000000001
buy,high_vol,ema_flipped,1.0,0.60101,25.0,37.5,1.5,0.21,sl,-25.0,-52.5,False,2025-04-08 19:30:00,2025-04-08 19:15:00,5144.980000000001,5092.480000000001
sell,high_vol,ema_flipped,1.0,0.60039,24.9,37.349999999999994,1.5,0.2,sl,-24.9,-49.8,False,2025-04-09 11:45:00,2025-04-09 11:30:00,5092.480000000001,5042.680000000001
sell,high_vol,ema_flipped,0.9943,0.63518,11.4,17.1,1.5,0.44,sl,-11.4,-50.16,False,2025-04-16 08:00:00,2025-04-16 07:45:00,5042.680000000001,4992.520000000001
sell,high_vol,ema_flipped,0.9986,0.64116,11.0,16.5,1.5,0.45,sl,-11.0,-49.5,False,2025-04-23 09:15:00,2025-04-23 09:00:00,4992.520000000001,4943.020000000001
sell,high_vol,ema_flipped,0.943,0.64006,10.8,16.200000000000003,1.5,0.42,sl,-10.8,-45.36,False,2025-04-30 21:30:00,2025-04-30 21:15:00,4943.020000000001,4897.660000000002
buy,high_vol,ema_flipped,1.0,0.64105,20.4,30.599999999999998,1.5,0.24,sl,-20.4,-48.96,False,2025-05-12 12:00:00,2025-05-12 11:45:00,4897.660000000002,4848.700000000002
buy,high_vol,ema_flipped,0.9993,0.64471,13.2,19.799999999999997,1.5,0.37,sl,-13.2,-48.84,False,2025-05-14 18:30:00,2025-05-14 18:15:00,4848.700000000002,4799.8600000000015
buy,high_vol,ema_flipped,1.0,0.64194,11.2,16.799999999999997,1.5,0.43,timeout,-7.1,-30.53,False,2025-05-20 08:45:00,2025-05-20 08:30:00,4799.8600000000015,4769.330000000002
sell,high_vol,ema_flipped,1.0,0.64348,5.9,8.850000000000001,1.5,0.81,sl,-5.9,-47.79,False,2025-05-21 03:30:00,2025-05-21 03:15:00,4769.330000000002,4721.540000000002
sell,high_vol,ema_flipped,0.9786,0.64451,10.3,15.450000000000001,1.5,0.44,sl,-10.3,-45.32,False,2025-05-29 10:45:00,2025-05-29 10:30:00,4721.540000000002,4676.220000000002
buy,high_vol,ema_flipped,0.7832,0.64296,11.3,16.950000000000003,1.5,0.29,sl,-11.3,-32.77,False,2025-05-30 05:30:00,2025-05-30 05:15:00,4676.220000000002,4643.450000000002
buy,high_vol,ema_flipped,0.993,0.64964,8.0,12.0,1.5,0.57,sl,-8.0,-45.6,False,2025-06-06 06:00:00,2025-06-06 05:45:00,4643.450000000002,4597.850000000001
sell,high_vol,ema_flipped,1.0,0.64981,5.4,8.100000000000001,1.5,0.85,sl,-5.4,-45.9,False,2025-06-09 04:00:00,2025-06-09 03:45:00,4597.850000000001,4551.950000000002
buy,high_vol,ema_flipped,1.0,0.6512,11.2,16.799999999999997,1.5,0.41,sl,-11.2,-45.92,False,2025-06-10 09:30:00,2025-06-10 09:15:00,4551.950000000002,4506.030000000002
buy,high_vol,ema_flipped,1.0,0.65033,9.8,14.700000000000001,1.5,0.46,tp,14.7,67.62,True,2025-06-11 05:00:00,2025-06-11 04:45:00,4506.030000000002,4573.6500000000015
buy,high_vol,ema_flipped,0.9856,0.65086,8.4,12.600000000000001,1.5,0.53,sl,-8.4,-44.52,False,2025-06-11 22:00:00,2025-06-11 21:45:00,4573.6500000000015,4529.130000000001
buy,high_vol,ema_flipped,1.0,0.64778,12.5,18.75,1.5,0.36,sl,-12.5,-45.0,False,2025-06-13 04:00:00,2025-06-13 03:45:00,4529.130000000001,4484.130000000001
buy,high_vol,ema_flipped,1.0,0.6489,9.4,14.100000000000001,1.5,0.48,sl,-9.4,-45.12,False,2025-06-13 23:30:00,2025-06-13 23:15:00,4484.130000000001,4439.010000000001
sell,high_vol,ema_flipped,1.0,0.65037,10.4,15.600000000000001,1.5,0.43,sl,-10.4,-44.72,False,2025-06-16 10:15:00,2025-06-16 10:00:00,4439.010000000001,4394.290000000001
buy,high_vol,ema_flipped,1.0,0.65123,12.9,19.35,1.5,0.34,sl,-12.9,-43.86,False,2025-06-17 18:15:00,2025-06-17 18:00:00,4394.290000000001,4350.430000000001
sell,high_vol,ema_flipped,1.0,0.65176,11.1,16.65,1.5,0.39,sl,-11.1,-43.29,False,2025-06-18 17:15:00,2025-06-18 17:00:00,4350.430000000001,4307.140000000001
buy,high_vol,ema_flipped,1.0,0.64884,8.6,12.899999999999999,1.5,0.5,sl,-8.6,-43.0,False,2025-06-19 04:15:00,2025-06-19 04:00:00,4307.140000000001,4264.140000000001
sell,high_vol,ema_flipped,1.0,0.64838,7.2,10.8,1.5,0.59,sl,-7.2,-42.48,False,2025-06-20 02:45:00,2025-06-20 02:30:00,4264.140000000001,4221.660000000002
sell,high_vol,ema_flipped,1.0,0.64499,15.0,22.5,1.5,0.28,sl,-15.0,-42.0,False,2025-06-23 21:00:00,2025-06-23 20:45:00,4221.660000000002,4179.660000000002
sell,high_vol,ema_flipped,1.0,0.65468,8.1,12.149999999999999,1.5,0.52,sl,-8.1,-42.12,False,2025-06-30 17:30:00,2025-06-30 17:15:00,4179.660000000002,4137.540000000002
buy,high_vol,ema_flipped,1.0,0.65439,9.4,14.100000000000001,1.5,0.44,tp,14.1,62.04,True,2025-07-03 15:45:00,2025-07-03 15:30:00,4137.540000000002,4199.580000000002
sell,high_vol,ema_flipped,1.0,0.65394,11.6,17.4,1.5,0.36,tp,17.4,62.64,True,2025-07-08 07:45:00,2025-07-08 07:30:00,4199.580000000002,4262.220000000002
sell,high_vol,ema_flipped,0.7554,0.65351,11.4,17.1,1.5,0.24,tp,17.1,41.04,True,2025-07-09 08:00:00,2025-07-09 07:45:00,4262.220000000002,4303.260000000002
buy,high_vol,ema_flipped,0.7631,0.6517,7.6,11.399999999999999,1.5,0.37,tp,11.4,42.18,True,2025-07-09 15:00:00,2025-07-09 14:45:00,4303.260000000002,4345.440000000002
sell,high_vol,ema_flipped,0.9651,0.65806,7.1,10.649999999999999,1.5,0.58,tp,10.65,61.77,True,2025-07-14 04:00:00,2025-07-14 03:45:00,4345.440000000002,4407.210000000003
buy,high_vol,ema_flipped,1.0,0.65661,9.0,13.5,1.5,0.49,sl,-9.0,-44.1,False,2025-07-14 04:30:00,2025-07-14 04:15:00,4407.210000000003,4363.110000000002
buy,high_vol,ema_flipped,1.0,0.65298,13.1,19.65,1.5,0.33,sl,-13.1,-43.23,False,2025-07-15 17:30:00,2025-07-15 17:15:00,4363.110000000002,4319.880000000003
sell,high_vol,ema_flipped,1.0,0.65265,7.0,10.5,1.5,0.62,tp,10.5,65.1,True,2025-07-16 23:45:00,2025-07-16 23:30:00,4319.880000000003,4384.980000000003
buy,high_vol,ema_flipped,0.9991,0.66012,7.2,10.8,1.5,0.61,sl,-7.2,-43.92,False,2025-07-24 21:30:00,2025-07-24 21:15:00,4384.980000000003,4341.060000000003
sell,high_vol,ema_flipped,1.0,0.64803,13.3,19.950000000000003,1.5,0.33,sl,-13.3,-43.89,False,2025-08-01 16:00:00,2025-08-01 15:45:00,4341.060000000003,4297.170000000003
sell,high_vol,ema_flipped,0.9998,0.64693,11.9,17.85,1.5,0.36,sl,-11.9,-42.84,False,2025-08-05 19:00:00,2025-08-05 18:45:00,4297.170000000003,4254.330000000003
sell,high_vol,ema_flipped,0.9603,0.65223,7.6,11.399999999999999,1.5,0.53,tp,11.4,60.42,True,2025-08-07 23:45:00,2025-08-07 23:30:00,4254.330000000003,4314.750000000003
buy,high_vol,ema_flipped,0.9957,0.65046,8.3,12.450000000000001,1.5,0.52,sl,-8.3,-43.16,False,2025-08-12 08:15:00,2025-08-12 08:00:00,4314.750000000003,4271.590000000003
sell,high_vol,ema_flipped,1.0,0.65391,17.8,26.700000000000003,1.5,0.24,timeout,13.9,33.36,True,2025-08-12 18:45:00,2025-08-12 18:30:00,4271.590000000003,4304.950000000003
sell,high_vol,ema_flipped,1.0,0.64761,10.6,15.899999999999999,1.5,0.41,sl,-10.6,-43.46,False,2025-08-22 17:15:00,2025-08-22 17:00:00,4304.950000000003,4261.4900000000025
buy,high_vol,ema_flipped,0.9251,0.64759,7.6,11.399999999999999,1.5,0.5,tp,11.4,57.0,True,2025-08-26 05:00:00,2025-08-26 04:45:00,4261.4900000000025,4318.4900000000025
sell,high_vol,ema_flipped,0.9892,0.65319,9.3,13.950000000000001,1.5,0.46,sl,-9.3,-42.78,False,2025-09-03 12:45:00,2025-09-03 12:30:00,4318.4900000000025,4275.710000000003
buy,high_vol,ema_flipped,1.0,0.65923,10.7,16.049999999999997,1.5,0.4,sl,-10.7,-42.8,False,2025-09-09 19:45:00,2025-09-09 19:30:00,4275.710000000003,4232.910000000003
sell,high_vol,ema_flipped,0.9999,0.66254,10.7,16.049999999999997,1.5,0.4,sl,-10.7,-42.8,False,2025-09-11 16:15:00,2025-09-11 16:00:00,4232.910000000003,4190.110000000002
buy,high_vol,ema_flipped,1.0,0.66428,6.2,9.3,1.5,0.68,tp,9.3,63.24,True,2025-09-15 01:00:00,2025-09-15 00:45:00,4190.110000000002,4253.350000000002
sell,high_vol,ema_flipped,1.0,0.66106,7.2,10.8,1.5,0.59,sl,-7.2,-42.48,False,2025-09-24 05:00:00,2025-09-24 04:45:00,4253.350000000002,4210.870000000003
buy,high_vol,ema_flipped,0.9838,0.65874,7.5,11.25,1.5,0.55,sl,-7.5,-41.25,False,2025-09-25 14:30:00,2025-09-25 14:15:00,4210.870000000003,4169.620000000003
sell,high_vol,ema_flipped,0.8682,0.65483,6.8,10.2,1.5,0.5,sl,-6.8,-34.0,False,2025-09-26 21:00:00,2025-09-26 20:45:00,4169.620000000003,4135.620000000003
buy,high_vol,ema_flipped,0.9957,0.65864,6.8,10.2,1.5,0.6,tp,10.2,61.2,True,2025-10-06 00:15:00,2025-10-06 00:00:00,4135.620000000003,4196.820000000002
buy,high_vol,ema_flipped,1.0,0.65968,6.0,9.0,1.5,0.7,sl,-6.0,-42.0,False,2025-10-07 09:15:00,2025-10-07 09:00:00,4196.820000000002,4154.820000000002
buy,high_vol,ema_flipped,0.9999,0.65819,11.2,16.799999999999997,1.5,0.37,tp,16.8,62.16,True,2025-10-09 12:00:00,2025-10-09 11:45:00,4154.820000000002,4216.980000000002
sell,high_vol,ema_flipped,0.9999,0.65893,11.8,17.700000000000003,1.5,0.36,sl,-11.8,-42.48,False,2025-10-09 12:30:00,2025-10-09 12:15:00,4216.980000000002,4174.500000000003
buy,high_vol,ema_flipped,1.0,0.65614,11.7,17.549999999999997,1.5,0.36,sl,-11.7,-42.12,False,2025-10-09 17:45:00,2025-10-09 17:30:00,4174.500000000003,4132.380000000003
sell,high_vol,ema_flipped,0.7309,0.64916,7.5,11.25,1.5,0.34,tp,11.25,38.25,True,2025-10-14 22:30:00,2025-10-14 22:15:00,4132.380000000003,4170.630000000003
buy,high_vol,ema_flipped,1.0,0.64898,9.2,13.799999999999999,1.5,0.45,tp,13.8,62.1,True,2025-10-16 04:00:00,2025-10-16 03:45:00,4170.630000000003,4232.730000000003
sell,high_vol,ema_flipped,0.9982,0.64876,11.6,17.4,1.5,0.36,sl,-11.6,-41.76,False,2025-10-17 19:30:00,2025-10-17 19:15:00,4232.730000000003,4190.970000000003
buy,high_vol,ema_flipped,0.9999,0.64907,11.1,16.65,1.5,0.38,sl,-11.1,-42.18,False,2025-10-22 20:15:00,2025-10-22 20:00:00,4190.970000000003,4148.790000000003
sell,high_vol,ema_flipped,1.0,0.65153,8.6,12.899999999999999,1.5,0.48,tp,12.9,61.92,True,2025-10-24 16:15:00,2025-10-24 16:00:00,4148.790000000003,4210.710000000003
buy,high_vol,ema_flipped,1.0,0.65671,17.2,25.799999999999997,1.5,0.24,timeout,19.2,46.08,True,2025-10-29 22:45:00,2025-10-29 22:30:00,4210.710000000003,4256.790000000003
sell,high_vol,ema_flipped,1.0,0.65908,12.6,18.9,1.5,0.34,tp,18.9,64.26,True,2025-10-30 09:00:00,2025-10-30 08:45:00,4256.790000000003,4321.050000000003
buy,high_vol,ema_flipped,1.0,0.65822,13.4,20.1,1.5,0.32,sl,-13.4,-42.88,False,2025-10-30 10:00:00,2025-10-30 09:45:00,4321.050000000003,4278.170000000003
sell,high_vol,ema_flipped,0.907,0.65052,9.6,14.399999999999999,1.5,0.39,sl,-9.6,-37.44,False,2025-11-05 18:45:00,2025-11-05 18:30:00,4278.170000000003,4240.730000000003
buy,high_vol,ema_flipped,1.0,0.6482,9.4,14.100000000000001,1.5,0.45,sl,-9.4,-42.3,False,2025-11-06 17:00:00,2025-11-06 16:45:00,4240.730000000003,4198.430000000003
sell,high_vol,ema_flipped,0.9991,0.64958,8.1,12.149999999999999,1.5,0.52,sl,-8.1,-42.12,False,2025-11-07 21:45:00,2025-11-07 21:30:00,4198.430000000003,4156.310000000003
buy,high_vol,ema_flipped,1.0,0.65497,10.8,16.200000000000003,1.5,0.38,sl,-10.8,-41.04,False,2025-11-13 20:00:00,2025-11-13 19:45:00,4156.310000000003,4115.270000000003
sell,high_vol,ema_flipped,1.0,0.65462,11.2,16.799999999999997,1.5,0.37,tp,16.8,62.16,True,2025-11-14 19:00:00,2025-11-14 18:45:00,4115.270000000003,4177.430000000003
buy,high_vol,ema_flipped,1.0,0.64876,9.9,14.850000000000001,1.5,0.42,tp,14.85,62.37,True,2025-11-18 18:00:00,2025-11-18 17:45:00,4177.430000000003,4239.800000000003
sell,high_vol,ema_flipped,1.0,0.65034,11.6,17.4,1.5,0.37,sl,-11.6,-42.92,False,2025-11-18 18:45:00,2025-11-18 18:30:00,4239.800000000003,4196.880000000003
sell,high_vol,ema_flipped,1.0,0.64864,10.8,16.200000000000003,1.5,0.39,sl,-10.8,-42.12,False,2025-11-20 16:15:00,2025-11-20 16:00:00,4196.880000000003,4154.760000000003
buy,high_vol,ema_flipped,1.0,0.64688,16.0,24.0,1.5,0.26,sl,-16.0,-41.6,False,2025-11-20 18:30:00,2025-11-20 18:15:00,4154.760000000003,4113.160000000003
sell,high_vol,ema_flipped,1.0,0.64558,10.3,15.450000000000001,1.5,0.4,timeout,-2.4,-9.6,False,2025-11-21 21:45:00,2025-11-21 21:30:00,4113.160000000003,4103.560000000002
sell,high_vol,ema_flipped,0.9994,0.64585,9.8,14.700000000000001,1.5,0.42,sl,-9.8,-41.16,False,2025-11-24 18:45:00,2025-11-24 18:30:00,4103.560000000002,4062.4000000000024
buy,high_vol,ema_flipped,0.9969,0.64547,9.6,14.399999999999999,1.5,0.42,sl,-9.6,-40.32,False,2025-11-24 19:30:00,2025-11-24 19:15:00,4062.4000000000024,4022.080000000002
sell,high_vol,ema_flipped,0.9851,0.64593,9.7,14.549999999999999,1.5,0.41,sl,-9.7,-39.77,False,2025-11-24 19:45:00,2025-11-24 19:30:00,4022.080000000002,3982.310000000002
sell,high_vol,ema_flipped,1.0,0.6474,13.0,19.5,1.5,0.31,timeout,3.5,10.85,True,2025-11-25 19:45:00,2025-11-25 19:30:00,3982.310000000002,3993.160000000002
buy,high_vol,ema_flipped,0.7826,0.66209,7.0,10.5,1.5,0.39,sl,-7.0,-27.3,False,2025-12-08 17:15:00,2025-12-08 17:00:00,3993.160000000002,3965.860000000002
sell,high_vol,ema_flipped,1.0,0.66418,11.3,16.950000000000003,1.5,0.35,sl,-11.3,-39.55,False,2025-12-09 07:15:00,2025-12-09 07:00:00,3965.860000000002,3926.3100000000018
buy,high_vol,ema_flipped,1.0,0.66358,10.6,15.899999999999999,1.5,0.37,tp,15.9,58.83,True,2025-12-11 06:45:00,2025-12-11 06:30:00,3926.3100000000018,3985.1400000000017
buy,high_vol,ema_flipped,1.0,0.66468,8.1,12.149999999999999,1.5,0.49,sl,-8.1,-39.69,False,2025-12-12 17:30:00,2025-12-12 17:15:00,3985.1400000000017,3945.4500000000016
sell,high_vol,ema_flipped,1.0,0.66521,9.9,14.850000000000001,1.5,0.4,tp,14.85,59.4,True,2025-12-16 16:30:00,2025-12-16 16:15:00,3945.4500000000016,4004.8500000000017
buy,high_vol,ema_flipped,1.0,0.66336,14.5,21.75,1.5,0.28,sl,-14.5,-40.6,False,2025-12-16 18:45:00,2025-12-16 18:30:00,4004.8500000000017,3964.250000000002
sell,high_vol,ema_flipped,1.0,0.66217,7.4,11.100000000000001,1.5,0.54,sl,-7.4,-39.96,False,2025-12-18 16:00:00,2025-12-18 15:45:00,3964.250000000002,3924.290000000002
buy,high_vol,ema_flipped,1.0,0.66983,8.7,13.049999999999999,1.5,0.45,sl,-8.7,-39.15,False,2025-12-29 11:15:00,2025-12-29 11:00:00,3924.290000000002,3885.1400000000017
buy,high_vol,ema_flipped,1.0,0.66836,9.0,13.5,1.5,0.43,tp,13.5,58.05,True,2026-01-02 19:00:00,2026-01-02 18:45:00,3885.1400000000017,3943.190000000002
buy,high_vol,ema_flipped,1.0,0.66851,8.2,12.299999999999999,1.5,0.48,sl,-8.2,-39.36,False,2026-01-05 01:00:00,2026-01-05 00:45:00,3943.190000000002,3903.8300000000017
sell,high_vol,ema_flipped,1.0,0.66913,8.5,12.75,1.5,0.46,tp,12.75,58.65,True,2026-01-05 01:30:00,2026-01-05 01:15:00,3903.8300000000017,3962.480000000002
buy,high_vol,ema_flipped,1.0,0.66828,9.5,14.25,1.5,0.42,sl,-9.5,-39.9,False,2026-01-05 01:45:00,2026-01-05 01:30:00,3962.480000000002,3922.5800000000017
sell,high_vol,ema_flipped,1.0,0.66994,9.8,14.700000000000001,1.5,0.4,sl,-9.8,-39.2,False,2026-01-05 17:15:00,2026-01-05 17:00:00,3922.5800000000017,3883.380000000002
buy,high_vol,ema_flipped,1.0,0.67313,8.6,12.899999999999999,1.5,0.45,sl,-8.6,-38.7,False,2026-01-07 17:45:00,2026-01-07 17:30:00,3883.380000000002,3844.680000000002
sell,high_vol,ema_flipped,0.9996,0.67009,7.2,10.8,1.5,0.53,timeout,5.0,26.5,True,2026-01-12 02:45:00,2026-01-12 02:30:00,3844.680000000002,3871.180000000002
buy,high_vol,ema_flipped,0.871,0.66858,7.4,11.100000000000001,1.5,0.43,sl,-7.4,-31.82,False,2026-01-14 12:45:00,2026-01-14 12:30:00,3871.180000000002,3839.360000000002
sell,high_vol,ema_flipped,1.0,0.69267,8.4,12.600000000000001,1.5,0.46,sl,-8.4,-38.64,False,2026-01-27 12:00:00,2026-01-27 11:45:00,3839.360000000002,3800.720000000002
buy,high_vol,ema_flipped,1.0,0.69783,27.7,41.55,1.5,0.14,tp,41.55,58.17,True,2026-01-29 18:00:00,2026-01-29 17:45:00,3800.720000000002,3858.890000000002
sell,high_vol,ema_flipped,1.0,0.70488,10.8,16.200000000000003,1.5,0.36,tp,16.2,58.32,True,2026-01-29 23:45:00,2026-01-29 23:30:00,3858.890000000002,3917.2100000000023
buy,high_vol,ema_flipped,1.0,0.7022,12.4,18.6,1.5,0.32,sl,-12.4,-39.68,False,2026-01-30 03:30:00,2026-01-30 03:15:00,3917.2100000000023,3877.5300000000025
buy,high_vol,ema_flipped,1.0,0.69931,16.4,24.599999999999998,1.5,0.24,sl,-16.4,-39.36,False,2026-02-04 18:15:00,2026-02-04 18:00:00,3877.5300000000025,3838.1700000000023
buy,high_vol,ema_flipped,1.0,0.71049,20.7,31.049999999999997,1.5,0.19,sl,-20.7,-39.33,False,2026-02-12 18:45:00,2026-02-12 18:30:00,3838.1700000000023,3798.8400000000024
sell,high_vol,ema_flipped,0.9991,0.70842,12.9,19.35,1.5,0.29,timeout,12.5,36.25,True,2026-02-17 21:15:00,2026-02-17 21:00:00,3798.8400000000024,3835.0900000000024
sell,high_vol,ema_flipped,0.7927,0.7051,10.4,15.600000000000001,1.5,0.26,sl,-10.4,-27.04,False,2026-02-20 16:00:00,2026-02-20 15:45:00,3835.0900000000024,3808.0500000000025
buy,high_vol,ema_flipped,0.819,0.70413,11.2,16.799999999999997,1.5,0.25,tp,16.8,42.0,True,2026-02-20 16:15:00,2026-02-20 16:00:00,3808.0500000000025,3850.0500000000025
sell,high_vol,ema_flipped,0.9078,0.70589,12.6,18.9,1.5,0.27,sl,-12.6,-34.02,False,2026-02-20 17:00:00,2026-02-20 16:45:00,3850.0500000000025,3816.0300000000025
sell,high_vol,ema_flipped,0.9999,0.71276,14.4,21.6,1.5,0.26,tp,21.6,56.16,True,2026-02-27 17:45:00,2026-02-27 17:30:00,3816.0300000000025,3872.1900000000023
buy,high_vol,ema_flipped,1.0,0.70438,14.3,21.450000000000003,1.5,0.27,tp,21.45,57.91,True,2026-03-02 00:15:00,2026-03-02 00:00:00,3872.1900000000023,3930.100000000002
sell,high_vol,ema_flipped,1.0,0.70883,13.2,19.799999999999997,1.5,0.3,sl,-13.2,-39.6,False,2026-03-02 23:45:00,2026-03-02 23:30:00,3930.100000000002,3890.5000000000023
buy,high_vol,ema_flipped,1.0,0.70676,15.8,23.700000000000003,1.5,0.25,sl,-15.8,-39.5,False,2026-03-03 10:30:00,2026-03-03 10:15:00,3890.5000000000023,3851.0000000000023
sell,high_vol,ema_flipped,1.0,0.70464,21.1,31.650000000000002,1.5,0.18,sl,-21.1,-37.98,False,2026-03-04 12:45:00,2026-03-04 12:30:00,3851.0000000000023,3813.0200000000023
buy,high_vol,ema_flipped,0.9762,0.70002,13.6,20.4,1.5,0.27,tp,20.4,55.08,True,2026-03-06 12:00:00,2026-03-06 11:45:00,3813.0200000000023,3868.100000000002
sell,high_vol,ema_flipped,0.9935,0.70264,14.0,21.0,1.5,0.27,tp,21.0,56.7,True,2026-03-06 23:15:00,2026-03-06 23:00:00,3868.100000000002,3924.800000000002
buy,high_vol,ema_flipped,1.0,0.6986,16.1,24.150000000000002,1.5,0.24,sl,-16.1,-38.64,False,2026-03-09 00:15:00,2026-03-09 00:00:00,3924.800000000002,3886.160000000002
sell,high_vol,ema_flipped,1.0,0.7012,18.8,28.200000000000003,1.5,0.21,sl,-18.8,-39.48,False,2026-03-09 13:15:00,2026-03-09 13:00:00,3886.160000000002,3846.680000000002
buy,high_vol,ema_flipped,1.0,0.70681,13.3,19.950000000000003,1.5,0.29,sl,-13.3,-38.57,False,2026-03-18 15:45:00,2026-03-18 15:30:00,3846.680000000002,3808.110000000002
sell,high_vol,ema_flipped,1.0,0.70743,19.1,28.650000000000002,1.5,0.2,sl,-19.1,-38.2,False,2026-03-19 22:00:00,2026-03-19 21:45:00,3808.110000000002,3769.910000000002
buy,high_vol,ema_flipped,1.0,0.70435,15.8,23.700000000000003,1.5,0.24,sl,-15.8,-37.92,False,2026-03-20 17:00:00,2026-03-20 16:45:00,3769.910000000002,3731.990000000002
sell,high_vol,ema_flipped,1.0,0.70561,54.1,81.15,1.5,0.07,tp,81.15,56.8,True,2026-03-23 17:30:00,2026-03-23 17:15:00,3731.990000000002,3788.7900000000022
buy,high_vol,ema_flipped,1.0,0.6986,14.1,21.15,1.5,0.27,sl,-14.1,-38.07,False,2026-03-24 03:45:00,2026-03-24 03:30:00,3788.7900000000022,3750.720000000002
sell,high_vol,ema_flipped,1.0,0.69928,17.6,26.400000000000002,1.5,0.21,timeout,20.7,43.47,True,2026-03-25 01:00:00,2026-03-25 00:45:00,3750.720000000002,3794.190000000002
sell,high_vol,ema_flipped,0.9993,0.6872,11.4,17.1,1.5,0.33,sl,-11.4,-37.62,False,2026-03-31 14:30:00,2026-03-31 14:15:00,3794.190000000002,3756.570000000002
buy,high_vol,ema_flipped,0.9997,0.68891,16.1,24.150000000000002,1.5,0.23,sl,-16.1,-37.03,False,2026-04-02 04:45:00,2026-04-02 04:30:00,3756.570000000002,3719.540000000002
buy,high_vol,ema_flipped,1.0,0.70024,13.4,20.1,1.5,0.28,tp,20.1,56.28,True,2026-04-13 00:15:00,2026-04-13 00:00:00,3719.540000000002,3775.820000000002
buy,high_vol,ema_flipped,1.0,0.71311,12.2,18.299999999999997,1.5,0.31,sl,-12.2,-37.82,False,2026-04-20 00:15:00,2026-04-20 00:00:00,3775.820000000002,3738.000000000002
buy,high_vol,ema_flipped,1.0,0.71346,10.8,16.200000000000003,1.5,0.35,sl,-10.8,-37.8,False,2026-04-23 20:15:00,2026-04-23 20:00:00,3738.000000000002,3700.2000000000016
