setup,symbol,total_trades,win_rate,total_pnl,profit_factor,avg_win,avg_loss,max_drawdown,sharpe,final_balance,expectancy,fingerprint
bollinger_10_2.0_LOW,EURUSD,4659,0.355,-10008.67,0.838,31.26,-20.52,-1.0011,0.206,-8.67,-2.15,867e24131a9b
bollinger_10_2.0_HIGH,EURUSD,3015,0.39,-7268.96,0.951,119.31,-80.25,-0.8673,-0.49,2731.04,-2.41,867e24131a9b
bollinger_20_2.0_LOW,EURUSD,7996,0.351,-10346.56,0.725,9.73,-7.25,-1.0355,-0.224,-346.56,-1.29,867e24131a9b
bollinger_20_2.0_HIGH,EURUSD,5521,0.386,-9682.87,0.936,66.61,-44.8,-0.9848,-0.758,317.13,-1.75,867e24131a9b
bollinger_20_2.5_LOW,EURUSD,2491,0.351,-9646.29,0.794,42.55,-29.01,-0.9697,-1.744,353.71,-3.87,867e24131a9b
bollinger_20_2.5_HIGH,EURUSD,2097,0.392,-6109.46,0.929,97.04,-67.22,-0.7358,-0.513,3890.54,-2.91,867e24131a9b
bollinger_20_3.0_LOW,EURUSD,521,0.37,-3448.15,0.883,134.45,-89.62,-0.4413,-1.009,6551.85,-6.62,867e24131a9b
bollinger_20_3.0_HIGH,EURUSD,731,0.397,-1593.93,0.963,141.7,-96.8,-0.4812,-0.222,8406.07,-2.18,867e24131a9b
bollinger_50_2.0_LOW,EURUSD,7458,0.36,-10241.8,0.835,19.33,-13.02,-1.0239,0.138,-241.8,-1.37,867e24131a9b
bollinger_50_2.0_HIGH,EURUSD,9901,0.381,-10321.05,0.933,38.22,-25.22,-1.0237,-0.043,-321.05,-1.04,867e24131a9b
bollinger_50_2.5_LOW,EURUSD,2828,0.363,-9527.75,0.904,87.19,-54.93,-0.9649,-1.39,472.25,-3.37,867e24131a9b
bollinger_50_2.5_HIGH,EURUSD,4836,0.374,-9879.32,0.886,42.52,-28.72,-0.9932,-1.113,120.68,-2.04,867e24131a9b
ema_flipped_5_20_LOW,EURUSD,4567,0.339,-10160.3,0.773,22.39,-14.82,-1.016,-0.04,-160.3,-2.22,867e24131a9b
ema_flipped_5_20_HIGH,EURUSD,2632,0.366,-9478.26,0.866,63.89,-42.48,-0.9516,-1.465,521.74,-3.6,867e24131a9b
ema_flipped_10_50_LOW,EURUSD,1959,0.332,-9697.46,0.734,41.12,-27.88,-0.9703,-2.4,302.54,-4.95,867e24131a9b
ema_flipped_10_50_HIGH,EURUSD,1262,0.383,-6479.54,0.874,93.37,-66.21,-0.7362,-1.045,3520.46,-5.13,867e24131a9b
ema_flipped_10_200_LOW,EURUSD,843,0.365,-5677.27,0.836,94.24,-64.87,-0.5815,-1.266,4322.73,-6.73,867e24131a9b
ema_flipped_10_200_HIGH,EURUSD,773,0.383,-4437.63,0.89,120.99,-84.38,-0.5631,-0.953,5562.37,-5.74,867e24131a9b
ema_flipped_20_100_LOW,EURUSD,819,0.355,-6429.76,0.782,79.33,-55.9,-0.6394,-1.643,3570.24,-7.85,867e24131a9b
ema_flipped_20_100_HIGH,EURUSD,756,0.401,-2811.89,0.932,126.22,-90.63,-0.4403,-0.51,7188.11,-3.72,867e24131a9b
ema_5_20_LOW,EURUSD,4567,0.331,-10143.93,0.714,16.77,-11.63,-1.0146,-0.164,-143.93,-2.22,867e24131a9b
ema_5_20_HIGH,EURUSD,2632,0.375,-9028.39,0.822,42.32,-30.84,-0.9065,-1.132,971.61,-3.43,867e24131a9b
ema_10_50_LOW,EURUSD,1959,0.312,-9906.09,0.668,32.59,-22.16,-0.9911,-3.279,93.91,-5.06,867e24131a9b
ema_10_50_HIGH,EURUSD,1262,0.367,-7504.82,0.812,70.07,-49.99,-0.7533,-1.437,2495.18,-5.95,867e24131a9b
ema_20_100_LOW,EURUSD,819,0.324,-8132.12,0.702,72.44,-49.33,-0.8333,-2.793,1867.88,-9.93,867e24131a9b
ema_20_100_HIGH,EURUSD,756,0.369,-5912.06,0.785,77.41,-57.67,-0.6086,-1.572,4087.94,-7.82,867e24131a9b
rsi_7_25_75_LOW,EURUSD,20061,0.353,-11343.95,0.775,5.51,-3.89,-1.136,-0.086,-1343.95,-0.57,867e24131a9b
rsi_7_25_75_HIGH,EURUSD,14079,0.382,-10591.22,0.929,25.84,-17.2,-1.0505,-0.051,-591.22,-0.75,867e24131a9b
rsi_14_30_70_LOW,EURUSD,15564,0.344,-11228.04,0.747,6.2,-4.35,-1.1252,0.127,-1228.04,-0.72,867e24131a9b
rsi_14_30_70_HIGH,EURUSD,11724,0.396,-9964.07,0.942,35.13,-24.48,-1.011,-0.264,35.93,-0.85,867e24131a9b
rsi_14_20_80_LOW,EURUSD,3672,0.347,-9946.93,0.709,19.02,-14.27,-0.9959,-1.782,53.07,-2.71,867e24131a9b
rsi_14_20_80_HIGH,EURUSD,3680,0.383,-9633.55,0.877,48.87,-34.6,-0.9726,-1.163,366.45,-2.62,867e24131a9b
rsi_21_30_70_LOW,EURUSD,9068,0.346,-10523.31,0.783,12.11,-8.17,-1.0507,0.167,-523.31,-1.16,867e24131a9b
rsi_21_30_70_HIGH,EURUSD,7832,0.385,-10130.09,0.765,10.94,-8.96,-1.0223,0.116,-130.09,-1.29,867e24131a9b
rsi_21_20_80_LOW,EURUSD,1152,0.327,-9017.45,0.694,54.29,-38.05,-0.9251,-2.732,982.55,-7.83,867e24131a9b
rsi_21_20_80_HIGH,EURUSD,1629,0.378,-8269.17,0.794,51.64,-39.57,-0.8781,-1.425,1730.83,-5.08,867e24131a9b
atr_breakout_10_0.5_LOW,EURUSD,0,0.0,0.0,0.0,0.0,0.0,0.0,0.0,10000.0,0.0,867e24131a9b
atr_breakout_10_0.5_HIGH,EURUSD,0,0.0,0.0,0.0,0.0,0.0,0.0,0.0,10000.0,0.0,867e24131a9b
atr_breakout_20_0.5_LOW,EURUSD,0,0.0,0.0,0.0,0.0,0.0,0.0,0.0,10000.0,0.0,867e24131a9b
atr_breakout_20_0.5_HIGH,EURUSD,0,0.0,0.0,0.0,0.0,0.0,0.0,0.0,10000.0,0.0,867e24131a9b
atr_breakout_20_1.0_LOW,EURUSD,0,0.0,0.0,0.0,0.0,0.0,0.0,0.0,10000.0,0.0,867e24131a9b
atr_breakout_20_1.0_HIGH,EURUSD,0,0.0,0.0,0.0,0.0,0.0,0.0,0.0,10000.0,0.0,867e24131a9b
vwap_0.001_LOW,EURUSD,18505,0.37,-10951.02,0.724,4.19,-3.41,-1.0917,0.047,-951.02,-0.59,867e24131a9b
vwap_0.001_HIGH,EURUSD,25268,0.392,-11612.41,0.929,15.42,-10.7,-1.0912,0.077,-1612.41,-0.46,867e24131a9b
vwap_0.002_LOW,EURUSD,6375,0.395,-9359.68,0.899,33.07,-24.03,-0.9781,-0.504,640.32,-1.47,867e24131a9b
vwap_0.002_HIGH,EURUSD,13887,0.399,-10321.63,0.921,21.57,-15.58,-1.0228,-0.106,-321.63,-0.74,867e24131a9b
vwap_0.003_LOW,EURUSD,2636,0.425,9362.03,1.066,135.35,-93.67,-0.7963,0.435,19362.03,3.55,867e24131a9b
vwap_0.003_HIGH,EURUSD,7448,0.406,-9735.92,0.882,24.02,-18.64,-0.9809,-0.588,264.08,-1.31,867e24131a9b
COMBO_BB20_3_EMAf20_100,EURUSD,1550,0.375,-7024.42,0.872,82.52,-56.73,-0.7404,-0.967,2975.58,-4.53,867e24131a9b
COMBO_BB20_25_EMAf20_100,EURUSD,2916,0.381,-8606.48,0.886,59.92,-41.7,-0.8719,-0.823,1393.52,-2.95,867e24131a9b
COMBO_BB10_2_EMAf20_100,EURUSD,3834,0.383,-9028.64,0.926,76.89,-51.47,-0.9286,-0.734,971.36,-2.35,867e24131a9b
COMBO_BB20_3_EMAf10_50,EURUSD,2690,0.35,-9746.19,0.82,47.29,-31.02,-0.9765,-1.781,253.81,-3.62,867e24131a9b
COMBO_BB20_3_EMAf5_20,EURUSD,5298,0.347,-10154.59,0.826,26.33,-16.89,-1.0154,0.074,-154.59,-1.92,867e24131a9b
COMBO_RSI21_2080_EMAf20_100,EURUSD,2448,0.37,-9376.56,0.757,32.32,-25.07,-0.9385,-1.495,623.44,-3.83,867e24131a9b
COMBO_RSI14_2080_EMAf20_100,EURUSD,4499,0.378,-9857.18,0.85,32.92,-23.54,-0.9873,-1.197,142.82,-2.19,867e24131a9b
COMBO_RSI21_2080_EMAf10_50,EURUSD,3586,0.354,-9972.65,0.74,22.42,-16.56,-0.9981,-1.725,27.35,-2.78,867e24131a9b
COMBO_RSI14_3070_EMAf10_50,EURUSD,13683,0.387,-10275.57,0.916,21.2,-14.62,-1.0313,-0.146,-275.57,-0.75,867e24131a9b
COMBO_VWAP003_EMAf20_100,EURUSD,8267,0.401,-9883.07,0.849,16.75,-13.22,-0.9927,-0.576,116.93,-1.2,867e24131a9b
COMBO_VWAP002_EMAf20_100,EURUSD,14706,0.397,-10419.06,0.897,15.6,-11.44,-1.0306,0.117,-419.06,-0.71,867e24131a9b
COMBO_BB10_LOW_BB20_3_HIGH,EURUSD,7674,0.369,-10068.39,0.923,42.55,-26.92,-1.0051,0.09,-68.39,-1.31,867e24131a9b
COMBO_RSI21_BOTH,EURUSD,2781,0.357,-9818.24,0.735,27.48,-20.75,-0.9854,-1.925,181.76,-3.53,867e24131a9b
COMBO_EMA_flip_LOW_EMA_HIGH,EURUSD,1575,0.362,-8551.4,0.759,47.13,-35.24,-0.8537,-1.616,1448.6,-5.43,867e24131a9b
bollinger_10_2.0_LOW,GBPUSD,4339,0.351,-10018.78,0.832,32.51,-21.18,-1.0018,0.072,-18.78,-2.31,867e24131a9b
bollinger_10_2.0_HIGH,GBPUSD,3184,0.399,-6347.9,0.946,88.29,-61.82,-0.7023,-0.335,3652.1,-1.99,867e24131a9b
bollinger_20_2.0_LOW,GBPUSD,7331,0.357,-10298.76,0.884,29.99,-18.82,-1.0285,-0.02,-298.76,-1.4,867e24131a9b
bollinger_20_2.0_HIGH,GBPUSD,6002,0.39,-9562.43,0.898,36.06,-25.63,-0.9754,-0.613,437.57,-1.59,867e24131a9b
bollinger_20_2.5_LOW,GBPUSD,2229,0.355,-9342.26,0.887,92.83,-57.66,-0.9492,-1.574,657.74,-4.19,867e24131a9b
bollinger_20_2.5_HIGH,GBPUSD,2152,0.385,-7352.39,0.893,74.19,-52.05,-0.7796,-0.745,2647.61,-3.42,867e24131a9b
bollinger_20_3.0_LOW,GBPUSD,427,0.342,-4946.06,0.768,112.07,-75.83,-0.4895,-2.119,5053.94,-11.58,867e24131a9b
bollinger_20_3.0_HIGH,GBPUSD,652,0.425,1092.11,1.029,140.91,-101.17,-0.1764,0.306,11092.11,1.68,867e24131a9b
bollinger_50_2.0_LOW,GBPUSD,6863,0.344,-10552.11,0.931,60.54,-34.07,-1.0363,-0.214,-552.11,-1.54,867e24131a9b
bollinger_50_2.0_HIGH,GBPUSD,10922,0.394,-9901.38,0.854,13.47,-10.26,-1.0033,0.038,98.62,-0.91,867e24131a9b
bollinger_50_2.5_LOW,GBPUSD,2627,0.344,-9809.19,0.883,82.28,-48.87,-0.9858,-1.993,190.81,-3.73,867e24131a9b
bollinger_50_2.5_HIGH,GBPUSD,5217,0.394,-8466.51,0.918,45.85,-32.55,-0.913,-0.391,1533.49,-1.62,867e24131a9b
ema_flipped_5_20_LOW,GBPUSD,4392,0.343,-10113.8,0.779,23.62,-15.83,-1.0114,0.178,-113.8,-2.3,867e24131a9b
ema_flipped_5_20_HIGH,GBPUSD,3085,0.382,-9118.02,0.892,63.93,-44.27,-0.925,-0.996,881.98,-2.96,867e24131a9b
ema_flipped_10_50_LOW,GBPUSD,1779,0.372,-8305.5,0.84,65.66,-46.35,-0.8313,-1.275,1694.5,-4.67,867e24131a9b
ema_flipped_10_50_HIGH,GBPUSD,1532,0.396,-5290.3,0.915,93.99,-67.22,-0.5972,-0.579,4709.7,-3.45,867e24131a9b
ema_flipped_10_200_LOW,GBPUSD,648,0.341,-6282.03,0.786,104.53,-68.81,-0.6441,-2.023,3717.97,-9.69,867e24131a9b
ema_flipped_10_200_HIGH,GBPUSD,918,0.402,-2879.61,0.927,98.66,-71.55,-0.372,-0.412,7120.39,-3.14,867e24131a9b
ema_flipped_20_100_LOW,GBPUSD,700,0.357,-5674.23,0.822,104.53,-70.68,-0.6159,-1.548,4325.77,-8.11,867e24131a9b
bollinger_10_2.0_LOW,EURUSD,4586,0.359,-9988.83,0.82,27.64,-18.87,-0.9996,-0.615,11.17,-2.18,df0d61621837
bollinger_10_2.0_HIGH,EURUSD,3025,0.399,-7190.81,0.948,109.36,-76.66,-0.8506,-0.492,2809.19,-2.38,df0d61621837
bollinger_20_2.0_LOW,EURUSD,7899,0.361,-10263.4,0.752,10.95,-8.2,-1.0266,-0.262,-263.4,-1.3,df0d61621837
bollinger_20_2.0_HIGH,EURUSD,5505,0.393,-9711.06,0.914,47.74,-33.87,-0.982,-0.81,288.94,-1.76,df0d61621837
bollinger_20_2.5_LOW,EURUSD,2471,0.357,-9625.6,0.793,41.94,-29.29,-0.9664,-1.753,374.4,-3.9,df0d61621837
bollinger_20_2.5_HIGH,EURUSD,2085,0.4,-5464.55,0.931,88.31,-63.36,-0.6593,-0.43,4535.45,-2.62,df0d61621837
bollinger_20_3.0_LOW,EURUSD,515,0.373,-3647.23,0.874,131.61,-89.53,-0.4773,-1.11,6352.77,-7.08,df0d61621837
bollinger_20_3.0_HIGH,EURUSD,717,0.411,-324.97,0.992,135.59,-95.55,-0.3982,0.031,9675.03,-0.45,df0d61621837
bollinger_50_2.0_LOW,EURUSD,7258,0.365,-10261.86,0.794,14.9,-10.78,-1.027,0.179,-261.86,-1.41,df0d61621837
bollinger_50_2.0_HIGH,EURUSD,9896,0.394,-10227.01,0.939,40.23,-27.83,-1.0153,0.16,-227.01,-1.03,df0d61621837
bollinger_50_2.5_LOW,EURUSD,2738,0.368,-9617.21,0.868,62.6,-41.97,-0.9654,-1.591,382.79,-3.51,df0d61621837
bollinger_50_2.5_HIGH,EURUSD,4836,0.385,-9856.4,0.896,45.86,-32.0,-0.9921,-1.128,143.6,-2.04,df0d61621837
ema_flipped_5_20_LOW,EURUSD,4510,0.344,-10149.66,0.781,23.28,-15.65,-1.0147,0.422,-149.66,-2.25,df0d61621837
ema_flipped_5_20_HIGH,EURUSD,2632,0.38,-9344.31,0.864,59.19,-41.93,-0.9379,-1.394,655.69,-3.55,df0d61621837
ema_flipped_10_50_LOW,EURUSD,1930,0.345,-9584.2,0.718,36.74,-26.89,-0.9596,-2.247,415.8,-4.97,df0d61621837
ema_flipped_10_50_HIGH,EURUSD,1275,0.38,-7307.81,0.854,88.33,-63.48,-0.7755,-1.381,2692.19,-5.73,df0d61621837
ema_flipped_10_200_LOW,EURUSD,825,0.379,-5404.33,0.855,102.15,-73.0,-0.5744,-1.216,4595.67,-6.55,df0d61621837
ema_flipped_10_200_HIGH,EURUSD,783,0.395,-4522.4,0.877,104.84,-77.88,-0.5483,-1.01,5477.6,-5.78,df0d61621837
ema_flipped_20_100_LOW,EURUSD,819,0.37,-5803.93,0.826,91.05,-64.71,-0.5927,-1.387,4196.07,-7.09,df0d61621837
ema_flipped_20_100_HIGH,EURUSD,731,0.397,-4354.81,0.864,95.13,-72.43,-0.5226,-1.045,5645.19,-5.96,df0d61621837
ema_5_20_LOW,EURUSD,4510,0.337,-10145.19,0.735,18.49,-12.8,-1.0133,0.236,-145.19,-2.25,df0d61621837
ema_5_20_HIGH,EURUSD,2632,0.377,-9320.63,0.779,33.12,-25.68,-0.9371,-1.378,679.37,-3.54,df0d61621837
ema_10_50_LOW,EURUSD,1930,0.319,-9865.99,0.716,40.39,-26.39,-0.9871,-3.12,134.01,-5.11,df0d61621837
ema_10_50_HIGH,EURUSD,1275,0.377,-7547.19,0.769,52.12,-41.08,-0.7664,-1.497,2452.81,-5.92,df0d61621837
ema_flipped_20_100_HIGH,GBPUSD,889,0.388,-4810.74,0.863,87.47,-64.32,-0.4974,-0.928,5189.26,-5.41,867e24131a9b
ema_5_20_LOW,GBPUSD,4392,0.323,-10234.42,0.689,15.97,-11.05,-1.0234,0.196,-234.42,-2.33,867e24131a9b
ema_5_20_HIGH,GBPUSD,3085,0.359,-9766.27,0.816,39.15,-26.88,-0.9773,-1.613,233.73,-3.17,867e24131a9b
ema_10_50_LOW,GBPUSD,1779,0.285,-9937.14,0.554,24.33,-17.51,-0.9945,-3.727,62.86,-5.59,867e24131a9b
ema_10_50_HIGH,GBPUSD,1532,0.349,-8900.77,0.786,61.4,-41.77,-0.8911,-1.921,1099.23,-5.81,867e24131a9b
ema_20_100_LOW,GBPUSD,700,0.303,-8378.89,0.612,62.36,-44.26,-0.8395,-3.671,1621.11,-11.97,867e24131a9b
ema_20_100_HIGH,GBPUSD,889,0.382,-4300.51,0.902,117.07,-80.34,-0.5099,-0.775,5699.49,-4.84,867e24131a9b
rsi_7_25_75_LOW,GBPUSD,18738,0.349,-11725.43,0.79,6.75,-4.58,-1.1747,-0.102,-1725.43,-0.63,867e24131a9b
rsi_7_25_75_HIGH,GBPUSD,15520,0.398,-10072.95,0.857,9.8,-7.55,-1.0329,-0.08,-72.95,-0.65,867e24131a9b
rsi_14_30_70_LOW,GBPUSD,14146,0.34,-11501.88,0.856,14.24,-8.58,-1.118,-0.099,-1501.88,-0.81,867e24131a9b
rsi_14_30_70_HIGH,GBPUSD,12824,0.403,-9630.42,0.905,17.68,-13.21,-0.9954,-0.244,369.58,-0.75,867e24131a9b
rsi_14_20_80_LOW,GBPUSD,3576,0.358,-9819.77,0.892,63.01,-39.45,-0.9868,-1.439,180.23,-2.75,867e24131a9b
rsi_14_20_80_HIGH,GBPUSD,3759,0.41,-1555.19,0.988,85.36,-59.94,-0.7861,0.031,8444.81,-0.41,867e24131a9b
rsi_21_30_70_LOW,GBPUSD,8364,0.343,-10676.82,0.915,40.06,-22.91,-1.0366,0.128,-676.82,-1.28,867e24131a9b
rsi_21_30_70_HIGH,GBPUSD,8250,0.407,-7919.08,0.891,19.26,-14.83,-0.9907,-0.165,2080.92,-0.96,867e24131a9b
rsi_21_20_80_LOW,GBPUSD,1184,0.318,-9156.4,0.696,55.5,-37.28,-0.9213,-2.823,843.6,-7.73,867e24131a9b
rsi_21_20_80_HIGH,GBPUSD,1509,0.379,-7064.17,0.82,56.2,-41.85,-0.7874,-1.024,2935.83,-4.68,867e24131a9b
atr_breakout_10_0.5_LOW,GBPUSD,0,0.0,0.0,0.0,0.0,0.0,0.0,0.0,10000.0,0.0,867e24131a9b
atr_breakout_10_0.5_HIGH,GBPUSD,0,0.0,0.0,0.0,0.0,0.0,0.0,0.0,10000.0,0.0,867e24131a9b
atr_breakout_20_0.5_LOW,GBPUSD,0,0.0,0.0,0.0,0.0,0.0,0.0,0.0,10000.0,0.0,867e24131a9b
atr_breakout_20_0.5_HIGH,GBPUSD,0,0.0,0.0,0.0,0.0,0.0,0.0,0.0,10000.0,0.0,867e24131a9b
atr_breakout_20_1.0_LOW,GBPUSD,0,0.0,0.0,0.0,0.0,0.0,0.0,0.0,10000.0,0.0,867e24131a9b
atr_breakout_20_1.0_HIGH,GBPUSD,0,0.0,0.0,0.0,0.0,0.0,0.0,0.0,10000.0,0.0,867e24131a9b
vwap_0.001_LOW,GBPUSD,17984,0.359,-11711.43,0.818,8.12,-5.57,-1.1288,0.253,-1711.43,-0.65,867e24131a9b
vwap_0.001_HIGH,GBPUSD,29810,0.401,-11022.31,0.946,16.1,-11.4,-1.0608,0.045,-1022.31,-0.37,867e24131a9b
vwap_0.002_LOW,GBPUSD,7104,0.368,-10194.91,0.77,13.01,-9.86,-1.02,-0.188,-194.91,-1.44,867e24131a9b
vwap_0.002_HIGH,GBPUSD,16742,0.41,-9397.38,0.978,62.08,-44.17,-0.9874,-0.139,602.62,-0.56,867e24131a9b
vwap_0.003_LOW,GBPUSD,3153,0.376,-9054.31,0.856,45.54,-32.06,-0.9492,-0.947,945.69,-2.87,867e24131a9b
vwap_0.003_HIGH,GBPUSD,9137,0.409,-8025.19,0.96,50.97,-36.82,-0.9802,-0.151,1974.81,-0.88,867e24131a9b
COMBO_BB20_3_EMAf20_100,GBPUSD,1352,0.39,-5194.05,0.916,106.81,-74.53,-0.6172,-0.64,4805.95,-3.84,867e24131a9b
COMBO_BB20_25_EMAf20_100,GBPUSD,2852,0.378,-8882.1,0.881,61.01,-42.14,-0.9108,-0.952,1117.9,-3.11,867e24131a9b
COMBO_BB10_2_EMAf20_100,GBPUSD,3884,0.391,-8417.35,0.928,71.74,-49.64,-0.8648,-0.55,1582.65,-2.17,867e24131a9b
COMBO_BB20_3_EMAf10_50,GBPUSD,2431,0.386,-8122.49,0.886,67.45,-47.9,-0.8131,-0.843,1877.51,-3.34,867e24131a9b
COMBO_BB20_3_EMAf5_20,GBPUSD,5044,0.353,-10092.79,0.805,23.33,-15.85,-1.01,-0.041,-92.79,-2.0,867e24131a9b
COMBO_RSI21_2080_EMAf20_100,GBPUSD,2204,0.373,-8660.05,0.817,46.84,-34.19,-0.8863,-1.16,1339.95,-3.93,867e24131a9b
COMBO_RSI14_2080_EMAf20_100,GBPUSD,4459,0.401,-6287.11,0.95,66.32,-46.83,-0.8664,-0.21,3712.89,-1.41,867e24131a9b
COMBO_RSI21_2080_EMAf10_50,GBPUSD,3278,0.372,-9543.42,0.787,28.88,-21.78,-0.9553,-1.199,456.58,-2.91,867e24131a9b
COMBO_RSI14_3070_EMAf10_50,GBPUSD,14603,0.4,-10001.74,0.886,13.27,-9.98,-1.0062,0.137,-1.74,-0.68,867e24131a9b
COMBO_VWAP003_EMAf20_100,GBPUSD,9837,0.406,-9167.06,0.948,42.06,-30.28,-0.9824,-0.254,832.94,-0.93,867e24131a9b
COMBO_VWAP002_EMAf20_100,GBPUSD,17442,0.408,-9835.79,0.975,53.8,-38.07,-0.996,-0.229,164.21,-0.56,867e24131a9b
COMBO_BB10_LOW_BB20_3_HIGH,GBPUSD,7523,0.371,-10122.39,0.879,26.22,-17.63,-1.0117,0.063,-122.39,-1.35,867e24131a9b
COMBO_RSI21_BOTH,GBPUSD,2693,0.352,-9746.08,0.734,28.39,-21.03,-0.9763,-1.796,253.92,-3.62,867e24131a9b
COMBO_EMA_flip_LOW_EMA_HIGH,GBPUSD,1589,0.371,-7535.11,0.878,91.76,-61.74,-0.8032,-1.116,2464.89,-4.74,867e24131a9b
bollinger_10_2.0_LOW,EURGBP,3594,0.315,-10119.61,0.715,22.42,-14.44,-1.0118,0.292,-119.61,-2.82,867e24131a9b
bollinger_10_2.0_HIGH,EURGBP,3746,0.358,-9912.58,0.875,51.62,-32.9,-0.9922,-1.655,87.42,-2.65,867e24131a9b
bollinger_20_2.0_LOW,EURGBP,5417,0.311,-10401.33,0.695,14.05,-9.14,-1.0399,-0.216,-401.33,-1.92,867e24131a9b
bollinger_20_2.0_HIGH,EURGBP,7091,0.339,-10499.07,0.794,16.86,-10.87,-1.0468,0.227,-499.07,-1.48,867e24131a9b
bollinger_20_2.5_LOW,EURGBP,1545,0.32,-9563.59,0.666,38.69,-27.28,-0.9656,-2.789,436.41,-6.19,867e24131a9b
bollinger_20_2.5_HIGH,EURGBP,2602,0.347,-9796.12,0.817,48.22,-31.44,-0.9806,-1.97,203.88,-3.76,867e24131a9b
bollinger_20_3.0_LOW,EURGBP,301,0.372,-2162.55,0.854,112.95,-78.38,-0.291,-1.019,7837.45,-7.18,867e24131a9b
bollinger_20_3.0_HIGH,EURGBP,836,0.344,-7363.13,0.788,94.98,-63.35,-0.7556,-2.103,2636.87,-8.81,867e24131a9b
bollinger_50_2.0_LOW,EURGBP,4311,0.302,-10338.57,0.605,12.16,-8.68,-1.0303,-0.333,-338.57,-2.4,867e24131a9b
bollinger_50_2.0_HIGH,EURGBP,12836,0.336,-11705.18,0.697,6.24,-4.53,-1.1519,0.122,-1705.18,-0.91,867e24131a9b
bollinger_50_2.5_LOW,EURGBP,1655,0.321,-9653.86,0.687,39.75,-27.43,-0.9697,-2.824,346.14,-5.83,867e24131a9b
bollinger_50_2.5_HIGH,EURGBP,6434,0.341,-10403.22,0.705,11.34,-8.32,-1.0388,-0.198,-403.22,-1.62,867e24131a9b
ema_flipped_5_20_LOW,EURGBP,4092,0.283,-10405.37,0.542,10.65,-7.74,-1.0409,-0.389,-405.37,-2.54,867e24131a9b
ema_flipped_5_20_HIGH,EURGBP,3887,0.33,-10136.07,0.753,24.14,-15.77,-1.0134,0.214,-136.07,-2.61,867e24131a9b
ema_flipped_10_50_LOW,EURGBP,1567,0.278,-9917.2,0.61,35.65,-22.51,-0.9921,-4.484,82.8,-6.33,867e24131a9b
ema_flipped_10_50_HIGH,EURGBP,1841,0.329,-9749.39,0.706,38.65,-26.81,-0.9776,-2.726,250.61,-5.3,867e24131a9b
ema_flipped_10_200_LOW,EURGBP,578,0.315,-7066.27,0.689,85.92,-57.33,-0.7215,-2.965,2933.73,-12.23,867e24131a9b
ema_flipped_10_200_HIGH,EURGBP,1019,0.336,-8228.17,0.723,62.77,-43.86,-0.8375,-2.274,1771.83,-8.07,867e24131a9b
ema_flipped_20_100_LOW,EURGBP,626,0.304,-7706.97,0.668,81.44,-53.16,-0.7684,-3.272,2293.03,-12.31,867e24131a9b
ema_flipped_20_100_HIGH,EURGBP,1063,0.317,-9065.4,0.688,59.39,-40.05,-0.9086,-3.073,934.6,-8.53,867e24131a9b
ema_5_20_LOW,EURGBP,4092,0.234,-10689.11,0.442,8.83,-6.11,-1.0676,0.214,-689.11,-2.61,867e24131a9b
ema_5_20_HIGH,EURGBP,3887,0.27,-10590.14,0.453,8.36,-6.82,-1.0595,-0.287,-590.14,-2.72,867e24131a9b
ema_10_50_LOW,EURGBP,1567,0.223,-10056.87,0.409,19.91,-13.96,-1.0054,-0.214,-56.87,-6.42,867e24131a9b
ema_10_50_HIGH,EURGBP,1841,0.288,-9966.19,0.643,33.76,-21.29,-0.9966,-4.173,33.81,-5.41,867e24131a9b
ema_20_100_LOW,EURGBP,626,0.209,-9474.92,0.427,53.87,-33.4,-0.9509,-7.546,525.08,-15.14,867e24131a9b
ema_20_100_HIGH,EURGBP,1063,0.294,-9478.95,0.642,54.31,-35.3,-0.949,-3.948,521.05,-8.92,867e24131a9b
rsi_7_25_75_LOW,EURGBP,15487,0.299,-12208.18,0.649,4.88,-3.21,-1.2076,0.146,-2208.18,-0.79,867e24131a9b
rsi_7_25_75_HIGH,EURGBP,16442,0.332,-12482.09,0.769,7.61,-4.93,-1.2297,0.158,-2482.09,-0.76,867e24131a9b
rsi_14_30_70_LOW,EURGBP,10639,0.312,-11104.72,0.635,5.83,-4.15,-1.1069,-0.16,-1104.72,-1.04,867e24131a9b
rsi_14_30_70_HIGH,EURGBP,12809,0.326,-12123.75,0.684,6.27,-4.44,-1.1787,0.192,-2123.75,-0.95,867e24131a9b
rsi_14_20_80_LOW,EURGBP,2479,0.32,-9925.49,0.744,36.46,-23.03,-0.9935,-2.767,74.51,-4.0,867e24131a9b
rsi_14_20_80_HIGH,EURGBP,3585,0.319,-10199.85,0.647,16.33,-11.83,-1.0194,-0.181,-199.85,-2.85,867e24131a9b
rsi_21_30_70_LOW,EURGBP,5524,0.311,-10402.14,0.627,10.17,-7.32,-1.0373,0.085,-402.14,-1.88,867e24131a9b
rsi_21_30_70_HIGH,EURGBP,8064,0.323,-11057.37,0.616,6.82,-5.27,-1.1069,-0.322,-1057.37,-1.37,867e24131a9b
rsi_21_20_80_LOW,EURGBP,753,0.324,-7824.41,0.676,66.8,-47.4,-0.8051,-2.756,2175.59,-10.39,867e24131a9b
rsi_21_20_80_HIGH,EURGBP,1402,0.325,-9469.33,0.644,37.67,-28.1,-0.9595,-2.888,530.67,-6.75,867e24131a9b
atr_breakout_10_0.5_LOW,EURGBP,0,0.0,0.0,0.0,0.0,0.0,0.0,0.0,10000.0,0.0,867e24131a9b
atr_breakout_10_0.5_HIGH,EURGBP,0,0.0,0.0,0.0,0.0,0.0,0.0,0.0,10000.0,0.0,867e24131a9b
atr_breakout_20_0.5_LOW,EURGBP,0,0.0,0.0,0.0,0.0,0.0,0.0,0.0,10000.0,0.0,867e24131a9b
atr_breakout_20_0.5_HIGH,EURGBP,0,0.0,0.0,0.0,0.0,0.0,0.0,0.0,10000.0,0.0,867e24131a9b
atr_breakout_20_1.0_LOW,EURGBP,0,0.0,0.0,0.0,0.0,0.0,0.0,0.0,10000.0,0.0,867e24131a9b
atr_breakout_20_1.0_HIGH,EURGBP,0,0.0,0.0,0.0,0.0,0.0,0.0,0.0,10000.0,0.0,867e24131a9b
vwap_0.001_LOW,EURGBP,9073,0.315,-10941.68,0.599,5.72,-4.4,-1.092,0.207,-941.68,-1.21,867e24131a9b
vwap_0.001_HIGH,EURGBP,24323,0.328,-14877.87,0.702,4.4,-3.06,-1.4265,0.102,-4877.87,-0.61,867e24131a9b
vwap_0.002_LOW,EURGBP,2947,0.333,-9957.21,0.616,16.28,-13.17,-0.9971,-2.141,42.79,-3.38,867e24131a9b
vwap_0.002_HIGH,EURGBP,9884,0.343,-11319.97,0.745,9.73,-6.83,-1.1132,-0.015,-1319.97,-1.15,867e24131a9b
vwap_0.003_LOW,EURGBP,977,0.361,-6509.8,0.796,72.06,-51.2,-0.727,-1.431,3490.2,-6.66,867e24131a9b
vwap_0.003_HIGH,EURGBP,4136,0.336,-10228.56,0.752,22.38,-15.02,-1.017,0.291,-228.56,-2.47,867e24131a9b
COMBO_BB20_3_EMAf20_100,EURGBP,1462,0.327,-9392.65,0.755,60.49,-38.93,-0.939,-2.586,607.35,-6.42,867e24131a9b
COMBO_BB20_25_EMAf20_100,EURGBP,3228,0.339,-9952.01,0.798,35.85,-23.04,-0.9952,-2.16,47.99,-3.08,867e24131a9b
COMBO_BB10_2_EMAf20_100,EURGBP,4372,0.35,-10028.55,0.858,39.42,-24.77,-1.0026,-0.028,-28.55,-2.29,867e24131a9b
COMBO_BB20_3_EMAf10_50,EURGBP,2403,0.301,-10004.53,0.691,30.88,-19.27,-1.0007,0.294,-4.53,-4.16,867e24131a9b
COMBO_BB20_3_EMAf5_20,EURGBP,4928,0.293,-10499.42,0.572,9.7,-7.04,-1.0505,-0.038,-499.42,-2.13,867e24131a9b
COMBO_RSI21_2080_EMAf20_100,EURGBP,2025,0.318,-9877.21,0.644,27.71,-20.08,-0.9877,-3.008,122.79,-4.88,867e24131a9b
COMBO_RSI14_2080_EMAf20_100,EURGBP,4211,0.317,-10289.55,0.654,14.57,-10.33,-1.0268,-0.18,-289.55,-2.44,867e24131a9b
COMBO_RSI21_2080_EMAf10_50,EURGBP,2966,0.301,-10135.3,0.613,17.99,-12.64,-1.0132,0.129,-135.3,-3.42,867e24131a9b
COMBO_RSI14_3070_EMAf10_50,EURGBP,14376,0.321,-12541.05,0.686,5.93,-4.09,-1.2189,-0.126,-2541.05,-0.87,867e24131a9b
COMBO_VWAP003_EMAf20_100,EURGBP,4762,0.331,-10380.93,0.754,20.16,-13.25,-1.0279,-0.183,-380.93,-2.18,867e24131a9b
COMBO_VWAP002_EMAf20_100,EURGBP,10510,0.341,-11451.86,0.742,9.19,-6.41,-1.128,-0.035,-1451.86,-1.09,867e24131a9b
COMBO_BB10_LOW_BB20_3_HIGH,EURGBP,7340,0.337,-10478.25,0.817,18.87,-11.75,-1.0466,0.124,-478.25,-1.43,867e24131a9b
COMBO_RSI21_BOTH,EURGBP,2155,0.324,-9904.11,0.633,24.4,-18.52,-0.9921,-2.956,95.89,-4.6,867e24131a9b
COMBO_EMA_flip_LOW_EMA_HIGH,EURGBP,1689,0.298,-9878.33,0.661,38.25,-24.55,-0.9877,-3.676,121.67,-5.85,867e24131a9b
bollinger_10_2.0_LOW,EURCAD,4134,0.331,-10083.01,0.654,13.94,-10.53,-1.0085,-0.356,-83.01,-2.44,867e24131a9b
bollinger_10_2.0_HIGH,EURCAD,3227,0.375,-9247.36,0.84,39.95,-28.58,-0.9334,-1.008,752.64,-2.87,867e24131a9b
bollinger_20_2.0_LOW,EURCAD,6796,0.331,-10331.22,0.676,9.57,-7.01,-1.032,0.007,-331.22,-1.52,867e24131a9b
bollinger_20_2.0_HIGH,EURCAD,6076,0.366,-10020.9,0.746,13.23,-10.22,-1.0032,0.204,-20.9,-1.65,867e24131a9b
bollinger_20_2.5_LOW,EURCAD,2024,0.336,-9724.97,0.761,45.57,-30.35,-0.9743,-2.375,275.03,-4.8,867e24131a9b
bollinger_20_2.5_HIGH,EURCAD,2134,0.387,-6234.64,0.9,67.65,-47.49,-0.7392,-0.528,3765.36,-2.92,867e24131a9b
bollinger_20_3.0_LOW,EURCAD,389,0.337,-4757.17,0.734,100.31,-69.37,-0.5025,-2.208,5242.83,-12.23,867e24131a9b
bollinger_20_3.0_HIGH,EURCAD,643,0.417,1398.55,1.039,138.87,-95.52,-0.239,0.365,11398.55,2.18,867e24131a9b
bollinger_50_2.0_LOW,EURCAD,6484,0.314,-10547.85,0.625,8.61,-6.32,-1.0527,0.035,-547.85,-1.63,867e24131a9b
bollinger_50_2.0_HIGH,EURCAD,10847,0.359,-11095.04,0.704,6.76,-5.38,-1.0914,-0.066,-1095.04,-1.02,867e24131a9b
bollinger_50_2.5_LOW,EURCAD,2544,0.314,-9966.12,0.683,26.89,-18.02,-0.997,-2.815,33.88,-3.92,867e24131a9b
bollinger_50_2.5_HIGH,EURCAD,5282,0.366,-10019.13,0.725,13.65,-10.87,-1.0024,-0.218,-19.13,-1.9,867e24131a9b
ema_flipped_5_20_LOW,EURCAD,4663,0.307,-10314.79,0.663,14.18,-9.46,-1.0317,0.231,-314.79,-2.21,867e24131a9b
ema_flipped_5_20_HIGH,EURCAD,3079,0.356,-9849.64,0.748,26.7,-19.73,-0.9849,-1.817,150.36,-3.2,867e24131a9b
ema_flipped_10_50_LOW,EURCAD,1813,0.317,-9798.04,0.738,47.89,-30.16,-0.9805,-2.925,201.96,-5.4,867e24131a9b
ema_flipped_10_50_HIGH,EURCAD,1525,0.364,-8075.47,0.81,62.1,-43.86,-0.8131,-1.411,1924.53,-5.3,867e24131a9b
ema_flipped_10_200_LOW,EURCAD,774,0.34,-7276.05,0.703,65.43,-47.91,-0.7401,-2.246,2723.95,-9.4,867e24131a9b
ema_flipped_10_200_HIGH,EURCAD,843,0.359,-6673.29,0.779,77.68,-55.95,-0.684,-1.728,3326.71,-7.92,867e24131a9b
ema_flipped_20_100_LOW,EURCAD,745,0.337,-7404.1,0.708,71.39,-51.26,-0.7682,-2.418,2595.9,-9.94,867e24131a9b
ema_flipped_20_100_HIGH,EURCAD,870,0.351,-7183.95,0.744,68.4,-49.64,-0.7406,-1.942,2816.05,-8.26,867e24131a9b
ema_5_20_LOW,EURCAD,4663,0.261,-10622.27,0.606,13.46,-7.83,-1.0627,0.22,-622.27,-2.28,867e24131a9b
ema_5_20_HIGH,EURCAD,3079,0.327,-10074.71,0.725,26.43,-17.71,-1.0078,0.348,-74.71,-3.27,867e24131a9b
ema_10_50_LOW,EURCAD,1813,0.265,-10027.68,0.504,21.18,-15.17,-1.0028,-0.771,-27.68,-5.53,867e24131a9b
ema_10_50_HIGH,EURCAD,1525,0.322,-9547.76,0.748,57.69,-36.63,-0.9557,-2.806,452.24,-6.26,867e24131a9b
ema_20_100_LOW,EURCAD,745,0.271,-9212.36,0.526,50.65,-35.81,-0.9237,-4.971,787.64,-12.37,867e24131a9b
ema_20_100_HIGH,EURCAD,870,0.309,-8806.87,0.683,70.61,-46.26,-0.8886,-3.453,1193.13,-10.12,867e24131a9b
rsi_7_25_75_LOW,EURCAD,17749,0.307,-12265.69,0.661,4.39,-2.94,-1.2019,-0.092,-2265.69,-0.69,867e24131a9b
rsi_7_25_75_HIGH,EURCAD,14625,0.359,-11435.17,0.772,7.38,-5.35,-1.1207,0.126,-1435.17,-0.78,867e24131a9b
rsi_14_30_70_LOW,EURCAD,12539,0.312,-11306.22,0.664,5.7,-3.9,-1.1164,0.165,-1306.22,-0.9,867e24131a9b
rsi_14_30_70_HIGH,EURCAD,12209,0.359,-11164.95,0.728,6.8,-5.24,-1.1075,-0.045,-1164.95,-0.91,867e24131a9b
rsi_14_20_80_LOW,EURCAD,3175,0.307,-10101.67,0.691,23.19,-14.89,-1.0104,-0.346,-101.67,-3.18,867e24131a9b
rsi_14_20_80_HIGH,EURCAD,3447,0.363,-9887.43,0.784,28.75,-20.86,-0.992,-1.709,112.57,-2.87,867e24131a9b
rsi_21_30_70_LOW,EURCAD,6785,0.318,-10515.86,0.685,10.61,-7.23,-1.0464,0.25,-515.86,-1.55,867e24131a9b
rsi_21_30_70_HIGH,EURCAD,7816,0.362,-10425.42,0.821,16.93,-11.68,-1.0406,-0.2,-425.42,-1.33,867e24131a9b
rsi_21_20_80_LOW,EURCAD,924,0.339,-7824.95,0.726,66.24,-46.74,-0.8515,-2.217,2175.05,-8.47,867e24131a9b
rsi_21_20_80_HIGH,EURCAD,1288,0.357,-8344.62,0.808,76.11,-52.36,-0.8517,-1.873,1655.38,-6.48,867e24131a9b
atr_breakout_10_0.5_LOW,EURCAD,0,0.0,0.0,0.0,0.0,0.0,0.0,0.0,10000.0,0.0,867e24131a9b
atr_breakout_10_0.5_HIGH,EURCAD,0,0.0,0.0,0.0,0.0,0.0,0.0,0.0,10000.0,0.0,867e24131a9b
atr_breakout_20_0.5_LOW,EURCAD,0,0.0,0.0,0.0,0.0,0.0,0.0,0.0,10000.0,0.0,867e24131a9b
atr_breakout_20_0.5_HIGH,EURCAD,0,0.0,0.0,0.0,0.0,0.0,0.0,0.0,10000.0,0.0,867e24131a9b
atr_breakout_20_1.0_LOW,EURCAD,0,0.0,0.0,0.0,0.0,0.0,0.0,0.0,10000.0,0.0,867e24131a9b
atr_breakout_20_1.0_HIGH,EURCAD,0,0.0,0.0,0.0,0.0,0.0,0.0,0.0,10000.0,0.0,867e24131a9b
vwap_0.001_LOW,EURCAD,12692,0.334,-11226.43,0.709,6.46,-4.56,-1.1084,-0.146,-1226.43,-0.88,867e24131a9b
vwap_0.001_HIGH,EURCAD,26448,0.354,-14375.86,0.662,3.02,-2.49,-1.4437,-0.02,-4375.86,-0.54,867e24131a9b
vwap_0.002_LOW,EURCAD,3660,0.375,-9686.25,0.797,27.76,-20.86,-0.9834,-1.231,313.75,-2.65,867e24131a9b
vwap_0.002_HIGH,EURCAD,13262,0.369,-11390.17,0.655,4.42,-3.94,-1.1415,-0.179,-1390.17,-0.86,867e24131a9b
vwap_0.003_LOW,EURCAD,1206,0.376,-6462.22,0.848,79.22,-56.42,-0.7752,-1.105,3537.78,-5.36,867e24131a9b
vwap_0.003_HIGH,EURCAD,6463,0.376,-10125.01,0.881,30.99,-21.18,-1.0133,0.137,-125.01,-1.57,867e24131a9b
COMBO_BB20_3_EMAf20_100,EURCAD,1388,0.374,-7053.69,0.839,71.06,-50.56,-0.7542,-1.1,2946.31,-5.08,867e24131a9b
COMBO_BB20_25_EMAf20_100,EURCAD,2879,0.374,-9049.77,0.83,41.04,-29.55,-0.9222,-1.022,950.23,-3.14,867e24131a9b
COMBO_BB10_2_EMAf20_100,EURCAD,3972,0.368,-9792.36,0.811,28.79,-20.67,-0.9825,-1.242,207.64,-2.47,867e24131a9b
COMBO_BB20_3_EMAf10_50,EURCAD,2456,0.343,-9770.27,0.791,43.89,-29.0,-0.978,-2.022,229.73,-3.98,867e24131a9b
COMBO_BB20_3_EMAf5_20,EURCAD,5306,0.32,-10284.55,0.686,13.21,-9.07,-1.0289,0.065,-284.55,-1.94,867e24131a9b
COMBO_RSI21_2080_EMAf20_100,EURCAD,2032,0.346,-9620.98,0.771,46.02,-31.58,-0.9673,-2.165,379.02,-4.73,867e24131a9b
COMBO_RSI14_2080_EMAf20_100,EURCAD,4192,0.358,-9989.9,0.771,22.36,-16.19,-1.0019,0.135,10.1,-2.38,867e24131a9b
COMBO_RSI21_2080_EMAf10_50,EURCAD,3102,0.335,-10002.08,0.775,33.16,-21.57,-1.0002,-0.004,-2.08,-3.22,867e24131a9b
COMBO_RSI14_3070_EMAf10_50,EURCAD,14022,0.354,-11452.0,0.722,5.99,-4.54,-1.1405,0.155,-1452.0,-0.82,867e24131a9b
COMBO_VWAP003_EMAf20_100,EURCAD,7208,0.372,-10237.13,0.866,24.64,-16.85,-1.0234,-0.245,-237.13,-1.42,867e24131a9b
COMBO_VWAP002_EMAf20_100,EURCAD,14007,0.367,-11482.6,0.662,4.37,-3.83,-1.1412,-0.106,-1482.6,-0.82,867e24131a9b
COMBO_BB10_LOW_BB20_3_HIGH,EURCAD,7361,0.35,-10223.88,0.705,9.5,-7.26,-1.0228,0.059,-223.88,-1.39,867e24131a9b
COMBO_RSI21_BOTH,EURCAD,2212,0.349,-9624.75,0.774,42.58,-29.56,-0.9761,-1.99,375.25,-4.35,867e24131a9b
COMBO_EMA_flip_LOW_EMA_HIGH,EURCAD,1615,0.322,-9686.47,0.707,45.03,-30.23,-0.9713,-2.952,313.53,-6.0,867e24131a9b
bollinger_10_2.0_LOW,GBPCAD,3949,0.318,-10178.54,0.727,21.59,-13.83,-1.018,0.121,-178.54,-2.58,867e24131a9b
bollinger_10_2.0_HIGH,GBPCAD,3289,0.375,-9570.03,0.834,38.99,-28.0,-0.9586,-1.224,429.97,-2.91,867e24131a9b
bollinger_20_2.0_LOW,GBPCAD,6381,0.312,-10578.08,0.612,8.39,-6.21,-1.0564,0.251,-578.08,-1.66,867e24131a9b
bollinger_20_2.0_HIGH,GBPCAD,6294,0.36,-10260.32,0.836,23.03,-15.5,-1.0265,-0.204,-260.32,-1.63,867e24131a9b
bollinger_20_2.5_LOW,GBPCAD,1929,0.325,-9776.37,0.715,39.09,-26.33,-0.9805,-2.664,223.63,-5.07,867e24131a9b
bollinger_20_2.5_HIGH,GBPCAD,2222,0.378,-8338.06,0.866,64.17,-44.96,-0.857,-1.007,1661.94,-3.75,867e24131a9b
bollinger_20_3.0_LOW,GBPCAD,387,0.411,382.44,1.017,142.99,-98.04,-0.3199,0.223,10382.44,0.99,867e24131a9b
bollinger_20_3.0_HIGH,GBPCAD,684,0.399,-2223.13,0.939,126.16,-89.21,-0.3915,-0.401,7776.87,-3.25,867e24131a9b
bollinger_50_2.0_LOW,GBPCAD,5857,0.296,-10842.33,0.668,12.63,-7.93,-1.0853,-0.051,-842.33,-1.85,867e24131a9b
bollinger_50_2.0_HIGH,GBPCAD,11660,0.346,-12007.53,0.763,9.56,-6.64,-1.1859,-0.091,-2007.53,-1.03,867e24131a9b
bollinger_50_2.5_LOW,GBPCAD,2354,0.3,-10008.9,0.709,34.47,-20.88,-1.0009,-0.663,-8.9,-4.25,867e24131a9b
bollinger_50_2.5_HIGH,GBPCAD,5863,0.34,-10704.37,0.767,17.65,-11.85,-1.064,0.176,-704.37,-1.83,867e24131a9b
ema_flipped_5_20_LOW,GBPCAD,4539,0.281,-10541.75,0.6,12.39,-8.07,-1.052,-0.262,-541.75,-2.32,867e24131a9b
ema_flipped_5_20_HIGH,GBPCAD,3299,0.361,-9805.82,0.774,28.2,-20.61,-0.9819,-1.582,194.18,-2.97,867e24131a9b
ema_flipped_10_50_LOW,GBPCAD,1722,0.286,-9933.73,0.618,32.66,-21.19,-0.9934,-4.079,66.27,-5.77,867e24131a9b
ema_flipped_10_50_HIGH,GBPCAD,1612,0.366,-8623.3,0.811,62.6,-44.58,-0.8706,-1.634,1376.7,-5.35,867e24131a9b
ema_flipped_10_200_LOW,GBPCAD,628,0.282,-8353.72,0.589,67.71,-45.1,-0.837,-4.115,1646.28,-13.3,867e24131a9b
ema_flipped_10_200_HIGH,GBPCAD,942,0.373,-6505.05,0.828,89.31,-64.05,-0.664,-1.475,3494.95,-6.91,867e24131a9b
ema_flipped_20_100_LOW,GBPCAD,718,0.299,-8407.5,0.595,57.37,-41.24,-0.8501,-3.592,1592.5,-11.71,867e24131a9b
ema_flipped_20_100_HIGH,GBPCAD,865,0.377,-5791.15,0.843,95.55,-68.54,-0.5867,-1.3,4208.85,-6.69,867e24131a9b
ema_5_20_LOW,GBPCAD,4539,0.239,-10916.62,0.542,11.9,-6.91,-1.0901,-0.232,-916.62,-2.41,867e24131a9b
ema_5_20_HIGH,GBPCAD,3299,0.303,-10473.26,0.666,20.92,-13.64,-1.0464,0.229,-473.26,-3.17,867e24131a9b
ema_10_50_LOW,GBPCAD,1722,0.247,-10080.57,0.561,30.2,-17.7,-1.008,-0.479,-80.57,-5.85,867e24131a9b
ema_10_50_HIGH,GBPCAD,1612,0.303,-9838.61,0.594,29.5,-21.56,-0.9842,-3.608,161.39,-6.1,867e24131a9b
ema_20_100_LOW,GBPCAD,718,0.256,-9345.2,0.514,53.67,-35.99,-0.9359,-5.704,654.8,-13.02,867e24131a9b
ema_20_100_HIGH,GBPCAD,865,0.336,-8178.98,0.694,63.64,-46.51,-0.8285,-2.706,1821.02,-9.46,867e24131a9b
rsi_7_25_75_LOW,GBPCAD,16913,0.284,-13183.79,0.565,3.57,-2.5,-1.3219,0.126,-3183.79,-0.78,867e24131a9b
rsi_7_25_75_HIGH,GBPCAD,15014,0.347,-12873.94,0.685,5.38,-4.17,-1.2721,0.151,-2873.94,-0.86,867e24131a9b
rsi_14_30_70_LOW,GBPCAD,11896,0.286,-12050.08,0.637,6.21,-3.9,-1.2071,0.138,-2050.08,-1.01,867e24131a9b
rsi_14_30_70_HIGH,GBPCAD,12477,0.347,-12286.35,0.677,5.95,-4.67,-1.223,-0.19,-2286.35,-0.98,867e24131a9b
rsi_14_20_80_LOW,GBPCAD,2856,0.284,-10199.32,0.643,22.73,-13.98,-1.0206,-0.347,-199.32,-3.57,867e24131a9b
rsi_14_20_80_HIGH,GBPCAD,3732,0.341,-10055.5,0.608,12.25,-10.43,-1.0058,-0.26,-55.5,-2.69,867e24131a9b
rsi_21_30_70_LOW,GBPCAD,6622,0.3,-10809.27,0.707,13.13,-7.96,-1.0822,0.046,-809.27,-1.63,867e24131a9b
rsi_21_30_70_HIGH,GBPCAD,8148,0.34,-11408.21,0.622,6.78,-5.61,-1.1435,0.288,-1408.21,-1.4,867e24131a9b
rsi_21_20_80_LOW,GBPCAD,864,0.309,-8859.51,0.665,65.91,-44.32,-0.8932,-3.568,1140.49,-10.25,867e24131a9b
rsi_21_20_80_HIGH,GBPCAD,1471,0.352,-8517.51,0.752,49.88,-36.05,-0.8695,-1.708,1482.49,-5.79,867e24131a9b
atr_breakout_10_0.5_LOW,GBPCAD,0,0.0,0.0,0.0,0.0,0.0,0.0,0.0,10000.0,0.0,867e24131a9b
atr_breakout_10_0.5_HIGH,GBPCAD,0,0.0,0.0,0.0,0.0,0.0,0.0,0.0,10000.0,0.0,867e24131a9b
atr_breakout_20_0.5_LOW,GBPCAD,0,0.0,0.0,0.0,0.0,0.0,0.0,0.0,10000.0,0.0,867e24131a9b
atr_breakout_20_0.5_HIGH,GBPCAD,0,0.0,0.0,0.0,0.0,0.0,0.0,0.0,10000.0,0.0,867e24131a9b
atr_breakout_20_1.0_LOW,GBPCAD,0,0.0,0.0,0.0,0.0,0.0,0.0,0.0,10000.0,0.0,867e24131a9b
atr_breakout_20_1.0_HIGH,GBPCAD,0,0.0,0.0,0.0,0.0,0.0,0.0,0.0,10000.0,0.0,867e24131a9b
vwap_0.001_LOW,GBPCAD,12993,0.307,-12668.98,0.661,6.19,-4.15,-1.264,0.011,-2668.98,-0.98,867e24131a9b
vwap_0.001_HIGH,GBPCAD,27553,0.345,-16353.45,0.693,3.89,-2.95,-1.6267,-0.135,-6353.45,-0.59,867e24131a9b
vwap_0.002_LOW,GBPCAD,4416,0.316,-10444.75,0.77,25.02,-15.04,-1.0297,-0.092,-444.75,-2.37,867e24131a9b
vwap_0.002_HIGH,GBPCAD,13970,0.344,-13181.74,0.716,6.92,-5.07,-1.3169,0.291,-3181.74,-0.94,867e24131a9b
vwap_0.003_LOW,GBPCAD,1704,0.344,-9306.65,0.855,93.92,-57.55,-0.9675,-2.155,693.35,-5.46,867e24131a9b
vwap_0.003_HIGH,GBPCAD,6667,0.349,-10970.43,0.749,14.09,-10.09,-1.0851,-0.214,-970.43,-1.65,867e24131a9b
COMBO_BB20_3_EMAf20_100,GBPCAD,1402,0.348,-8767.84,0.747,53.1,-37.94,-0.8913,-1.977,1232.16,-6.25,867e24131a9b
COMBO_BB20_25_EMAf20_100,GBPCAD,2940,0.359,-9734.65,0.773,31.54,-22.79,-0.978,-1.603,265.35,-3.31,867e24131a9b
COMBO_BB10_2_EMAf20_100,GBPCAD,4007,0.361,-9925.77,0.768,22.72,-16.72,-0.993,-1.508,74.23,-2.48,867e24131a9b
COMBO_BB20_3_EMAf10_50,GBPCAD,2406,0.318,-9957.24,0.696,29.83,-20.0,-0.9962,-2.739,42.76,-4.14,867e24131a9b
COMBO_BB20_3_EMAf5_20,GBPCAD,5223,0.296,-10545.07,0.63,11.62,-7.76,-1.0529,-0.162,-545.07,-2.02,867e24131a9b
COMBO_RSI21_2080_EMAf20_100,GBPCAD,2189,0.336,-9729.03,0.672,27.05,-20.4,-0.9748,-2.218,270.97,-4.44,867e24131a9b
COMBO_RSI14_2080_EMAf20_100,GBPCAD,4450,0.334,-10257.36,0.59,9.9,-8.44,-1.0258,-0.26,-257.36,-2.31,867e24131a9b
COMBO_RSI21_2080_EMAf10_50,GBPCAD,3184,0.318,-10110.18,0.66,19.44,-13.7,-1.011,-0.13,-110.18,-3.18,867e24131a9b
COMBO_RSI14_3070_EMAf10_50,GBPCAD,14199,0.34,-12740.08,0.666,5.28,-4.07,-1.274,0.092,-2740.08,-0.9,867e24131a9b
COMBO_VWAP003_EMAf20_100,GBPCAD,7385,0.344,-11158.8,0.72,11.29,-8.23,-1.1159,0.177,-1158.8,-1.51,867e24131a9b
COMBO_VWAP002_EMAf20_100,GBPCAD,14688,0.342,-13336.82,0.7,6.19,-4.6,-1.3328,0.129,-3336.82,-0.91,867e24131a9b
COMBO_BB10_LOW_BB20_3_HIGH,GBPCAD,7238,0.344,-10413.51,0.756,12.94,-8.97,-1.0397,-0.091,-413.51,-1.44,867e24131a9b
COMBO_RSI21_BOTH,GBPCAD,2335,0.336,-9836.63,0.722,32.6,-22.86,-0.9842,-2.379,163.37,-4.21,867e24131a9b
COMBO_EMA_flip_LOW_EMA_HIGH,GBPCAD,1583,0.32,-9712.55,0.634,33.31,-24.67,-0.9715,-3.111,287.45,-6.14,867e24131a9b
bollinger_10_2.0_LOW,AUDUSD,4904,0.349,-10047.7,0.801,23.7,-15.85,-1.0048,-0.342,-47.7,-2.05,867e24131a9b
bollinger_10_2.0_HIGH,AUDUSD,2595,0.363,-9418.93,0.808,42.16,-29.77,-0.946,-1.419,581.07,-3.63,867e24131a9b
bollinger_20_2.0_LOW,AUDUSD,8609,0.345,-10459.88,0.766,11.51,-7.93,-1.0485,0.175,-459.88,-1.21,867e24131a9b
bollinger_20_2.0_HIGH,AUDUSD,4679,0.363,-9967.65,0.797,23.06,-16.49,-0.9993,-0.738,32.35,-2.13,867e24131a9b
bollinger_20_2.5_LOW,AUDUSD,2483,0.362,-9303.44,0.862,64.44,-42.51,-0.9447,-1.372,696.56,-3.75,867e24131a9b
bollinger_20_2.5_HIGH,AUDUSD,1767,0.356,-8793.85,0.788,52.02,-36.48,-0.9032,-1.551,1206.15,-4.98,867e24131a9b
bollinger_20_3.0_LOW,AUDUSD,465,0.346,-4761.8,0.76,93.72,-65.3,-0.5231,-1.824,5238.2,-10.24,867e24131a9b
bollinger_20_3.0_HIGH,AUDUSD,594,0.367,-4288.83,0.839,102.24,-70.68,-0.5075,-1.179,5711.17,-7.22,867e24131a9b
bollinger_50_2.0_LOW,AUDUSD,9341,0.336,-10780.69,0.663,6.76,-5.16,-1.0747,0.22,-780.69,-1.15,867e24131a9b
bollinger_50_2.0_HIGH,AUDUSD,6775,0.367,-10188.25,0.871,27.61,-18.41,-1.0275,0.183,-188.25,-1.5,867e24131a9b
bollinger_50_2.5_LOW,AUDUSD,3182,0.336,-9966.79,0.653,17.55,-13.58,-0.9981,-1.839,33.21,-3.13,867e24131a9b
bollinger_50_2.5_HIGH,AUDUSD,3106,0.356,-9829.57,0.815,39.2,-26.56,-0.9901,-1.682,170.43,-3.16,867e24131a9b
ema_flipped_5_20_LOW,AUDUSD,5072,0.335,-10205.98,0.755,18.52,-12.33,-1.0207,-0.305,-205.98,-2.01,867e24131a9b
ema_flipped_5_20_HIGH,AUDUSD,2229,0.355,-9465.06,0.755,36.91,-26.89,-0.9463,-1.752,534.94,-4.25,867e24131a9b
ema_flipped_10_50_LOW,AUDUSD,2103,0.334,-9781.16,0.721,35.98,-25.06,-0.9779,-2.45,218.84,-4.65,867e24131a9b
ema_flipped_10_50_HIGH,AUDUSD,1090,0.365,-6771.52,0.799,67.72,-48.73,-0.7328,-1.361,3228.48,-6.21,867e24131a9b
ema_flipped_10_200_LOW,AUDUSD,915,0.343,-7667.87,0.729,65.65,-47.06,-0.7807,-2.128,2332.13,-8.38,867e24131a9b
ema_flipped_10_200_HIGH,AUDUSD,566,0.352,-5463.55,0.759,86.55,-61.82,-0.5678,-1.863,4536.45,-9.65,867e24131a9b
ema_flipped_20_100_LOW,AUDUSD,1011,0.338,-8143.02,0.717,60.39,-43.04,-0.8274,-2.233,1856.98,-8.05,867e24131a9b
ema_flipped_20_100_HIGH,AUDUSD,595,0.343,-6299.8,0.737,86.41,-61.19,-0.6318,-2.267,3700.2,-10.59,867e24131a9b
ema_5_20_LOW,AUDUSD,5072,0.313,-10338.01,0.676,13.59,-9.16,-1.0317,-0.279,-338.01,-2.04,867e24131a9b
ema_5_20_HIGH,AUDUSD,2229,0.347,-9707.52,0.746,36.82,-26.22,-0.9743,-2.147,292.48,-4.36,867e24131a9b
ema_10_50_LOW,AUDUSD,2103,0.321,-9874.61,0.795,56.58,-33.72,-0.9892,-2.831,125.39,-4.7,867e24131a9b
ema_10_50_HIGH,AUDUSD,1090,0.34,-8623.26,0.707,56.11,-40.95,-0.8702,-2.519,1376.74,-7.91,867e24131a9b
ema_20_100_LOW,AUDUSD,1011,0.329,-8556.15,0.718,65.41,-44.75,-0.8597,-2.593,1443.85,-8.46,867e24131a9b
ema_20_100_HIGH,AUDUSD,595,0.375,-3761.99,0.858,101.86,-71.17,-0.4402,-1.0,6238.01,-6.32,867e24131a9b
rsi_7_25_75_LOW,AUDUSD,23473,0.347,-12065.63,0.762,4.74,-3.3,-1.199,0.058,-2065.63,-0.51,867e24131a9b
rsi_7_25_75_HIGH,AUDUSD,11049,0.359,-10991.52,0.742,7.96,-6.0,-1.1013,0.04,-991.52,-0.99,867e24131a9b
rsi_14_30_70_LOW,AUDUSD,17952,0.341,-11728.72,0.8,7.65,-4.94,-1.1345,0.176,-1728.72,-0.65,867e24131a9b
rsi_14_30_70_HIGH,AUDUSD,9432,0.351,-11019.22,0.708,8.08,-6.17,-1.0973,-0.158,-1019.22,-1.17,867e24131a9b
rsi_14_20_80_LOW,AUDUSD,4679,0.328,-10228.71,0.743,19.3,-12.67,-1.0191,-0.232,-228.71,-2.19,867e24131a9b
rsi_14_20_80_HIGH,AUDUSD,2956,0.344,-9970.19,0.688,21.65,-16.5,-1.0056,-0.208,29.81,-3.37,867e24131a9b
rsi_21_30_70_LOW,AUDUSD,11113,0.35,-10623.17,0.8,10.91,-7.35,-1.0531,0.079,-623.17,-0.96,867e24131a9b
rsi_21_30_70_HIGH,AUDUSD,6117,0.351,-10473.96,0.75,14.66,-10.57,-1.0566,0.192,-473.96,-1.71,867e24131a9b
rsi_21_20_80_LOW,AUDUSD,1689,0.349,-9135.27,0.752,46.96,-33.52,-0.9447,-1.918,864.73,-5.41,867e24131a9b
rsi_21_20_80_HIGH,AUDUSD,1230,0.341,-8957.1,0.683,46.11,-34.87,-0.9171,-2.55,1042.9,-7.28,867e24131a9b
atr_breakout_10_0.5_LOW,AUDUSD,0,0.0,0.0,0.0,0.0,0.0,0.0,0.0,10000.0,0.0,867e24131a9b
atr_breakout_10_0.5_HIGH,AUDUSD,0,0.0,0.0,0.0,0.0,0.0,0.0,0.0,10000.0,0.0,867e24131a9b
atr_breakout_20_0.5_LOW,AUDUSD,0,0.0,0.0,0.0,0.0,0.0,0.0,0.0,10000.0,0.0,867e24131a9b
atr_breakout_20_0.5_HIGH,AUDUSD,0,0.0,0.0,0.0,0.0,0.0,0.0,0.0,10000.0,0.0,867e24131a9b
atr_breakout_20_1.0_LOW,AUDUSD,0,0.0,0.0,0.0,0.0,0.0,0.0,0.0,10000.0,0.0,867e24131a9b
atr_breakout_20_1.0_HIGH,AUDUSD,0,0.0,0.0,0.0,0.0,0.0,0.0,0.0,10000.0,0.0,867e24131a9b
vwap_0.001_LOW,AUDUSD,39506,0.342,-14496.95,0.736,2.99,-2.11,-1.3349,0.054,-4496.95,-0.37,867e24131a9b
vwap_0.001_HIGH,AUDUSD,23179,0.36,-12759.16,0.748,4.54,-3.41,-1.2312,-0.104,-2759.16,-0.55,867e24131a9b
vwap_0.002_LOW,AUDUSD,19943,0.355,-11639.46,0.79,6.19,-4.31,-1.1332,0.152,-1639.46,-0.58,867e24131a9b
vwap_0.002_HIGH,AUDUSD,15200,0.372,-11300.62,0.827,9.51,-6.83,-1.1243,-0.039,-1300.62,-0.74,867e24131a9b
vwap_0.003_LOW,AUDUSD,9557,0.376,-10130.5,0.899,25.2,-16.86,-1.0118,-0.085,-130.5,-1.06,867e24131a9b
vwap_0.003_HIGH,AUDUSD,9719,0.371,-10738.53,0.848,16.65,-11.59,-1.0698,0.066,-738.53,-1.1,867e24131a9b
COMBO_BB20_3_EMAf20_100,AUDUSD,1605,0.349,-8936.79,0.746,46.91,-33.69,-0.9062,-1.832,1063.21,-5.57,867e24131a9b
COMBO_BB20_25_EMAf20_100,AUDUSD,2778,0.35,-9776.59,0.741,28.79,-20.88,-0.9818,-1.798,223.41,-3.52,867e24131a9b
COMBO_BB10_2_EMAf20_100,AUDUSD,3606,0.356,-9874.95,0.772,26.05,-18.68,-0.9889,-1.559,125.05,-2.74,867e24131a9b
COMBO_BB20_3_EMAf10_50,AUDUSD,2697,0.341,-9878.4,0.735,29.73,-20.98,-0.9879,-2.16,121.6,-3.66,867e24131a9b
COMBO_BB20_3_EMAf5_20,AUDUSD,5666,0.338,-10242.58,0.752,16.22,-11.01,-1.0245,-0.098,-242.58,-1.81,867e24131a9b
COMBO_RSI21_2080_EMAf20_100,AUDUSD,2261,0.339,-9807.08,0.687,28.12,-21.0,-0.9845,-2.377,192.92,-4.34,867e24131a9b
COMBO_RSI14_2080_EMAf20_100,AUDUSD,3967,0.343,-10139.72,0.678,15.68,-12.06,-1.0222,0.13,-139.72,-2.56,867e24131a9b
COMBO_RSI21_2080_EMAf10_50,AUDUSD,3348,0.335,-10032.86,0.698,20.69,-14.95,-1.0053,0.194,-32.86,-3.0,867e24131a9b
COMBO_RSI14_3070_EMAf10_50,AUDUSD,11535,0.348,-11366.69,0.7,6.61,-5.04,-1.1441,-0.124,-1366.69,-0.99,867e24131a9b
COMBO_VWAP003_EMAf20_100,AUDUSD,10730,0.368,-10903.33,0.82,12.62,-8.96,-1.0866,-0.088,-903.33,-1.02,867e24131a9b
COMBO_VWAP002_EMAf20_100,AUDUSD,16211,0.37,-11371.18,0.813,8.25,-5.97,-1.1349,-0.194,-1371.18,-0.7,867e24131a9b
COMBO_BB10_LOW_BB20_3_HIGH,AUDUSD,7499,0.354,-10268.23,0.809,16.37,-11.09,-1.0266,0.003,-268.23,-1.37,867e24131a9b
COMBO_RSI21_BOTH,AUDUSD,2919,0.346,-9877.83,0.725,25.84,-18.82,-0.9952,-1.925,122.17,-3.38,867e24131a9b
COMBO_EMA_flip_LOW_EMA_HIGH,AUDUSD,1606,0.352,-8847.11,0.751,47.31,-34.17,-0.896,-1.776,1152.89,-5.51,867e24131a9b
bollinger_10_2.0_LOW,USDCAD,4881,0.329,-10130.03,0.76,20.0,-12.9,-1.0132,0.111,-130.03,-2.08,867e24131a9b
bollinger_10_2.0_HIGH,USDCAD,2534,0.373,-8916.97,0.812,40.63,-29.78,-0.8977,-1.117,1083.03,-3.52,867e24131a9b
bollinger_20_2.0_LOW,USDCAD,8273,0.331,-10411.78,0.756,11.79,-7.73,-1.0401,0.099,-411.78,-1.26,867e24131a9b
bollinger_20_2.0_HIGH,USDCAD,4886,0.351,-10074.55,0.631,10.08,-8.62,-1.0079,0.312,-74.55,-2.06,867e24131a9b
bollinger_20_2.5_LOW,USDCAD,2399,0.334,-9811.33,0.782,43.79,-28.13,-0.9827,-2.187,188.67,-4.09,867e24131a9b
bollinger_20_2.5_HIGH,USDCAD,1718,0.357,-8897.59,0.729,39.09,-29.74,-0.9062,-1.684,1102.41,-5.18,867e24131a9b
bollinger_20_3.0_LOW,USDCAD,437,0.343,-4505.32,0.788,111.9,-74.18,-0.4758,-1.795,5494.68,-10.31,867e24131a9b
bollinger_20_3.0_HIGH,USDCAD,485,0.367,-3526.67,0.837,101.44,-70.3,-0.4077,-1.125,6473.33,-7.27,867e24131a9b
bollinger_50_2.0_LOW,USDCAD,8205,0.343,-10318.9,0.875,25.63,-15.31,-1.0232,0.196,-318.9,-1.26,867e24131a9b
bollinger_50_2.0_HIGH,USDCAD,8662,0.363,-10534.6,0.694,7.61,-6.25,-1.053,-0.122,-534.6,-1.22,867e24131a9b
bollinger_50_2.5_LOW,USDCAD,2975,0.333,-9953.08,0.778,35.17,-22.55,-0.9959,-2.422,46.92,-3.35,867e24131a9b
bollinger_50_2.5_HIGH,USDCAD,4133,0.367,-9882.3,0.789,24.44,-17.93,-0.9887,-1.396,117.7,-2.39,867e24131a9b
ema_flipped_5_20_LOW,USDCAD,5051,0.318,-10233.91,0.701,14.98,-9.94,-1.023,-0.339,-233.91,-2.03,867e24131a9b
ema_flipped_5_20_HIGH,USDCAD,2419,0.364,-9325.92,0.799,42.14,-30.16,-0.9362,-1.474,674.08,-3.86,867e24131a9b
ema_flipped_10_50_LOW,USDCAD,1988,0.317,-9853.49,0.713,38.78,-25.29,-0.9852,-2.891,146.51,-4.96,867e24131a9b
ema_flipped_10_50_HIGH,USDCAD,1209,0.371,-6664.12,0.827,71.18,-50.82,-0.7176,-1.162,3335.88,-5.51,867e24131a9b
ema_flipped_10_200_LOW,USDCAD,820,0.354,-6408.0,0.801,88.72,-60.64,-0.6522,-1.613,3592.0,-7.81,867e24131a9b
ema_flipped_10_200_HIGH,USDCAD,689,0.35,-6414.85,0.72,68.48,-51.16,-0.663,-1.988,3585.15,-9.31,867e24131a9b
ema_flipped_20_100_LOW,USDCAD,905,0.334,-7908.06,0.718,66.72,-46.53,-0.8148,-2.297,2091.94,-8.74,867e24131a9b
ema_flipped_20_100_HIGH,USDCAD,679,0.362,-5283.71,0.789,80.35,-57.85,-0.5361,-1.451,4716.29,-7.78,867e24131a9b
ema_5_20_LOW,USDCAD,5051,0.28,-10456.4,0.651,13.76,-8.24,-1.0447,0.068,-456.4,-2.07,867e24131a9b
ema_5_20_HIGH,USDCAD,2419,0.343,-9843.27,0.777,41.37,-27.76,-0.9847,-2.351,156.73,-4.07,867e24131a9b
ema_10_50_LOW,USDCAD,1988,0.285,-9981.19,0.631,30.2,-19.04,-0.9982,-4.085,18.81,-5.02,867e24131a9b
ema_10_50_HIGH,USDCAD,1209,0.34,-8827.39,0.757,67.07,-45.61,-0.8929,-2.419,1172.61,-7.3,867e24131a9b
ema_20_100_LOW,USDCAD,905,0.283,-9367.89,0.646,66.75,-40.76,-0.9386,-4.358,632.11,-10.35,867e24131a9b
ema_20_100_HIGH,USDCAD,679,0.352,-6121.9,0.81,109.12,-73.19,-0.6367,-1.855,3878.1,-9.02,867e24131a9b
rsi_7_25_75_LOW,USDCAD,21522,0.325,-11997.62,0.687,3.76,-2.64,-1.1932,0.099,-1997.62,-0.56,867e24131a9b
rsi_7_25_75_HIGH,USDCAD,12449,0.363,-10981.04,0.683,5.25,-4.37,-1.0955,-0.253,-981.04,-0.88,867e24131a9b
rsi_14_30_70_LOW,USDCAD,16239,0.327,-11344.91,0.703,5.06,-3.5,-1.122,-0.161,-1344.91,-0.7,867e24131a9b
rsi_14_30_70_HIGH,USDCAD,10200,0.352,-11039.88,0.603,4.68,-4.21,-1.0968,-0.034,-1039.88,-1.08,867e24131a9b
rsi_14_20_80_LOW,USDCAD,4235,0.318,-10138.98,0.704,17.89,-11.85,-1.0129,-0.236,-138.98,-2.39,867e24131a9b
rsi_14_20_80_HIGH,USDCAD,3227,0.338,-10023.74,0.605,14.07,-11.87,-1.0023,-0.416,-23.74,-3.11,867e24131a9b
rsi_21_30_70_LOW,USDCAD,9390,0.329,-10565.97,0.74,9.76,-6.46,-1.0505,-0.143,-565.97,-1.13,867e24131a9b
rsi_21_30_70_HIGH,USDCAD,6848,0.341,-10832.82,0.555,5.79,-5.39,-1.0822,0.041,-832.82,-1.58,867e24131a9b
rsi_21_20_80_LOW,USDCAD,1379,0.302,-9671.22,0.581,32.25,-23.98,-0.9707,-3.416,328.78,-7.01,867e24131a9b
rsi_21_20_80_HIGH,USDCAD,1339,0.327,-9583.88,0.566,28.48,-24.48,-0.9595,-3.44,416.12,-7.16,867e24131a9b
atr_breakout_10_0.5_LOW,USDCAD,0,0.0,0.0,0.0,0.0,0.0,0.0,0.0,10000.0,0.0,867e24131a9b
atr_breakout_10_0.5_HIGH,USDCAD,0,0.0,0.0,0.0,0.0,0.0,0.0,0.0,10000.0,0.0,867e24131a9b
atr_breakout_20_0.5_LOW,USDCAD,0,0.0,0.0,0.0,0.0,0.0,0.0,0.0,10000.0,0.0,867e24131a9b
atr_breakout_20_0.5_HIGH,USDCAD,0,0.0,0.0,0.0,0.0,0.0,0.0,0.0,10000.0,0.0,867e24131a9b
atr_breakout_20_1.0_LOW,USDCAD,0,0.0,0.0,0.0,0.0,0.0,0.0,0.0,10000.0,0.0,867e24131a9b
atr_breakout_20_1.0_HIGH,USDCAD,0,0.0,0.0,0.0,0.0,0.0,0.0,0.0,10000.0,0.0,867e24131a9b
vwap_0.001_LOW,USDCAD,15684,0.338,-11374.51,0.74,6.09,-4.21,-1.1361,0.127,-1374.51,-0.73,867e24131a9b
vwap_0.001_HIGH,USDCAD,21581,0.365,-11999.46,0.686,3.33,-2.79,-1.1864,-0.108,-1999.46,-0.56,867e24131a9b
vwap_0.002_LOW,USDCAD,4407,0.348,-9999.2,0.802,26.44,-17.61,-1.0016,0.239,0.8,-2.27,867e24131a9b
vwap_0.002_HIGH,USDCAD,10705,0.373,-10572.34,0.662,5.18,-4.66,-1.0606,0.313,-572.34,-0.99,867e24131a9b
vwap_0.003_LOW,USDCAD,1599,0.372,-7675.06,0.833,64.53,-45.89,-0.7789,-1.202,2324.94,-4.8,867e24131a9b
vwap_0.003_HIGH,USDCAD,5308,0.357,-10374.13,0.679,11.55,-9.46,-1.0349,-0.219,-374.13,-1.95,867e24131a9b
COMBO_BB20_3_EMAf20_100,USDCAD,1390,0.345,-8644.27,0.736,50.27,-36.01,-0.8788,-1.883,1355.73,-6.22,867e24131a9b
COMBO_BB20_25_EMAf20_100,USDCAD,2623,0.349,-9770.94,0.696,24.39,-18.79,-0.9818,-1.899,229.06,-3.73,867e24131a9b
COMBO_BB10_2_EMAf20_100,USDCAD,3439,0.363,-9775.82,0.765,25.53,-18.98,-0.9806,-1.429,224.18,-2.84,867e24131a9b
COMBO_BB20_3_EMAf10_50,USDCAD,2473,0.327,-9908.17,0.715,30.74,-20.9,-0.9907,-2.545,91.83,-4.01,867e24131a9b
COMBO_BB20_3_EMAf5_20,USDCAD,5536,0.322,-10249.1,0.697,13.24,-9.02,-1.0245,0.192,-249.1,-1.85,867e24131a9b
COMBO_RSI21_2080_EMAf20_100,USDCAD,2244,0.329,-9911.32,0.583,18.81,-15.8,-0.9911,-2.927,88.68,-4.42,867e24131a9b
COMBO_RSI14_2080_EMAf20_100,USDCAD,4132,0.337,-10176.23,0.61,11.42,-9.51,-1.0177,0.144,-176.23,-2.46,867e24131a9b
COMBO_RSI21_2080_EMAf10_50,USDCAD,3339,0.322,-10113.63,0.622,15.45,-11.81,-1.0115,-0.325,-113.63,-3.03,867e24131a9b
COMBO_RSI14_3070_EMAf10_50,USDCAD,12188,0.347,-11325.62,0.614,4.27,-3.69,-1.1333,0.106,-1325.62,-0.93,867e24131a9b
COMBO_VWAP003_EMAf20_100,USDCAD,6213,0.354,-10473.85,0.674,9.86,-8.01,-1.0457,0.112,-473.85,-1.69,867e24131a9b
COMBO_VWAP002_EMAf20_100,USDCAD,11610,0.37,-10673.22,0.663,4.9,-4.33,-1.0729,-0.097,-673.22,-0.92,867e24131a9b
COMBO_BB10_LOW_BB20_3_HIGH,USDCAD,7415,0.344,-10236.09,0.772,13.6,-9.24,-1.0239,-0.192,-236.09,-1.38,867e24131a9b
COMBO_RSI21_BOTH,USDCAD,2718,0.314,-10054.09,0.512,12.37,-11.06,-1.0054,-0.431,-54.09,-3.7,867e24131a9b
COMBO_EMA_flip_LOW_EMA_HIGH,USDCAD,1584,0.342,-9191.15,0.774,58.02,-38.91,-0.9281,-2.111,808.85,-5.8,867e24131a9b
bollinger_10_2.0_LOW,XAUUSD,4374,0.416,14558.38,1.037,223.14,-153.02,-0.3456,0.367,24558.38,3.33,867e24131a9b
bollinger_10_2.0_HIGH,XAUUSD,3249,0.406,-3011.39,0.982,122.68,-85.29,-0.499,-0.055,6988.61,-0.93,867e24131a9b
bollinger_20_2.0_LOW,XAUUSD,7552,0.41,6185.82,1.007,293.29,-202.72,-0.8177,0.179,16185.82,0.82,867e24131a9b
bollinger_20_2.0_HIGH,XAUUSD,5684,0.399,-8026.37,0.932,48.58,-34.63,-0.8824,-0.243,1973.63,-1.41,867e24131a9b
bollinger_20_2.5_LOW,XAUUSD,2246,0.401,-3175.16,0.976,140.62,-96.38,-0.6595,-0.134,6824.84,-1.41,867e24131a9b
bollinger_20_2.5_HIGH,XAUUSD,2332,0.396,-5608.55,0.936,88.55,-61.99,-0.6451,-0.379,4391.45,-2.41,867e24131a9b
bollinger_20_3.0_LOW,XAUUSD,480,0.427,3101.6,1.09,182.83,-125.01,-0.2623,0.841,13101.6,6.46,867e24131a9b
bollinger_20_3.0_HIGH,XAUUSD,818,0.397,-2247.34,0.943,113.46,-79.35,-0.4158,-0.322,7752.66,-2.75,867e24131a9b
bollinger_50_2.0_LOW,XAUUSD,7192,0.416,36438.67,1.009,1441.63,-1018.32,-0.8269,0.378,46438.67,5.07,867e24131a9b
bollinger_50_2.0_HIGH,XAUUSD,9141,0.403,-8003.24,0.955,46.32,-32.69,-1.0385,-0.27,1996.76,-0.88,867e24131a9b
bollinger_50_2.5_LOW,XAUUSD,2553,0.407,-126.62,1.0,300.32,-206.52,-0.765,0.088,9873.38,-0.05,867e24131a9b
bollinger_50_2.5_HIGH,XAUUSD,4364,0.4,-6598.07,0.95,71.16,-49.89,-0.8017,-0.23,3401.93,-1.51,867e24131a9b
ema_flipped_5_20_LOW,XAUUSD,4498,0.402,-4441.32,0.975,95.8,-66.04,-0.7348,-0.08,5558.68,-0.99,867e24131a9b
ema_flipped_5_20_HIGH,XAUUSD,2523,0.402,-5104.42,0.948,92.29,-65.29,-0.6667,-0.292,4895.58,-2.02,867e24131a9b
ema_flipped_10_50_LOW,XAUUSD,1896,0.408,-838.12,0.992,128.86,-89.64,-0.4031,0.033,9161.88,-0.44,867e24131a9b
ema_flipped_10_50_HIGH,XAUUSD,1224,0.414,-923.59,0.985,120.34,-86.38,-0.3439,-0.016,9076.41,-0.75,867e24131a9b
ema_flipped_10_200_LOW,XAUUSD,760,0.403,-1138.01,0.971,125.87,-87.34,-0.2955,-0.12,8861.99,-1.5,867e24131a9b
ema_flipped_10_200_HIGH,XAUUSD,613,0.429,1014.25,1.031,127.65,-93.02,-0.3561,0.307,11014.25,1.65,867e24131a9b
ema_flipped_20_100_LOW,XAUUSD,852,0.396,-2503.12,0.942,119.67,-83.17,-0.3951,-0.356,7496.88,-2.94,867e24131a9b
ema_flipped_20_100_HIGH,XAUUSD,653,0.427,685.04,1.021,120.35,-87.95,-0.2516,0.231,10685.04,1.05,867e24131a9b
ema_5_20_LOW,XAUUSD,4498,0.398,-6760.17,0.949,70.23,-48.83,-0.694,-0.24,3239.83,-1.5,867e24131a9b
ema_5_20_HIGH,XAUUSD,2523,0.42,7145.01,1.041,171.51,-119.18,-0.2727,0.381,17145.01,2.83,867e24131a9b
ema_10_50_LOW,XAUUSD,1896,0.388,-5510.07,0.931,100.96,-68.81,-0.6061,-0.469,4489.93,-2.91,867e24131a9b
ema_10_50_HIGH,XAUUSD,1224,0.391,-3938.37,0.928,105.93,-73.39,-0.46,-0.466,6061.63,-3.22,867e24131a9b
ema_20_100_LOW,XAUUSD,852,0.388,-3183.67,0.921,112.12,-77.34,-0.4092,-0.506,6816.33,-3.74,867e24131a9b
ema_20_100_HIGH,XAUUSD,653,0.406,-590.32,0.986,157.49,-109.09,-0.3223,-0.035,9409.68,-0.9,867e24131a9b
rsi_7_25_75_LOW,XAUUSD,19990,0.412,87662.19,1.001,7848.92,-5492.26,-0.9756,0.246,97662.19,4.39,867e24131a9b
rsi_7_25_75_HIGH,XAUUSD,13874,0.405,-8920.98,0.965,43.95,-31.02,-0.9898,0.012,1079.02,-0.64,867e24131a9b
rsi_14_30_70_LOW,XAUUSD,15152,0.406,-6062.61,0.999,1011.37,-691.62,-0.9966,0.012,3937.39,-0.4,867e24131a9b
rsi_14_30_70_HIGH,XAUUSD,12165,0.405,-6901.1,0.954,28.9,-20.64,-1.0428,-0.194,3098.9,-0.57,867e24131a9b
rsi_14_20_80_LOW,XAUUSD,4081,0.412,4906.79,1.008,373.28,-259.94,-0.8212,0.225,14906.79,1.2,867e24131a9b
rsi_14_20_80_HIGH,XAUUSD,3759,0.397,-8245.75,0.901,50.29,-36.7,-0.9341,-0.355,1754.25,-2.19,867e24131a9b
rsi_21_30_70_LOW,XAUUSD,9107,0.397,-8628.53,0.987,182.59,-121.87,-0.9981,-0.104,1371.47,-0.95,867e24131a9b
rsi_21_30_70_HIGH,XAUUSD,8435,0.4,-7507.53,0.924,27.21,-19.65,-1.0749,-0.213,2492.47,-0.89,867e24131a9b
rsi_21_20_80_LOW,XAUUSD,1389,0.389,-4405.83,0.914,86.92,-60.48,-0.7221,-0.469,5594.17,-3.17,867e24131a9b
rsi_21_20_80_HIGH,XAUUSD,1671,0.414,-2822.89,0.97,131.99,-95.95,-0.6131,-0.181,7177.11,-1.69,867e24131a9b
atr_breakout_10_0.5_LOW,XAUUSD,0,0.0,0.0,0.0,0.0,0.0,0.0,0.0,10000.0,0.0,867e24131a9b
atr_breakout_10_0.5_HIGH,XAUUSD,0,0.0,0.0,0.0,0.0,0.0,0.0,0.0,10000.0,0.0,867e24131a9b
atr_breakout_20_0.5_LOW,XAUUSD,0,0.0,0.0,0.0,0.0,0.0,0.0,0.0,10000.0,0.0,867e24131a9b
atr_breakout_20_0.5_HIGH,XAUUSD,0,0.0,0.0,0.0,0.0,0.0,0.0,0.0,10000.0,0.0,867e24131a9b
atr_breakout_20_1.0_LOW,XAUUSD,0,0.0,0.0,0.0,0.0,0.0,0.0,0.0,10000.0,0.0,867e24131a9b
atr_breakout_20_1.0_HIGH,XAUUSD,0,0.0,0.0,0.0,0.0,0.0,0.0,0.0,10000.0,0.0,867e24131a9b
vwap_0.001_LOW,XAUUSD,37184,0.406,-6620.91,1.0,2851.57,-1948.77,-1.0002,-0.081,3379.09,-0.18,867e24131a9b
vwap_0.001_HIGH,XAUUSD,34978,0.412,-9633.49,0.999,984.68,-690.26,-1.008,-0.058,366.51,-0.28,867e24131a9b
vwap_0.002_LOW,XAUUSD,21731,0.412,26313.29,1.0,14354.13,-10059.09,-0.9996,0.173,36313.29,1.21,867e24131a9b
vwap_0.002_HIGH,XAUUSD,27455,0.412,-8530.3,1.0,1563.13,-1097.52,-1.006,0.017,1469.7,-0.31,867e24131a9b
vwap_0.003_LOW,XAUUSD,13006,0.42,252119.56,1.007,7091.96,-5112.62,-0.9951,0.432,262119.56,19.38,867e24131a9b
vwap_0.003_HIGH,XAUUSD,21321,0.413,-2130.62,1.0,1386.13,-976.07,-0.9998,0.107,7869.38,-0.1,867e24131a9b
COMBO_BB20_3_EMAf20_100,XAUUSD,1670,0.396,-4136.98,0.94,97.97,-68.44,-0.6097,-0.33,5863.02,-2.48,867e24131a9b
COMBO_BB20_25_EMAf20_100,XAUUSD,3184,0.396,-6548.29,0.937,77.78,-54.34,-0.733,-0.345,3451.71,-2.06,867e24131a9b
COMBO_BB10_2_EMAf20_100,XAUUSD,4101,0.404,-4447.9,0.975,105.53,-73.22,-0.5876,-0.098,5552.1,-1.08,867e24131a9b
COMBO_BB20_3_EMAf10_50,XAUUSD,2714,0.405,-2709.42,0.977,104.85,-73.03,-0.6208,-0.06,7290.58,-1.0,867e24131a9b
COMBO_BB20_3_EMAf5_20,XAUUSD,5316,0.401,-5304.5,0.971,81.98,-56.6,-0.7999,-0.094,4695.5,-1.0,867e24131a9b
COMBO_RSI21_2080_EMAf20_100,XAUUSD,2526,0.407,-4090.36,0.966,112.61,-80.14,-0.7065,-0.19,5909.64,-1.62,867e24131a9b
COMBO_RSI14_2080_EMAf20_100,XAUUSD,4611,0.396,-8330.52,0.911,46.56,-33.58,-0.9494,-0.242,1669.48,-1.81,867e24131a9b
COMBO_RSI21_2080_EMAf10_50,XAUUSD,3562,0.413,-570.96,0.997,144.49,-101.92,-0.5973,0.071,9429.04,-0.16,867e24131a9b
COMBO_RSI14_3070_EMAf10_50,XAUUSD,14061,0.406,-6755.25,0.959,27.44,-19.53,-1.0683,0.025,3244.75,-0.48,867e24131a9b
COMBO_VWAP003_EMAf20_100,XAUUSD,22173,0.412,-5012.67,1.0,1292.36,-907.73,-1.001,-0.103,4987.33,-0.23,867e24131a9b
COMBO_VWAP002_EMAf20_100,XAUUSD,28307,0.412,-8379.52,1.0,1474.93,-1033.43,-1.0067,-0.04,1620.48,-0.3,867e24131a9b
COMBO_BB10_LOW_BB20_3_HIGH,XAUUSD,7623,0.411,7623.7,1.013,188.08,-129.75,-0.586,0.193,17623.7,1.0,867e24131a9b
COMBO_RSI21_BOTH,XAUUSD,3060,0.402,-5234.39,0.954,89.18,-62.88,-0.8355,-0.231,4765.61,-1.71,867e24131a9b
COMBO_EMA_flip_LOW_EMA_HIGH,XAUUSD,1505,0.4,-2782.41,0.968,138.05,-95.11,-0.5074,-0.197,7217.59,-1.85,867e24131a9b
