direction,regime,strategy,confidence,entry_price,sl_pips,tp_pips,spread_pips,lot_size,outcome,pnl_pips,pnl_usd,won,entry_time,signal_time,vol_regime,hmm_direction,balance_before,balance_after
sell,high_vol_bear,ema_flipped,0.9995,1.18049,15.8,23.700000000000003,1.2,0.63,tp,23.7,149.31,True,2021-07-19 17:00:00,2021-07-19 16:45:00,high_vol,bear,10000.0,10149.31
sell,high_vol_bear,ema_flipped,0.9985,1.1838,17.3,25.950000000000003,1.2,0.59,sl,-17.3,-102.07,False,2021-07-28 20:00:00,2021-07-28 19:45:00,high_vol,bear,10149.31,10047.24
buy,high_vol_bull,ema_flipped,0.9998,1.18593,14.2,21.299999999999997,1.2,0.71,timeout,1.8,12.78,True,2021-07-30 16:00:00,2021-07-30 15:45:00,high_vol,bull,10047.24,10060.02
buy,high_vol_bull,ema_flipped,0.9816,1.18594,12.0,18.0,1.2,0.82,timeout,3.4,27.88,True,2021-08-03 16:00:00,2021-08-03 15:45:00,high_vol,bull,10060.02,10087.9
buy,high_vol_bull,ema_flipped,1.0,1.18524,9.9,14.850000000000001,1.2,1.02,tp,14.85,151.47,True,2021-08-04 09:30:00,2021-08-04 09:15:00,high_vol,bull,10087.9,10239.369999999999
buy,high_vol_bull,ema_flipped,0.8115,1.18442,16.5,24.75,1.2,0.45,sl,-16.5,-74.25,False,2021-08-04 15:45:00,2021-08-04 15:30:00,high_vol,bull,10239.369999999999,10165.119999999999
buy,high_vol_bull,ema_flipped,0.7333,1.17262,10.6,15.899999999999999,1.2,0.59,tp,15.9,93.81,True,2021-08-12 14:45:00,2021-08-12 14:30:00,high_vol,bull,10165.119999999999,10258.929999999998
sell,high_vol_bear,ema_flipped,0.882,1.16982,11.8,17.700000000000003,1.2,0.72,sl,-11.8,-84.96,False,2021-08-20 17:30:00,2021-08-20 17:15:00,high_vol,bear,10258.929999999998,10173.97
buy,high_vol_bull,ema_flipped,0.9999,1.18127,16.7,25.049999999999997,1.2,0.61,tp,25.05,152.8,True,2021-09-09 15:30:00,2021-09-09 15:15:00,high_vol,bull,10173.97,10326.769999999999
buy,high_vol_bull,ema_flipped,1.0,1.17561,10.4,15.600000000000001,1.2,0.99,sl,-10.4,-102.96,False,2021-09-17 14:45:00,2021-09-17 14:30:00,high_vol,bull,10326.769999999999,10223.81
buy,high_vol_bull,ema_flipped,1.0,1.15518,8.3,12.450000000000001,1.2,1.23,tp,12.45,153.13,True,2021-10-07 14:15:00,2021-10-07 14:00:00,high_vol,bull,10223.81,10376.939999999999
sell,high_vol_bear,ema_flipped,0.7957,1.1564,11.1,16.65,1.2,0.66,tp,16.65,109.89,True,2021-10-07 16:15:00,2021-10-07 16:00:00,high_vol,bear,10376.939999999999,10486.829999999998
buy,high_vol_bull,ema_flipped,1.0,1.15603,6.0,9.0,1.2,1.75,sl,-6.0,-105.0,False,2021-10-11 18:30:00,2021-10-11 18:15:00,high_vol,bull,10486.829999999998,10381.829999999998
buy,high_vol_bull,ema_flipped,0.9693,1.15956,13.3,19.950000000000003,1.2,0.75,sl,-13.3,-99.75,False,2021-10-15 16:45:00,2021-10-15 16:30:00,high_vol,bull,10381.829999999998,10282.079999999998
sell,high_vol_bear,ema_flipped,1.0,1.16413,6.5,9.75,1.2,1.58,sl,-6.5,-102.7,False,2021-10-22 20:45:00,2021-10-22 20:30:00,high_vol,bear,10282.079999999998,10179.379999999997
sell,high_vol_bear,ema_flipped,0.9803,1.162,9.2,13.799999999999999,1.2,1.08,tp,13.8,149.04,True,2021-10-27 13:30:00,2021-10-27 13:15:00,high_vol,bear,10179.379999999997,10328.419999999998
sell,high_vol_bear,ema_flipped,0.839,1.16052,6.0,9.0,1.2,1.33,tp,9.0,119.7,True,2021-10-28 05:30:00,2021-10-28 05:15:00,high_vol,bear,10328.419999999998,10448.119999999999
sell,high_vol_bear,ema_flipped,1.0,1.16295,17.5,26.25,1.2,0.6,sl,-17.5,-105.0,False,2021-10-28 14:00:00,2021-10-28 13:45:00,high_vol,bear,10448.119999999999,10343.119999999999
sell,high_vol_bear,ema_flipped,0.9984,1.15921,7.0,10.5,1.2,1.47,tp,10.5,154.35,True,2021-11-03 11:00:00,2021-11-03 10:45:00,high_vol,bear,10343.119999999999,10497.47
sell,high_vol_bear,ema_flipped,1.0,1.16094,16.8,25.200000000000003,1.2,0.62,tp,25.2,156.24,True,2021-11-03 20:00:00,2021-11-03 19:45:00,high_vol,bear,10497.47,10653.71
sell,high_vol_bear,ema_flipped,0.999,1.15562,11.0,16.5,1.2,0.97,sl,-11.0,-106.7,False,2021-11-05 19:15:00,2021-11-05 19:00:00,high_vol,bear,10653.71,10547.009999999998
sell,high_vol_bear,ema_flipped,0.9868,1.15956,10.7,16.049999999999997,1.2,0.97,sl,-10.7,-103.79,False,2021-11-09 14:00:00,2021-11-09 13:45:00,high_vol,bear,10547.009999999998,10443.219999999998
sell,high_vol_bear,ema_flipped,1.0,1.15867,16.0,24.0,1.2,0.65,tp,24.0,156.0,True,2021-11-09 17:00:00,2021-11-09 16:45:00,high_vol,bear,10443.219999999998,10599.219999999998
buy,high_vol_bull,ema_flipped,0.9964,1.13201,5.8,8.7,1.2,1.82,tp,8.7,158.34,True,2021-11-18 07:00:00,2021-11-18 06:45:00,high_vol,bull,10599.219999999998,10757.559999999998
sell,high_vol_bear,ema_flipped,1.0,1.12657,16.6,24.900000000000002,1.2,0.65,tp,24.9,161.85,True,2021-11-23 10:15:00,2021-11-23 10:00:00,high_vol,bear,10757.559999999998,10919.409999999998
buy,high_vol_bull,ema_flipped,0.9954,1.12438,13.5,20.25,1.2,0.8,tp,20.25,162.0,True,2021-11-23 12:00:00,2021-11-23 11:45:00,high_vol,bull,10919.409999999998,11081.409999999998
sell,high_vol_bear,ema_flipped,0.9395,1.12665,14.0,21.0,1.2,0.72,tp,21.0,151.2,True,2021-11-23 16:30:00,2021-11-23 16:15:00,high_vol,bear,11081.409999999998,11232.609999999999
buy,high_vol_bull,ema_flipped,1.0,1.12473,7.5,11.25,1.2,1.5,sl,-7.5,-112.5,False,2021-11-23 19:45:00,2021-11-23 19:30:00,high_vol,bull,11232.609999999999,11120.109999999999
sell,high_vol_bear,ema_flipped,1.0,1.1324,16.5,24.75,1.2,0.67,sl,-16.5,-110.55,False,2021-11-30 20:00:00,2021-11-30 19:45:00,high_vol,bear,11120.109999999999,11009.56
buy,high_vol_bull,ema_flipped,0.9988,1.13187,12.5,18.75,1.2,0.88,tp,18.75,165.0,True,2021-12-01 19:15:00,2021-12-01 19:00:00,high_vol,bull,11009.56,11174.56
sell,high_vol_bear,ema_flipped,0.9819,1.13205,22.1,33.150000000000006,1.2,0.49,tp,33.15,162.43,True,2021-12-10 16:45:00,2021-12-10 16:30:00,high_vol,bear,11174.56,11336.99
sell,high_vol_bear,ema_flipped,1.0,1.12927,21.5,32.25,1.2,0.53,sl,-21.5,-113.95,False,2021-12-15 21:15:00,2021-12-15 21:00:00,high_vol,bear,11336.99,11223.039999999999
buy,high_vol_bull,ema_flipped,1.0,1.13084,12.3,18.450000000000003,1.2,0.91,sl,-12.3,-111.93,False,2021-12-17 14:30:00,2021-12-17 14:15:00,high_vol,bull,11223.039999999999,11111.109999999999
buy,high_vol_bull,ema_flipped,1.0,1.13076,10.3,15.450000000000001,1.2,1.08,sl,-10.3,-111.24,False,2021-12-23 13:00:00,2021-12-23 12:45:00,high_vol,bull,11111.109999999999,10999.869999999999
buy,high_vol_bull,ema_flipped,0.9988,1.13157,7.1,10.649999999999999,1.2,1.55,sl,-7.1,-110.05,False,2021-12-27 08:45:00,2021-12-27 08:30:00,high_vol,bull,10999.869999999999,10889.82
sell,high_vol_bear,ema_flipped,1.0,1.13318,12.0,18.0,1.2,0.91,tp,18.0,163.8,True,2021-12-31 10:15:00,2021-12-31 10:00:00,high_vol,bear,10889.82,11053.619999999999
buy,high_vol_bull,ema_flipped,1.0,1.1327,14.2,21.299999999999997,1.2,0.78,sl,-14.2,-110.76,False,2022-01-03 14:30:00,2022-01-03 14:15:00,high_vol,bull,11053.619999999999,10942.859999999999
buy,high_vol_bull,ema_flipped,1.0,1.12996,18.9,28.349999999999998,1.2,0.58,timeout,2.7,15.66,True,2022-01-06 16:15:00,2022-01-06 16:00:00,high_vol,bull,10942.859999999999,10958.519999999999
buy,high_vol_bull,ema_flipped,1.0,1.12993,10.4,15.600000000000001,1.2,1.05,tp,15.6,163.8,True,2022-01-07 13:45:00,2022-01-07 13:30:00,high_vol,bull,10958.519999999999,11122.319999999998
buy,high_vol_bull,ema_flipped,1.0,1.13264,10.5,15.75,1.2,1.06,sl,-10.5,-111.3,False,2022-01-11 14:00:00,2022-01-11 13:45:00,high_vol,bull,11122.319999999998,11011.019999999999
buy,high_vol_bull,ema_flipped,1.0,1.13975,8.5,12.75,1.2,1.3,sl,-8.5,-110.5,False,2022-01-18 03:45:00,2022-01-18 03:30:00,high_vol,bull,11011.019999999999,10900.519999999999
sell,high_vol_bear,ema_flipped,1.0,1.13665,22.2,33.3,1.2,0.49,sl,-22.2,-108.78,False,2022-02-03 14:00:00,2022-02-03 13:45:00,high_vol,bear,10900.519999999999,10791.739999999998
buy,high_vol_bull,ema_flipped,0.9656,1.14315,7.3,10.95,1.2,1.41,sl,-7.3,-102.93,False,2022-02-08 03:15:00,2022-02-08 03:00:00,high_vol,bull,10791.739999999998,10688.809999999998
buy,high_vol_bull,ema_flipped,1.0,1.1385,18.5,27.75,1.2,0.58,tp,27.75,160.95,True,2022-02-10 14:15:00,2022-02-10 14:00:00,high_vol,bull,10688.809999999998,10849.759999999998
buy,high_vol_bull,ema_flipped,0.8113,1.14185,12.2,18.299999999999997,1.2,0.65,sl,-12.2,-79.3,False,2022-02-10 23:15:00,2022-02-10 23:00:00,high_vol,bull,10849.759999999998,10770.46
sell,high_vol_bear,ema_flipped,0.8632,1.13739,13.1,19.65,1.2,0.66,tp,19.65,129.69,True,2022-02-17 12:45:00,2022-02-17 12:30:00,high_vol,bear,10770.46,10900.15
sell,high_vol_bear,ema_flipped,1.0,1.12209,22.2,33.3,1.2,0.49,sl,-22.2,-108.78,False,2022-02-25 14:15:00,2022-02-25 14:00:00,high_vol,bear,10900.15,10791.369999999999
sell,high_vol_bear,ema_flipped,1.0,1.12022,23.8,35.7,1.2,0.45,sl,-23.8,-107.1,False,2022-02-28 12:45:00,2022-02-28 12:30:00,high_vol,bear,10791.369999999999,10684.269999999999
sell,high_vol_bear,ema_flipped,1.0,1.12112,25.1,37.650000000000006,1.2,0.43,sl,-25.1,-107.93,False,2022-02-28 13:45:00,2022-02-28 13:30:00,high_vol,bear,10684.269999999999,10576.339999999998
sell,high_vol_bear,ema_flipped,1.0,1.08959,25.7,38.55,1.2,0.41,sl,-25.7,-105.37,False,2022-03-08 09:00:00,2022-03-08 08:45:00,high_vol,bear,10576.339999999998,10470.969999999998
buy,high_vol_bull,ema_flipped,0.9999,1.10191,42.2,63.300000000000004,1.2,0.25,sl,-42.2,-105.5,False,2022-03-10 16:00:00,2022-03-10 15:45:00,high_vol,bull,10470.969999999998,10365.469999999998
sell,high_vol_bear,ema_flipped,1.0,1.09982,11.1,16.65,1.2,0.93,sl,-11.1,-103.23,False,2022-03-24 19:45:00,2022-03-24 19:30:00,high_vol,bear,10365.469999999998,10262.239999999998
buy,high_vol_bull,ema_flipped,0.8643,1.11177,20.2,30.299999999999997,1.2,0.41,sl,-20.2,-82.82,False,2022-03-31 10:45:00,2022-03-31 10:30:00,high_vol,bull,10262.239999999998,10179.419999999998
buy,high_vol_bull,ema_flipped,0.9993,1.08876,20.4,30.599999999999998,1.2,0.5,sl,-20.4,-102.0,False,2022-04-07 17:15:00,2022-04-07 17:00:00,high_vol,bull,10179.419999999998,10077.419999999998
buy,high_vol_bull,ema_flipped,1.0,1.08249,24.8,37.2,1.2,0.41,sl,-24.8,-101.68,False,2022-04-14 14:30:00,2022-04-14 14:15:00,high_vol,bull,10077.419999999998,9975.739999999998
sell,high_vol_bear,ema_flipped,1.0,1.05547,18.1,27.150000000000002,1.2,0.55,sl,-18.1,-99.55,False,2022-05-03 13:15:00,2022-05-03 13:00:00,high_vol,bear,9975.739999999998,9876.189999999999
sell,high_vol_bear,ema_flipped,0.7394,1.05254,15.1,22.65,1.2,0.41,sl,-15.1,-61.91,False,2022-05-04 10:45:00,2022-05-04 10:30:00,high_vol,bear,9876.189999999999,9814.279999999999
sell,high_vol_bear,ema_flipped,1.0,1.05774,34.5,51.75,1.2,0.28,timeout,7.8,21.84,True,2022-05-06 11:15:00,2022-05-06 11:00:00,high_vol,bear,9814.279999999999,9836.119999999999
sell,high_vol_bear,ema_flipped,1.0,1.05631,19.6,29.400000000000002,1.2,0.5,tp,29.4,147.0,True,2022-05-09 13:30:00,2022-05-09 13:15:00,high_vol,bear,9836.119999999999,9983.119999999999
sell,high_vol_bear,ema_flipped,0.9972,1.05578,16.4,24.599999999999998,1.2,0.61,tp,24.6,150.06,True,2022-05-10 14:30:00,2022-05-10 14:15:00,high_vol,bear,9983.119999999999,10133.179999999998
buy,high_vol_bull,ema_flipped,0.9937,1.05312,23.5,35.25,1.2,0.43,sl,-23.5,-101.05,False,2022-05-11 18:00:00,2022-05-11 17:45:00,high_vol,bull,10133.179999999998,10032.13
sell,high_vol_bear,ema_flipped,0.9312,1.05155,18.1,27.150000000000002,1.2,0.5,sl,-18.1,-90.5,False,2022-05-19 11:45:00,2022-05-19 11:30:00,high_vol,bear,10032.13,9941.63
buy,high_vol_bull,ema_flipped,1.0,1.07118,21.2,31.799999999999997,1.2,0.47,tp,31.8,149.46,True,2022-05-27 16:00:00,2022-05-27 15:45:00,high_vol,bull,9941.63,10091.089999999998
sell,high_vol_bear,ema_flipped,0.9998,1.07439,20.1,30.150000000000002,1.2,0.5,tp,30.15,150.75,True,2022-06-03 15:00:00,2022-06-03 14:45:00,high_vol,bear,10091.089999999998,10241.839999999998
sell,high_vol_bear,ema_flipped,0.9332,1.07263,10.5,15.75,1.2,0.88,sl,-10.5,-92.4,False,2022-06-06 08:45:00,2022-06-06 08:30:00,high_vol,bear,10241.839999999998,10149.439999999999
sell,high_vol_bear,ema_flipped,1.0,1.07189,17.1,25.650000000000002,1.2,0.59,sl,-17.1,-100.89,False,2022-06-08 11:15:00,2022-06-08 11:00:00,high_vol,bear,10149.439999999999,10048.55
buy,high_vol_bull,ema_flipped,1.0,1.06576,42.5,63.75,1.2,0.24,sl,-42.5,-102.0,False,2022-06-09 15:15:00,2022-06-09 15:00:00,high_vol,bull,10048.55,9946.55
sell,high_vol_bear,ema_flipped,1.0,1.04757,18.1,27.150000000000002,1.2,0.55,tp,27.15,149.33,True,2022-06-14 09:45:00,2022-06-14 09:30:00,high_vol,bear,9946.55,10095.88
buy,high_vol_bull,ema_flipped,0.998,1.04282,20.4,30.599999999999998,1.2,0.49,tp,30.6,149.94,True,2022-06-14 11:30:00,2022-06-14 11:15:00,high_vol,bull,10095.88,10245.82
sell,high_vol_bear,ema_flipped,1.0,1.04613,17.1,25.650000000000002,1.2,0.6,tp,25.65,153.9,True,2022-06-14 13:45:00,2022-06-14 13:30:00,high_vol,bear,10245.82,10399.72
buy,high_vol_bull,ema_flipped,0.9997,1.04133,24.9,37.349999999999994,1.2,0.42,sl,-24.9,-104.58,False,2022-06-15 14:45:00,2022-06-15 14:30:00,high_vol,bull,10399.72,10295.14
buy,high_vol_bull,ema_flipped,0.922,1.0428,9.5,14.25,1.2,0.96,sl,-9.5,-91.2,False,2022-06-16 07:15:00,2022-06-16 07:00:00,high_vol,bull,10295.14,10203.939999999999
sell,high_vol_bear,ema_flipped,0.8795,1.04845,23.4,35.099999999999994,1.2,0.36,tp,35.1,126.36,True,2022-06-30 18:30:00,2022-06-30 18:15:00,high_vol,bear,10203.939999999999,10330.3
sell,high_vol_bear,ema_flipped,0.9967,1.00688,20.0,30.0,1.2,0.51,tp,30.0,153.0,True,2022-07-12 19:00:00,2022-07-12 18:45:00,high_vol,bear,10330.3,10483.3
buy,high_vol_bull,ema_flipped,1.0,1.00183,40.1,60.150000000000006,1.2,0.26,tp,60.15,156.39,True,2022-07-13 16:45:00,2022-07-13 16:30:00,high_vol,bull,10483.3,10639.689999999999
sell,high_vol_bear,ema_flipped,0.9999,1.00265,13.6,20.4,1.2,0.78,sl,-13.6,-106.08,False,2022-07-15 10:30:00,2022-07-15 10:15:00,high_vol,bear,10639.689999999999,10533.609999999999
sell,high_vol_bear,ema_flipped,1.0,1.02761,26.8,40.2,1.2,0.39,tp,40.2,156.78,True,2022-07-21 15:45:00,2022-07-21 15:30:00,high_vol,bear,10533.609999999999,10690.39
sell,high_vol_bear,ema_flipped,0.9858,1.02214,13.0,19.5,1.2,0.81,sl,-13.0,-105.3,False,2022-07-21 23:30:00,2022-07-21 23:15:00,high_vol,bear,10690.39,10585.09
sell,high_vol_bear,ema_flipped,0.9683,1.01556,15.7,23.549999999999997,1.2,0.64,tp,23.55,150.72,True,2022-07-27 15:30:00,2022-07-27 15:15:00,high_vol,bear,10585.09,10735.81
sell,high_vol_bear,ema_flipped,0.9591,1.02006,31.9,47.849999999999994,1.2,0.32,timeout,-6.0,-19.2,False,2022-07-27 22:15:00,2022-07-27 22:00:00,high_vol,bear,10735.81,10716.609999999999
sell,high_vol_bear,ema_flipped,0.9988,1.01962,13.5,20.25,1.2,0.79,tp,20.25,159.97,True,2022-08-17 21:15:00,2022-08-17 21:00:00,high_vol,bear,10716.609999999999,10876.579999999998
sell,high_vol_bear,ema_flipped,1.0,1.01783,14.1,21.15,1.2,0.77,tp,21.15,162.86,True,2022-08-18 15:15:00,2022-08-18 15:00:00,high_vol,bear,10876.579999999998,11039.439999999999
sell,high_vol_bear,ema_flipped,1.0,0.99643,25.8,38.7,1.2,0.43,sl,-25.8,-110.94,False,2022-08-24 19:15:00,2022-08-24 19:00:00,high_vol,bear,11039.439999999999,10928.499999999998
sell,high_vol_bear,ema_flipped,0.9681,0.99947,19.6,29.400000000000002,1.2,0.53,tp,29.4,155.82,True,2022-08-25 17:45:00,2022-08-25 17:30:00,high_vol,bear,10928.499999999998,11084.319999999998
buy,high_vol_bull,ema_flipped,0.9341,0.99718,19.3,28.950000000000003,1.2,0.52,sl,-19.3,-100.36,False,2022-08-26 21:45:00,2022-08-26 21:30:00,high_vol,bull,11084.319999999998,10983.959999999997
buy,high_vol_bull,ema_flipped,0.9962,1.00182,18.2,27.299999999999997,1.2,0.6,sl,-18.2,-109.2,False,2022-09-01 13:15:00,2022-09-01 13:00:00,high_vol,bull,10983.959999999997,10874.759999999997
sell,high_vol_bear,ema_flipped,1.0,0.99832,11.6,17.4,1.2,0.94,sl,-11.6,-109.04,False,2022-09-02 11:30:00,2022-09-02 11:15:00,high_vol,bear,10874.759999999997,10765.719999999996
buy,high_vol_bull,ema_flipped,1.0,0.99593,22.2,33.3,1.2,0.48,sl,-22.2,-106.56,False,2022-09-02 21:15:00,2022-09-02 21:00:00,high_vol,bull,10765.719999999996,10659.159999999996
buy,high_vol_bull,ema_flipped,1.0,0.99602,43.6,65.4,1.2,0.24,tp,65.4,156.96,True,2022-09-08 18:30:00,2022-09-08 18:15:00,high_vol,bull,10659.159999999996,10816.119999999995
buy,high_vol_bull,ema_flipped,0.9998,1.00109,30.6,45.900000000000006,1.2,0.35,sl,-30.6,-107.1,False,2022-09-13 16:15:00,2022-09-13 16:00:00,high_vol,bull,10816.119999999995,10709.019999999995
sell,high_vol_bear,ema_flipped,0.9988,1.00045,16.8,25.200000000000003,1.2,0.64,tp,25.2,161.28,True,2022-09-15 15:45:00,2022-09-15 15:30:00,high_vol,bear,10709.019999999995,10870.299999999996
sell,high_vol_bear,ema_flipped,0.994,1.00162,23.1,34.650000000000006,1.2,0.47,tp,34.65,162.86,True,2022-09-16 18:15:00,2022-09-16 18:00:00,high_vol,bear,10870.299999999996,11033.159999999996
buy,high_vol_bull,ema_flipped,0.7046,1.00041,17.0,25.5,1.2,0.38,sl,-17.0,-64.6,False,2022-09-20 13:45:00,2022-09-20 13:30:00,high_vol,bull,11033.159999999996,10968.559999999996
buy,high_vol_bull,ema_flipped,0.9999,0.97553,31.5,47.25,1.2,0.35,tp,47.25,165.37,True,2022-09-30 16:00:00,2022-09-30 15:45:00,high_vol,bull,10968.559999999996,11133.929999999997
buy,high_vol_bull,ema_flipped,1.0,0.99246,17.5,26.25,1.2,0.64,sl,-17.5,-112.0,False,2022-10-05 14:00:00,2022-10-05 13:45:00,high_vol,bull,11133.929999999997,11021.929999999997
buy,high_vol_bull,ema_flipped,1.0,0.96644,34.1,51.150000000000006,1.2,0.32,tp,51.15,163.68,True,2022-10-13 16:30:00,2022-10-13 16:15:00,high_vol,bull,11021.929999999997,11185.609999999997
buy,high_vol_bull,ema_flipped,1.0,0.99986,22.3,33.45,1.2,0.5,sl,-22.3,-111.5,False,2022-10-27 15:30:00,2022-10-27 15:15:00,high_vol,bull,11185.609999999997,11074.109999999997
buy,high_vol_bull,ema_flipped,1.0,0.98363,43.7,65.55000000000001,1.2,0.25,sl,-43.7,-109.25,False,2022-11-02 22:30:00,2022-11-02 22:15:00,high_vol,bull,11074.109999999997,10964.859999999997
buy,high_vol_bull,ema_flipped,1.0,1.03237,39.0,58.5,1.2,0.28,tp,58.5,163.8,True,2022-11-15 21:30:00,2022-11-15 21:15:00,high_vol,bull,10964.859999999997,11128.659999999996
buy,high_vol_bull,ema_flipped,1.0,1.03415,21.3,31.950000000000003,1.2,0.52,sl,-21.3,-110.76,False,2022-11-18 16:45:00,2022-11-18 16:30:00,high_vol,bull,11128.659999999996,11017.899999999996
buy,high_vol_bull,ema_flipped,0.8884,1.03075,29.8,44.7,1.2,0.31,tp,44.7,138.57,True,2022-11-30 18:15:00,2022-11-30 18:00:00,high_vol,bull,11017.899999999996,11156.469999999996
sell,high_vol_bear,ema_flipped,1.0,1.04128,31.4,47.099999999999994,1.2,0.36,sl,-31.4,-113.04,False,2022-11-30 22:00:00,2022-11-30 21:45:00,high_vol,bear,11156.469999999996,11043.429999999995
sell,high_vol_bear,ema_flipped,1.0,1.05293,29.6,44.400000000000006,1.2,0.37,timeout,-8.5,-31.45,False,2022-12-02 19:30:00,2022-12-02 19:15:00,high_vol,bear,11043.429999999995,11011.979999999994
buy,high_vol_bull,ema_flipped,1.0,1.05378,23.7,35.55,1.2,0.46,sl,-23.7,-109.02,False,2022-12-09 16:30:00,2022-12-09 16:15:00,high_vol,bull,11011.979999999994,10902.959999999994
buy,high_vol_bull,ema_flipped,1.0,1.05944,44.6,66.9,1.2,0.24,tp,66.9,160.56,True,2022-12-15 19:15:00,2022-12-15 19:00:00,high_vol,bull,10902.959999999994,11063.519999999993
sell,high_vol_bear,ema_flipped,0.9966,1.06298,14.5,21.75,1.2,0.76,sl,-14.5,-110.2,False,2022-12-21 15:00:00,2022-12-21 14:45:00,high_vol,bear,11063.519999999993,10953.319999999992
buy,high_vol_bull,ema_flipped,1.0,1.05709,15.8,23.700000000000003,1.2,0.69,sl,-15.8,-109.02,False,2023-01-05 15:45:00,2023-01-05 15:30:00,high_vol,bull,10953.319999999992,10844.299999999992
sell,high_vol_bear,ema_flipped,0.8611,1.06009,34.9,52.349999999999994,1.2,0.25,sl,-34.9,-87.25,False,2023-01-06 18:00:00,2023-01-06 17:45:00,high_vol,bear,10844.299999999992,10757.049999999992
sell,high_vol_bear,ema_flipped,0.9994,1.08304,8.5,12.75,1.2,1.26,tp,12.75,160.65,True,2023-01-17 08:15:00,2023-01-17 08:00:00,high_vol,bear,10757.049999999992,10917.699999999992
sell,high_vol_bear,ema_flipped,0.9929,1.08161,15.8,23.700000000000003,1.2,0.68,sl,-15.8,-107.44,False,2023-01-19 11:00:00,2023-01-19 10:45:00,high_vol,bear,10917.699999999992,10810.259999999991
sell,high_vol_bear,ema_flipped,0.7405,1.08166,19.6,29.400000000000002,1.2,0.35,sl,-19.6,-68.6,False,2023-01-19 19:30:00,2023-01-19 19:15:00,high_vol,bear,10810.259999999991,10741.65999999999
sell,high_vol_bear,ema_flipped,1.0,1.08377,20.1,30.150000000000002,1.2,0.53,sl,-20.1,-106.53,False,2023-01-20 18:15:00,2023-01-20 18:00:00,high_vol,bear,10741.65999999999,10635.12999999999
sell,high_vol_bear,ema_flipped,1.0,1.09086,18.7,28.049999999999997,1.2,0.57,tp,28.05,159.88,True,2023-01-25 17:30:00,2023-01-25 17:15:00,high_vol,bear,10635.12999999999,10795.00999999999
buy,high_vol_bull,ema_flipped,1.0,1.07348,11.3,16.950000000000003,1.2,0.96,sl,-11.3,-108.48,False,2023-02-09 22:45:00,2023-02-09 22:30:00,high_vol,bull,10795.00999999999,10686.52999999999
buy,high_vol_bull,ema_flipped,1.0,1.0588,11.0,16.5,1.2,0.97,sl,-11.0,-106.7,False,2023-02-28 21:45:00,2023-02-28 21:30:00,high_vol,bull,10686.52999999999,10579.829999999989
buy,high_vol_bull,ema_flipped,1.0,1.06053,11.6,17.4,1.2,0.91,tp,17.4,158.34,True,2023-03-03 14:45:00,2023-03-03 14:30:00,high_vol,bull,10579.829999999989,10738.16999999999
buy,high_vol_bull,ema_flipped,1.0,1.0673,18.9,28.349999999999998,1.2,0.57,sl,-18.9,-107.73,False,2023-03-15 12:45:00,2023-03-15 12:30:00,high_vol,bull,10738.16999999999,10630.43999999999
buy,high_vol_bull,ema_flipped,0.9963,1.08281,14.6,21.9,1.2,0.72,timeout,17.7,127.44,True,2023-03-29 20:00:00,2023-03-29 19:45:00,high_vol,bull,10630.43999999999,10757.87999999999
buy,high_vol_bull,ema_flipped,1.0,1.10137,17.5,26.25,1.2,0.61,sl,-17.5,-106.75,False,2023-04-27 16:00:00,2023-04-27 15:45:00,high_vol,bull,10757.87999999999,10651.12999999999
sell,high_vol_bear,ema_flipped,1.0,1.10323,9.1,13.649999999999999,1.2,1.17,tp,13.65,159.71,True,2023-05-01 16:00:00,2023-05-01 15:45:00,high_vol,bear,10651.12999999999,10810.83999999999
buy,high_vol_bull,ema_flipped,1.0,1.09653,14.4,21.6,1.2,0.75,sl,-14.4,-108.0,False,2023-05-02 11:15:00,2023-05-02 11:00:00,high_vol,bull,10810.83999999999,10702.83999999999
buy,high_vol_bull,ema_flipped,1.0,1.10274,11.8,17.700000000000003,1.2,0.91,sl,-11.8,-107.38,False,2023-05-05 11:30:00,2023-05-05 11:15:00,high_vol,bull,10702.83999999999,10595.45999999999
sell,high_vol_bear,ema_flipped,1.0,1.09733,9.5,14.25,1.2,1.12,sl,-9.5,-106.4,False,2023-05-10 21:30:00,2023-05-10 21:15:00,high_vol,bear,10595.45999999999,10489.05999999999
buy,high_vol_bull,ema_flipped,1.0,1.09544,8.2,12.299999999999999,1.2,1.28,sl,-8.2,-104.96,False,2023-05-11 09:45:00,2023-05-11 09:30:00,high_vol,bull,10489.05999999999,10384.099999999991
sell,high_vol_bear,ema_flipped,1.0,1.07972,12.9,19.35,1.2,0.8,sl,-12.9,-103.2,False,2023-05-19 13:30:00,2023-05-19 13:15:00,high_vol,bear,10384.099999999991,10280.89999999999
sell,high_vol_bear,ema_flipped,0.9774,1.08132,12.6,18.9,1.2,0.79,timeout,0.3,2.37,True,2023-05-22 20:45:00,2023-05-22 20:30:00,high_vol,bear,10280.89999999999,10283.269999999991
sell,high_vol_bear,ema_flipped,0.8061,1.07308,13.8,20.700000000000003,1.2,0.54,sl,-13.8,-74.52,False,2023-05-30 14:00:00,2023-05-30 13:45:00,high_vol,bear,10283.269999999991,10208.74999999999
sell,high_vol_bear,ema_flipped,1.0,1.07026,13.2,19.799999999999997,1.2,0.77,sl,-13.2,-101.64,False,2023-06-01 13:15:00,2023-06-01 13:00:00,high_vol,bear,10208.74999999999,10107.109999999991
sell,high_vol_bear,ema_flipped,1.0,1.07094,15.2,22.799999999999997,1.2,0.66,sl,-15.2,-100.32,False,2023-06-05 20:15:00,2023-06-05 20:00:00,high_vol,bear,10107.109999999991,10006.789999999992
buy,high_vol_bull,ema_flipped,0.7602,1.06965,12.4,18.6,1.2,0.53,sl,-12.4,-65.72,False,2023-06-06 12:15:00,2023-06-06 12:00:00,high_vol,bull,10006.789999999992,9941.069999999992
sell,high_vol_bear,ema_flipped,1.0,1.07773,9.1,13.649999999999999,1.2,1.09,sl,-9.1,-99.19,False,2023-06-12 11:15:00,2023-06-12 11:00:00,high_vol,bear,9941.069999999992,9841.879999999992
buy,high_vol_bull,ema_flipped,0.8315,1.09619,17.0,25.5,1.2,0.44,timeout,-3.5,-15.4,False,2023-06-22 18:45:00,2023-06-22 18:30:00,high_vol,bull,9841.879999999992,9826.479999999992
buy,high_vol_bull,ema_flipped,1.0,1.08726,16.4,24.599999999999998,1.2,0.6,sl,-16.4,-98.4,False,2023-06-29 16:15:00,2023-06-29 16:00:00,high_vol,bull,9826.479999999992,9728.079999999993
buy,high_vol_bull,ema_flipped,1.0,1.08811,11.8,17.700000000000003,1.2,0.82,sl,-11.8,-96.76,False,2023-07-05 17:30:00,2023-07-05 17:15:00,high_vol,bull,9728.079999999993,9631.319999999992
sell,high_vol_bear,ema_flipped,0.9999,1.0885,14.8,22.200000000000003,1.2,0.65,sl,-14.8,-96.2,False,2023-07-06 13:45:00,2023-07-06 13:30:00,high_vol,bear,9631.319999999992,9535.119999999992
buy,high_vol_bull,ema_flipped,0.9852,1.09827,10.2,15.299999999999999,1.2,0.92,tp,15.3,140.76,True,2023-07-11 16:45:00,2023-07-11 16:30:00,high_vol,bull,9535.119999999992,9675.879999999992
buy,high_vol_bull,ema_flipped,1.0,1.12288,20.7,31.049999999999997,1.2,0.47,sl,-20.7,-97.29,False,2023-07-18 16:45:00,2023-07-18 16:30:00,high_vol,bull,9675.879999999992,9578.589999999991
sell,high_vol_bear,ema_flipped,0.9997,1.1037,21.2,31.799999999999997,1.2,0.45,tp,31.8,143.1,True,2023-07-28 17:30:00,2023-07-28 17:15:00,high_vol,bear,9578.589999999991,9721.689999999991
buy,high_vol_bull,ema_flipped,0.9092,1.10055,12.9,19.35,1.2,0.66,sl,-12.9,-85.14,False,2023-07-31 20:15:00,2023-07-31 20:00:00,high_vol,bull,9721.689999999991,9636.549999999992
sell,high_vol_bear,ema_flipped,0.9996,1.10046,9.4,14.100000000000001,1.2,1.02,sl,-9.4,-95.88,False,2023-08-02 01:15:00,2023-08-02 01:00:00,high_vol,bear,9636.549999999992,9540.669999999993
sell,high_vol_bear,ema_flipped,1.0,1.10002,11.1,16.65,1.2,0.86,tp,16.65,143.19,True,2023-08-11 14:45:00,2023-08-11 14:30:00,high_vol,bear,9540.669999999993,9683.859999999993
sell,high_vol_bear,ema_flipped,1.0,1.09352,13.1,19.65,1.2,0.74,timeout,-2.0,-14.8,False,2023-08-15 12:45:00,2023-08-15 12:30:00,high_vol,bear,9683.859999999993,9669.059999999994
sell,high_vol_bear,ema_flipped,1.0,1.07407,7.3,10.95,1.2,1.32,sl,-7.3,-96.36,False,2023-09-12 23:30:00,2023-09-12 23:15:00,high_vol,bear,9669.059999999994,9572.699999999993
sell,high_vol_bear,ema_flipped,1.0,1.07426,11.2,16.799999999999997,1.2,0.85,tp,16.8,142.8,True,2023-09-13 20:30:00,2023-09-13 20:15:00,high_vol,bear,9572.699999999993,9715.499999999993
sell,high_vol_bear,ema_flipped,0.7923,1.06575,13.8,20.700000000000003,1.2,0.5,tp,20.7,103.5,True,2023-09-22 18:00:00,2023-09-22 17:45:00,high_vol,bear,9715.499999999993,9818.999999999993
buy,high_vol_bull,ema_flipped,1.0,1.06404,7.6,11.399999999999999,1.2,1.29,tp,11.4,147.06,True,2023-09-22 21:45:00,2023-09-22 21:30:00,high_vol,bull,9818.999999999993,9966.059999999992
sell,high_vol_bear,ema_flipped,1.0,1.05876,33.6,50.400000000000006,1.2,0.3,tp,50.4,151.2,True,2023-10-06 18:30:00,2023-10-06 18:15:00,high_vol,bear,9966.059999999992,10117.259999999993
sell,high_vol_bear,ema_flipped,0.9988,1.05852,17.9,26.849999999999998,1.2,0.56,tp,26.85,150.36,True,2023-10-27 16:45:00,2023-10-27 16:30:00,high_vol,bear,10117.259999999993,10267.619999999994
buy,high_vol_bull,ema_flipped,0.9999,1.05678,21.2,31.799999999999997,1.2,0.48,sl,-21.2,-101.76,False,2023-10-31 19:00:00,2023-10-31 18:45:00,high_vol,bull,10267.619999999994,10165.859999999993
buy,high_vol_bull,ema_flipped,1.0,1.06766,14.7,22.049999999999997,1.2,0.69,sl,-14.7,-101.43,False,2023-11-09 21:15:00,2023-11-09 21:00:00,high_vol,bull,10165.859999999993,10064.429999999993
sell,high_vol_bear,ema_flipped,1.0,1.0688,11.3,16.950000000000003,1.2,0.89,tp,16.95,150.86,True,2023-11-10 16:00:00,2023-11-10 15:45:00,high_vol,bear,10064.429999999993,10215.289999999994
sell,high_vol_bear,ema_flipped,1.0,1.06804,9.8,14.700000000000001,1.2,1.04,sl,-9.8,-101.92,False,2023-11-10 22:15:00,2023-11-10 22:00:00,high_vol,bear,10215.289999999994,10113.369999999994
sell,high_vol_bear,ema_flipped,0.9999,1.06985,13.1,19.65,1.2,0.77,timeout,0.9,6.93,True,2023-11-13 18:45:00,2023-11-13 18:30:00,high_vol,bear,10113.369999999994,10120.299999999994
buy,high_vol_bull,ema_flipped,0.7293,1.09269,16.5,24.75,1.2,0.38,sl,-16.5,-62.7,False,2023-11-21 18:45:00,2023-11-21 18:30:00,high_vol,bull,10120.299999999994,10057.599999999993
sell,high_vol_bear,ema_flipped,1.0,1.07849,16.3,24.450000000000003,1.2,0.62,sl,-16.3,-101.06,False,2023-12-07 17:30:00,2023-12-07 17:15:00,high_vol,bear,10057.599999999993,9956.539999999994
sell,high_vol_bear,ema_flipped,1.0,1.09807,25.7,38.55,1.2,0.39,tp,38.55,150.34,True,2024-01-05 17:30:00,2024-01-05 17:15:00,high_vol,bear,9956.539999999994,10106.879999999994
sell,high_vol_bear,ema_flipped,0.9988,1.09414,10.7,16.049999999999997,1.2,0.94,sl,-10.7,-100.58,False,2024-01-08 14:45:00,2024-01-08 14:30:00,high_vol,bear,10106.879999999994,10006.299999999994
buy,high_vol_bull,ema_flipped,1.0,1.08784,12.1,18.15,1.2,0.83,tp,18.15,150.64,True,2024-01-19 17:30:00,2024-01-19 17:15:00,high_vol,bull,10006.299999999994,10156.939999999993
buy,high_vol_bull,ema_flipped,1.0,1.08888,9.3,13.950000000000001,1.2,1.09,sl,-9.3,-101.37,False,2024-01-22 15:30:00,2024-01-22 15:15:00,high_vol,bull,10156.939999999993,10055.569999999992
sell,high_vol_bear,ema_flipped,0.9999,1.08955,9.1,13.649999999999999,1.2,1.1,tp,13.65,150.15,True,2024-01-22 20:00:00,2024-01-22 19:45:00,high_vol,bear,10055.569999999992,10205.719999999992
sell,high_vol_bear,ema_flipped,0.9182,1.08427,10.0,15.0,1.2,0.9,sl,-10.0,-90.0,False,2024-01-30 13:30:00,2024-01-30 13:15:00,high_vol,bear,10205.719999999992,10115.719999999992
sell,high_vol_bear,ema_flipped,0.9348,1.08337,11.4,17.1,1.2,0.8,sl,-11.4,-91.2,False,2024-01-31 14:30:00,2024-01-31 14:15:00,high_vol,bear,10115.719999999992,10024.519999999991
buy,high_vol_bull,ema_flipped,1.0,1.08,18.5,27.75,1.2,0.54,sl,-18.5,-99.9,False,2024-02-02 16:30:00,2024-02-02 16:15:00,high_vol,bull,10024.519999999991,9924.619999999992
sell,high_vol_bear,ema_flipped,0.9665,1.07531,7.5,11.25,1.2,1.26,timeout,-1.1,-13.86,False,2024-02-06 22:15:00,2024-02-06 22:00:00,high_vol,bear,9924.619999999992,9910.759999999991
sell,high_vol_bear,ema_flipped,1.0,1.07759,7.9,11.850000000000001,1.2,1.25,timeout,2.6,32.5,True,2024-02-08 21:00:00,2024-02-08 20:45:00,high_vol,bear,9910.759999999991,9943.259999999991
sell,high_vol_bear,ema_flipped,0.9694,1.07823,10.5,15.75,1.2,0.91,sl,-10.5,-95.55,False,2024-02-09 16:00:00,2024-02-09 15:45:00,high_vol,bear,9943.259999999991,9847.709999999992
sell,high_vol_bear,ema_flipped,1.0,1.07684,14.3,21.450000000000003,1.2,0.69,sl,-14.3,-98.67,False,2024-02-16 17:15:00,2024-02-16 17:00:00,high_vol,bear,9847.709999999992,9749.039999999992
sell,high_vol_bear,ema_flipped,1.0,1.08346,8.2,12.299999999999999,1.2,1.19,tp,12.3,146.37,True,2024-02-23 14:45:00,2024-02-23 14:30:00,high_vol,bear,9749.039999999992,9895.409999999993
buy,high_vol_bull,ema_flipped,0.9798,1.08433,6.5,9.75,1.2,1.48,sl,-6.5,-96.2,False,2024-02-27 22:15:00,2024-02-27 22:00:00,high_vol,bull,9895.409999999993,9799.209999999992
sell,high_vol_bear,ema_flipped,1.0,1.08344,12.6,18.9,1.2,0.78,sl,-12.6,-98.28,False,2024-03-01 17:45:00,2024-03-01 17:30:00,high_vol,bear,9799.209999999992,9700.929999999991
sell,high_vol_bear,ema_flipped,1.0,1.08996,13.4,20.1,1.2,0.72,sl,-13.4,-96.48,False,2024-03-07 16:30:00,2024-03-07 16:15:00,high_vol,bear,9700.929999999991,9604.449999999992
buy,high_vol_bull,ema_flipped,1.0,1.09241,5.1,7.6499999999999995,1.2,1.88,tp,7.65,143.82,True,2024-03-13 10:45:00,2024-03-13 10:30:00,high_vol,bull,9604.449999999992,9748.269999999991
buy,high_vol_bull,ema_flipped,1.0,1.09244,6.7,10.05,1.2,1.45,tp,10.05,145.72,True,2024-03-13 12:45:00,2024-03-13 12:30:00,high_vol,bull,9748.269999999991,9893.98999999999
buy,high_vol_bull,ema_flipped,1.0,1.09368,5.0,7.5,1.2,1.98,tp,7.5,148.5,True,2024-03-14 11:00:00,2024-03-14 10:45:00,high_vol,bull,9893.98999999999,10042.48999999999
buy,high_vol_bull,ema_flipped,1.0,1.08866,7.3,10.95,1.2,1.38,sl,-7.3,-100.74,False,2024-03-18 19:00:00,2024-03-18 18:45:00,high_vol,bull,10042.48999999999,9941.74999999999
sell,high_vol_bear,ema_flipped,1.0,1.08806,9.2,13.799999999999999,1.2,1.08,sl,-9.2,-99.36,False,2024-03-20 21:30:00,2024-03-20 21:15:00,high_vol,bear,9941.74999999999,9842.38999999999
buy,high_vol_bull,ema_flipped,1.0,1.08795,12.2,18.299999999999997,1.2,0.81,sl,-12.2,-98.82,False,2024-03-21 17:15:00,2024-03-21 17:00:00,high_vol,bull,9842.38999999999,9743.56999999999
sell,high_vol_bear,ema_flipped,1.0,1.08296,5.7,8.55,1.2,1.71,sl,-5.7,-97.47,False,2024-03-25 15:30:00,2024-03-25 15:15:00,high_vol,bear,9743.56999999999,9646.099999999991
sell,high_vol_bear,ema_flipped,0.9552,1.07978,8.4,12.600000000000001,1.2,1.07,tp,12.6,134.82,True,2024-03-29 17:00:00,2024-03-29 16:45:00,high_vol,bear,9646.099999999991,9780.919999999991
sell,high_vol_bear,ema_flipped,0.9889,1.0639,10.7,16.049999999999997,1.2,0.9,tp,16.05,144.45,True,2024-04-16 15:30:00,2024-04-16 15:15:00,high_vol,bear,9780.919999999991,9925.369999999992
buy,high_vol_bull,ema_flipped,1.0,1.06417,5.0,7.5,1.2,1.99,tp,7.5,149.25,True,2024-04-23 09:30:00,2024-04-23 09:15:00,high_vol,bull,9925.369999999992,10074.619999999992
buy,high_vol_bull,ema_flipped,1.0,1.06881,11.8,17.700000000000003,1.2,0.85,tp,17.7,150.45,True,2024-04-24 17:45:00,2024-04-24 17:30:00,high_vol,bull,10074.619999999992,10225.069999999992
buy,high_vol_bull,ema_flipped,1.0,1.06888,11.6,17.4,1.2,0.88,sl,-11.6,-102.08,False,2024-05-02 16:45:00,2024-05-02 16:30:00,high_vol,bull,10225.069999999992,10122.989999999993
sell,high_vol_bear,ema_flipped,0.9998,1.07624,11.1,16.65,1.2,0.91,sl,-11.1,-101.01,False,2024-05-09 17:00:00,2024-05-09 16:45:00,high_vol,bear,10122.989999999993,10021.979999999992
buy,high_vol_bull,ema_flipped,1.0,1.08267,12.5,18.75,1.2,0.8,sl,-12.5,-100.0,False,2024-05-23 19:00:00,2024-05-23 18:45:00,high_vol,bull,10021.979999999992,9921.979999999992
buy,high_vol_bull,ema_flipped,1.0,1.08675,11.0,16.5,1.2,0.9,tp,16.5,148.5,True,2024-06-04 13:15:00,2024-06-04 13:00:00,high_vol,bull,9921.979999999992,10070.479999999992
sell,high_vol_bear,ema_flipped,0.991,1.07306,9.5,14.25,1.2,1.05,sl,-9.5,-99.75,False,2024-06-18 16:30:00,2024-06-18 16:15:00,high_vol,bear,10070.479999999992,9970.729999999992
sell,high_vol_bear,ema_flipped,1.0,1.07381,12.7,19.049999999999997,1.2,0.79,sl,-12.7,-100.33,False,2024-07-02 18:15:00,2024-07-02 18:00:00,high_vol,bear,9970.729999999992,9870.399999999992
sell,high_vol_bear,ema_flipped,0.9985,1.08977,5.0,7.5,1.2,1.97,tp,7.5,147.75,True,2024-07-22 03:00:00,2024-07-22 02:45:00,high_vol,bear,9870.399999999992,10018.149999999992
buy,high_vol_bull,ema_flipped,1.0,1.08495,9.4,14.100000000000001,1.2,1.07,sl,-9.4,-100.58,False,2024-07-24 19:30:00,2024-07-24 19:15:00,high_vol,bull,10018.149999999992,9917.569999999992
buy,high_vol_bull,ema_flipped,0.9773,1.08172,6.4,9.600000000000001,1.2,1.5,sl,-6.4,-96.0,False,2024-07-30 15:30:00,2024-07-30 15:15:00,high_vol,bull,9917.569999999992,9821.569999999992
sell,high_vol_bear,ema_flipped,0.9917,1.08228,11.9,17.85,1.2,0.82,sl,-11.9,-97.58,False,2024-07-31 12:15:00,2024-07-31 12:00:00,high_vol,bear,9821.569999999992,9723.989999999993
sell,high_vol_bear,ema_flipped,1.0,1.08268,11.7,17.549999999999997,1.2,0.83,tp,17.55,145.66,True,2024-08-01 00:30:00,2024-08-01 00:15:00,high_vol,bear,9723.989999999993,9869.649999999992
sell,high_vol_bear,ema_flipped,0.9999,1.0931,9.1,13.649999999999999,1.2,1.08,sl,-9.1,-98.28,False,2024-08-07 18:15:00,2024-08-07 18:00:00,high_vol,bear,9869.649999999992,9771.369999999992
buy,high_vol_bull,ema_flipped,1.0,1.09067,10.9,16.35,1.2,0.9,sl,-10.9,-98.1,False,2024-08-08 15:45:00,2024-08-08 15:30:00,high_vol,bull,9771.369999999992,9673.269999999991
sell,high_vol_bear,ema_flipped,1.0,1.0929,7.6,11.399999999999999,1.2,1.27,tp,11.4,144.78,True,2024-08-09 17:30:00,2024-08-09 17:15:00,high_vol,bear,9673.269999999991,9818.049999999992
buy,high_vol_bull,ema_flipped,1.0,1.09621,10.6,15.899999999999999,1.2,0.93,sl,-10.6,-98.58,False,2024-08-15 15:45:00,2024-08-15 15:30:00,high_vol,bull,9818.049999999992,9719.469999999992
sell,high_vol_bear,ema_flipped,0.988,1.09889,6.6,9.899999999999999,1.2,1.45,sl,-6.6,-95.7,False,2024-08-16 13:45:00,2024-08-16 13:30:00,high_vol,bear,9719.469999999992,9623.769999999991
sell,high_vol_bear,ema_flipped,1.0,1.11685,16.6,24.900000000000002,1.2,0.58,sl,-16.6,-96.28,False,2024-08-23 17:30:00,2024-08-23 17:15:00,high_vol,bear,9623.769999999991,9527.48999999999
sell,high_vol_bear,ema_flipped,0.9999,1.10329,11.9,17.85,1.2,0.8,sl,-11.9,-95.2,False,2024-09-12 16:15:00,2024-09-12 16:00:00,high_vol,bear,9527.48999999999,9432.28999999999
buy,high_vol_bull,ema_flipped,1.0,1.11164,26.1,39.150000000000006,1.2,0.36,sl,-26.1,-93.96,False,2024-09-19 00:30:00,2024-09-19 00:15:00,high_vol,bull,9432.28999999999,9338.32999999999
buy,high_vol_bull,ema_flipped,1.0,1.11389,7.0,10.5,1.2,1.33,sl,-7.0,-93.1,False,2024-09-23 10:15:00,2024-09-23 10:00:00,high_vol,bull,9338.32999999999,9245.22999999999
sell,high_vol_bear,ema_flipped,0.8934,1.11588,11.1,16.65,1.2,0.71,tp,16.65,118.22,True,2024-09-26 15:15:00,2024-09-26 15:00:00,high_vol,bear,9245.22999999999,9363.44999999999
sell,high_vol_bear,ema_flipped,1.0,1.11647,20.4,30.599999999999998,1.2,0.46,sl,-20.4,-93.84,False,2024-09-26 18:00:00,2024-09-26 17:45:00,high_vol,bear,9363.44999999999,9269.60999999999
sell,high_vol_bear,ema_flipped,0.9998,1.11667,10.5,15.75,1.2,0.88,sl,-10.5,-92.4,False,2024-09-27 22:00:00,2024-09-27 21:45:00,high_vol,bear,9269.60999999999,9177.20999999999
buy,high_vol_bull,ema_flipped,1.0,1.0977,9.6,14.399999999999999,1.2,0.96,sl,-9.6,-92.16,False,2024-10-08 17:15:00,2024-10-08 17:00:00,high_vol,bull,9177.20999999999,9085.04999999999
buy,high_vol_bull,ema_flipped,0.9803,1.09065,9.8,14.700000000000001,1.2,0.9,sl,-9.8,-88.2,False,2024-10-15 17:15:00,2024-10-15 17:00:00,high_vol,bull,9085.04999999999,8996.84999999999
sell,high_vol_bear,ema_flipped,1.0,1.07962,9.6,14.399999999999999,1.2,0.94,sl,-9.6,-90.24,False,2024-10-24 10:45:00,2024-10-24 10:30:00,high_vol,bear,8996.84999999999,8906.60999999999
buy,high_vol_bull,ema_flipped,0.9998,1.08036,9.7,14.549999999999999,1.2,0.92,sl,-9.7,-89.24,False,2024-10-25 20:15:00,2024-10-25 20:00:00,high_vol,bull,8906.60999999999,8817.36999999999
sell,high_vol_bear,ema_flipped,1.0,1.0886,13.3,19.950000000000003,1.2,0.66,tp,19.95,131.67,True,2024-11-01 16:00:00,2024-11-01 15:45:00,high_vol,bear,8817.36999999999,8949.03999999999
sell,high_vol_bear,ema_flipped,1.0,1.08689,10.0,15.0,1.2,0.89,sl,-10.0,-89.0,False,2024-11-04 02:15:00,2024-11-04 02:00:00,high_vol,bear,8949.03999999999,8860.03999999999
buy,high_vol_bull,ema_flipped,1.0,1.08798,9.3,13.950000000000001,1.2,0.95,timeout,-3.3,-31.35,False,2024-11-04 22:15:00,2024-11-04 22:00:00,high_vol,bull,8860.03999999999,8828.68999999999
buy,high_vol_bull,ema_flipped,1.0,1.08423,22.3,33.45,1.2,0.4,sl,-22.3,-89.2,False,2024-11-06 03:15:00,2024-11-06 03:00:00,high_vol,bull,8828.68999999999,8739.489999999989
sell,high_vol_bear,ema_flipped,1.0,1.07582,14.7,22.049999999999997,1.2,0.59,sl,-14.7,-86.73,False,2024-11-07 11:15:00,2024-11-07 11:00:00,high_vol,bear,8739.489999999989,8652.75999999999
sell,high_vol_bear,ema_flipped,1.0,1.07902,13.7,20.549999999999997,1.2,0.63,tp,20.55,129.46,True,2024-11-08 13:45:00,2024-11-08 13:30:00,high_vol,bear,8652.75999999999,8782.219999999988
sell,high_vol_bear,ema_flipped,0.9991,1.06248,12.1,18.15,1.2,0.72,sl,-12.1,-87.12,False,2024-11-13 15:15:00,2024-11-13 15:00:00,high_vol,bear,8782.219999999988,8695.099999999988
sell,high_vol_bear,ema_flipped,1.0,1.05856,16.0,24.0,1.2,0.54,sl,-16.0,-86.4,False,2024-11-19 16:45:00,2024-11-19 16:30:00,high_vol,bear,8695.099999999988,8608.699999999988
sell,high_vol_bear,ema_flipped,1.0,1.0481,19.0,28.5,1.2,0.45,tp,28.5,128.25,True,2024-11-25 01:45:00,2024-11-25 01:30:00,high_vol,bear,8608.699999999988,8736.949999999988
buy,high_vol_bull,ema_flipped,0.98,1.04695,20.0,30.0,1.2,0.42,tp,30.0,126.0,True,2024-11-26 19:30:00,2024-11-26 19:15:00,high_vol,bull,8736.949999999988,8862.949999999988
sell,high_vol_bear,ema_flipped,0.94,1.05441,11.5,17.25,1.2,0.7,sl,-11.5,-80.5,False,2024-11-28 16:45:00,2024-11-28 16:30:00,high_vol,bear,8862.949999999988,8782.449999999988
sell,high_vol_bear,ema_flipped,1.0,1.05284,13.0,19.5,1.2,0.68,tp,19.5,132.6,True,2024-12-03 11:15:00,2024-12-03 11:00:00,high_vol,bear,8782.449999999988,8915.049999999988
sell,high_vol_bear,ema_flipped,1.0,1.05779,14.8,22.200000000000003,1.2,0.6,sl,-14.8,-88.8,False,2024-12-09 12:15:00,2024-12-09 12:00:00,high_vol,bear,8915.049999999988,8826.249999999989
sell,high_vol_bear,ema_flipped,0.9351,1.0511,15.9,23.85,1.2,0.5,sl,-15.9,-79.5,False,2024-12-16 19:15:00,2024-12-16 19:00:00,high_vol,bear,8826.249999999989,8746.749999999989
sell,high_vol_bear,ema_flipped,1.0,1.03132,20.7,31.049999999999997,1.2,0.42,tp,31.05,130.41,True,2025-01-17 17:30:00,2025-01-17 17:15:00,high_vol,bear,8746.749999999989,8877.159999999989
sell,high_vol_bear,ema_flipped,1.0,1.04235,21.7,32.55,1.2,0.41,tp,32.55,133.46,True,2025-01-31 19:45:00,2025-01-31 19:30:00,high_vol,bear,8877.159999999989,9010.619999999988
sell,high_vol_bear,ema_flipped,0.9082,1.02945,16.7,25.049999999999997,1.2,0.47,sl,-16.7,-78.49,False,2025-02-03 22:30:00,2025-02-03 22:15:00,high_vol,bear,9010.619999999988,8932.129999999988
buy,high_vol_bull,ema_flipped,1.0,1.08237,12.5,18.75,1.2,0.71,sl,-12.5,-88.75,False,2025-03-10 11:00:00,2025-03-10 10:45:00,high_vol,bull,8932.129999999988,8843.379999999988
buy,high_vol_bull,ema_flipped,0.9991,1.08341,16.8,25.200000000000003,1.2,0.53,timeout,5.1,27.03,True,2025-03-10 19:45:00,2025-03-10 19:30:00,high_vol,bull,8843.379999999988,8870.409999999989
buy,high_vol_bull,ema_flipped,1.0,1.08934,19.7,29.549999999999997,1.2,0.45,tp,29.55,132.98,True,2025-03-12 16:15:00,2025-03-12 16:00:00,high_vol,bull,8870.409999999989,9003.389999999989
buy,high_vol_bull,ema_flipped,0.9903,1.0889,13.4,20.1,1.2,0.66,timeout,3.0,19.8,True,2025-03-12 22:15:00,2025-03-12 22:00:00,high_vol,bull,9003.389999999989,9023.189999999988
sell,high_vol_bear,ema_flipped,0.9752,1.07954,14.2,21.299999999999997,1.2,0.61,sl,-14.2,-86.62,False,2025-03-27 14:15:00,2025-03-27 14:00:00,high_vol,bear,9023.189999999988,8936.569999999987
sell,high_vol_bear,ema_flipped,0.9601,1.08094,14.9,22.35,1.2,0.57,sl,-14.9,-84.93,False,2025-03-28 17:00:00,2025-03-28 16:45:00,high_vol,bear,8936.569999999987,8851.639999999987
buy,high_vol_bull,ema_flipped,1.0,1.09774,27.3,40.95,1.2,0.32,tp,40.95,131.04,True,2025-04-04 12:45:00,2025-04-04 12:30:00,high_vol,bull,8851.639999999987,8982.679999999988
sell,high_vol_bear,ema_flipped,1.0,1.10384,27.6,41.400000000000006,1.2,0.33,tp,41.4,136.62,True,2025-04-07 10:15:00,2025-04-07 10:00:00,high_vol,bear,8982.679999999988,9119.299999999988
sell,high_vol_bear,ema_flipped,1.0,1.10249,24.7,37.05,1.2,0.37,sl,-24.7,-91.39,False,2025-04-10 11:15:00,2025-04-10 11:00:00,high_vol,bear,9119.299999999988,9027.909999999989
buy,high_vol_bull,ema_flipped,0.8781,1.13395,15.4,23.1,1.2,0.48,sl,-15.4,-73.92,False,2025-04-15 09:45:00,2025-04-15 09:30:00,high_vol,bull,9027.909999999989,8953.989999999989
buy,high_vol_bull,ema_flipped,0.7908,1.13448,25.9,38.849999999999994,1.2,0.24,sl,-25.9,-62.16,False,2025-04-15 12:15:00,2025-04-15 12:00:00,high_vol,bull,8953.989999999989,8891.829999999989
sell,high_vol_bear,ema_flipped,1.0,1.13265,17.5,26.25,1.2,0.51,sl,-17.5,-89.25,False,2025-05-29 15:45:00,2025-05-29 15:30:00,high_vol,bear,8891.829999999989,8802.579999999989
buy,high_vol_bull,ema_flipped,0.765,1.13315,17.5,26.25,1.2,0.33,sl,-17.5,-57.75,False,2025-05-30 16:30:00,2025-05-30 16:15:00,high_vol,bull,8802.579999999989,8744.829999999989
sell,high_vol_bear,ema_flipped,1.0,1.13518,22.9,34.349999999999994,1.2,0.38,sl,-22.9,-87.02,False,2025-05-30 18:45:00,2025-05-30 18:30:00,high_vol,bear,8744.829999999989,8657.809999999989
sell,high_vol_bear,ema_flipped,1.0,1.14261,12.7,19.049999999999997,1.2,0.68,sl,-12.7,-86.36,False,2025-06-10 14:30:00,2025-06-10 14:15:00,high_vol,bear,8657.809999999989,8571.449999999988
buy,high_vol_bull,ema_flipped,1.0,1.15336,24.4,36.599999999999994,1.2,0.35,sl,-24.4,-85.4,False,2025-06-13 06:45:00,2025-06-13 06:30:00,high_vol,bull,8571.449999999988,8486.049999999988
buy,high_vol_bull,ema_flipped,0.9997,1.15314,13.5,20.25,1.2,0.63,tp,20.25,127.57,True,2025-06-16 01:00:00,2025-06-16 00:45:00,high_vol,bull,8486.049999999988,8613.619999999988
sell,high_vol_bear,ema_flipped,1.0,1.15359,20.9,31.349999999999998,1.2,0.41,sl,-20.9,-85.69,False,2025-06-23 18:15:00,2025-06-23 18:00:00,high_vol,bear,8613.619999999988,8527.929999999988
buy,high_vol_bull,ema_flipped,0.9895,1.17768,11.4,17.1,1.2,0.74,tp,17.1,126.54,True,2025-07-01 21:30:00,2025-07-01 21:15:00,high_vol,bull,8527.929999999988,8654.469999999988
sell,high_vol_bear,ema_flipped,1.0,1.17951,13.9,20.85,1.2,0.62,sl,-13.9,-86.18,False,2025-07-02 20:45:00,2025-07-02 20:30:00,high_vol,bear,8654.469999999988,8568.289999999988
sell,high_vol_bear,ema_flipped,0.9908,1.17464,11.1,16.65,1.2,0.76,sl,-11.1,-84.36,False,2025-07-08 06:45:00,2025-07-08 06:30:00,high_vol,bear,8568.289999999988,8483.929999999988
sell,high_vol_bear,ema_flipped,1.0,1.16384,43.8,65.69999999999999,1.2,0.19,timeout,-1.7,-3.23,False,2025-07-16 20:00:00,2025-07-16 19:45:00,high_vol,bear,8483.929999999988,8480.699999999988
sell,high_vol_bear,ema_flipped,0.9807,1.17337,12.6,18.9,1.2,0.65,sl,-12.6,-81.9,False,2025-07-23 17:45:00,2025-07-23 17:30:00,high_vol,bear,8480.699999999988,8398.799999999988
sell,high_vol_bear,ema_flipped,1.0,1.17867,19.0,28.5,1.2,0.44,tp,28.5,125.4,True,2025-07-24 17:15:00,2025-07-24 17:00:00,high_vol,bear,8398.799999999988,8524.199999999988
sell,high_vol_bear,ema_flipped,1.0,1.16815,18.7,28.049999999999997,1.2,0.46,sl,-18.7,-86.02,False,2025-08-22 17:15:00,2025-08-22 17:00:00,high_vol,bear,8524.199999999988,8438.179999999988
sell,high_vol_bear,ema_flipped,1.0,1.16486,13.9,20.85,1.2,0.61,sl,-13.9,-84.79,False,2025-08-26 17:15:00,2025-08-26 17:00:00,high_vol,bear,8438.179999999988,8353.389999999987
sell,high_vol_bear,ema_flipped,0.9999,1.16775,12.9,19.35,1.2,0.65,sl,-12.9,-83.85,False,2025-08-29 17:15:00,2025-08-29 17:00:00,high_vol,bear,8353.389999999987,8269.539999999986
buy,high_vol_bull,ema_flipped,0.9999,1.17053,11.0,16.5,1.2,0.75,timeout,8.1,60.75,True,2025-09-12 15:45:00,2025-09-12 15:30:00,high_vol,bull,8269.539999999986,8330.289999999986
buy,high_vol_bull,ema_flipped,1.0,1.18117,30.4,45.599999999999994,1.2,0.27,sl,-30.4,-82.08,False,2025-09-17 23:30:00,2025-09-17 23:15:00,high_vol,bull,8330.289999999986,8248.209999999986
buy,high_vol_bull,ema_flipped,0.9997,1.182,13.0,19.5,1.2,0.63,sl,-13.0,-81.9,False,2025-09-18 15:30:00,2025-09-18 15:15:00,high_vol,bull,8248.209999999986,8166.309999999987
sell,high_vol_bear,ema_flipped,1.0,1.17481,19.7,29.549999999999997,1.2,0.41,tp,29.55,121.16,True,2025-10-01 16:00:00,2025-10-01 15:45:00,high_vol,bear,8166.309999999987,8287.469999999987
sell,high_vol_bear,ema_flipped,1.0,1.16265,18.3,27.450000000000003,1.2,0.45,tp,27.45,123.52,True,2025-10-10 18:30:00,2025-10-10 18:15:00,high_vol,bear,8287.469999999987,8410.989999999987
buy,high_vol_bull,ema_flipped,0.9824,1.15947,13.8,20.700000000000003,1.2,0.59,timeout,-10.5,-61.95,False,2025-10-13 13:00:00,2025-10-13 12:45:00,high_vol,bull,8410.989999999987,8349.039999999986
sell,high_vol_bear,ema_flipped,1.0,1.16517,10.8,16.200000000000003,1.2,0.77,tp,16.2,124.74,True,2025-11-14 15:00:00,2025-11-14 14:45:00,high_vol,bear,8349.039999999986,8473.779999999986
buy,high_vol_bull,ema_flipped,1.0,1.16412,8.6,12.899999999999999,1.2,0.99,sl,-8.6,-85.14,False,2025-12-08 17:00:00,2025-12-08 16:45:00,high_vol,bull,8473.779999999986,8388.639999999987
buy,high_vol_bull,ema_flipped,0.9995,1.16369,9.3,13.950000000000001,1.2,0.9,sl,-9.3,-83.7,False,2025-12-09 14:15:00,2025-12-09 14:00:00,high_vol,bull,8388.639999999987,8304.939999999986
sell,high_vol_bear,ema_flipped,0.7317,1.17309,7.5,11.25,1.2,0.68,sl,-7.5,-51.0,False,2025-12-12 15:30:00,2025-12-12 15:15:00,high_vol,bear,8304.939999999986,8253.939999999986
buy,high_vol_bull,ema_flipped,0.9948,1.17479,12.3,18.450000000000003,1.2,0.67,sl,-12.3,-82.41,False,2025-12-16 23:30:00,2025-12-16 23:15:00,high_vol,bull,8253.939999999986,8171.529999999986
sell,high_vol_bear,ema_flipped,1.0,1.17911,8.0,12.0,1.2,1.02,tp,12.0,122.4,True,2025-12-26 16:00:00,2025-12-26 15:45:00,high_vol,bear,8171.529999999986,8293.929999999986
sell,high_vol_bear,ema_flipped,0.9984,1.17846,10.4,15.600000000000001,1.2,0.8,tp,15.6,124.8,True,2025-12-29 17:30:00,2025-12-29 17:15:00,high_vol,bear,8293.929999999986,8418.729999999985
sell,high_vol_bear,ema_flipped,1.0,1.17719,5.9,8.850000000000001,1.2,1.43,sl,-5.9,-84.37,False,2025-12-30 02:45:00,2025-12-30 02:30:00,high_vol,bear,8418.729999999985,8334.359999999984
sell,high_vol_bear,ema_flipped,0.8836,1.16578,10.6,15.899999999999999,1.2,0.66,timeout,-3.5,-23.1,False,2026-01-12 03:45:00,2026-01-12 03:30:00,high_vol,bear,8334.359999999984,8311.259999999984
sell,high_vol_bear,ema_flipped,0.9425,1.17117,9.3,13.950000000000001,1.2,0.82,sl,-9.3,-76.26,False,2026-01-21 13:30:00,2026-01-21 13:15:00,high_vol,bear,8311.259999999984,8234.999999999984
buy,high_vol_bull,ema_flipped,1.0,1.19387,21.9,32.849999999999994,1.2,0.38,timeout,-2.4,-9.12,False,2026-01-28 17:15:00,2026-01-28 17:00:00,high_vol,bull,8234.999999999984,8225.879999999983
buy,high_vol_bull,ema_flipped,0.8831,1.19434,15.7,23.549999999999997,1.2,0.44,tp,23.55,103.62,True,2026-01-29 13:00:00,2026-01-29 12:45:00,high_vol,bull,8225.879999999983,8329.499999999984
sell,high_vol_bear,ema_flipped,0.9999,1.19695,10.6,15.899999999999999,1.2,0.79,tp,15.9,125.61,True,2026-01-30 00:00:00,2026-01-29 23:45:00,high_vol,bear,8329.499999999984,8455.109999999984
buy,high_vol_bull,ema_flipped,1.0,1.1933,10.3,15.450000000000001,1.2,0.82,sl,-10.3,-84.46,False,2026-01-30 03:00:00,2026-01-30 02:45:00,high_vol,bull,8455.109999999984,8370.649999999985
sell,high_vol_bear,ema_flipped,0.9989,1.18067,17.8,26.700000000000003,1.2,0.47,tp,26.7,125.49,True,2026-02-05 17:15:00,2026-02-05 17:00:00,high_vol,bear,8370.649999999985,8496.139999999985
sell,high_vol_bear,ema_flipped,1.0,1.19019,9.4,14.100000000000001,1.2,0.9,tp,14.1,126.9,True,2026-02-10 22:00:00,2026-02-10 21:45:00,high_vol,bear,8496.139999999985,8623.039999999985
buy,high_vol_bull,ema_flipped,1.0,1.18676,16.3,24.450000000000003,1.2,0.53,sl,-16.3,-86.39,False,2026-02-11 15:45:00,2026-02-11 15:30:00,high_vol,bull,8623.039999999985,8536.649999999985
sell,high_vol_bear,ema_flipped,0.8366,1.18122,10.7,16.049999999999997,1.2,0.61,sl,-10.7,-65.27,False,2026-02-27 16:45:00,2026-02-27 16:30:00,high_vol,bear,8536.649999999985,8471.379999999985
sell,high_vol_bear,ema_flipped,1.0,1.18068,13.0,19.5,1.2,0.65,sl,-13.0,-84.5,False,2026-02-27 17:30:00,2026-02-27 17:15:00,high_vol,bear,8471.379999999985,8386.879999999985
sell,high_vol_bear,ema_flipped,1.0,1.16442,20.3,30.450000000000003,1.2,0.41,timeout,14.8,60.68,True,2026-03-04 13:15:00,2026-03-04 13:00:00,high_vol,bear,8386.879999999985,8447.559999999985
sell,high_vol_bear,ema_flipped,1.0,1.15777,16.9,25.349999999999998,1.2,0.5,tp,25.35,126.75,True,2026-03-09 16:45:00,2026-03-09 16:30:00,high_vol,bear,8447.559999999985,8574.309999999985
sell,high_vol_bear,ema_flipped,0.9875,1.14734,13.7,20.549999999999997,1.2,0.61,sl,-13.7,-83.57,False,2026-03-16 14:30:00,2026-03-16 14:15:00,high_vol,bear,8574.309999999985,8490.739999999985
buy,high_vol_bull,ema_flipped,0.7816,1.15081,18.8,28.200000000000003,1.2,0.31,sl,-18.8,-58.28,False,2026-03-18 16:30:00,2026-03-18 16:15:00,high_vol,bull,8490.739999999985,8432.459999999985
sell,high_vol_bear,ema_flipped,1.0,1.15041,26.0,39.0,1.2,0.32,sl,-26.0,-83.2,False,2026-03-19 17:30:00,2026-03-19 17:15:00,high_vol,bear,8432.459999999985,8349.259999999984
sell,high_vol_bear,ema_flipped,1.0,1.15562,18.0,27.0,1.2,0.46,timeout,7.9,36.34,True,2026-03-20 19:15:00,2026-03-20 19:00:00,high_vol,bear,8349.259999999984,8385.599999999984
buy,high_vol_bull,ema_flipped,0.9934,1.15401,14.9,22.35,1.2,0.56,tp,22.35,125.16,True,2026-03-23 01:00:00,2026-03-23 00:45:00,high_vol,bull,8385.599999999984,8510.759999999984
sell,high_vol_bear,ema_flipped,1.0,1.15919,17.4,26.099999999999998,1.2,0.49,tp,26.1,127.89,True,2026-03-24 17:45:00,2026-03-24 17:30:00,high_vol,bear,8510.759999999984,8638.649999999983
sell,high_vol_bear,ema_flipped,1.0,1.15902,18.7,28.049999999999997,1.2,0.46,tp,28.05,129.03,True,2026-03-24 19:30:00,2026-03-24 19:15:00,high_vol,bear,8638.649999999983,8767.679999999984
buy,high_vol_bull,ema_flipped,1.0,1.16743,13.6,20.4,1.2,0.64,tp,20.4,130.56,True,2026-04-13 01:15:00,2026-04-13 01:00:00,high_vol,bull,8767.679999999984,8898.239999999983
